source_page_url,source_page_label,source_table_index,fiction_work_raw,book_publication_year_guess,film_adaptation_raw,film_release_year_guess,adaptation_line_number,is_movie_1980_2024_guess
"https://en.wikipedia.org/wiki/List_of_fiction_works_made_into_feature_films_(0%E2%80%939,_A%E2%80%93C)","List_of_fiction_works_made_into_feature_films_(0–9,_A–C)",2,"The 25th Hour (2001), David Benioff",2001.0,25th Hour (2002),2002.0,1,True
"https://en.wikipedia.org/wiki/List_of_fiction_works_made_into_feature_films_(0%E2%80%939,_A%E2%80%93C)","List_of_fiction_works_made_into_feature_films_(0–9,_A–C)",2,"3 Assassins (グラスホッパー, Gurasuhoppā) (2004), Kōtarō Isaka",2004.0,Grasshopper (2015),2015.0,1,True
"https://en.wikipedia.org/wiki/List_of_fiction_works_made_into_feature_films_(0%E2%80%939,_A%E2%80%93C)","List_of_fiction_works_made_into_feature_films_(0–9,_A–C)",2,"4.50 from Paddington (1957), Agatha Christie",1957.0,Crime Is Our Business (French: Le Crime est notre affaire) (2008),2008.0,1,True
"https://en.wikipedia.org/wiki/List_of_fiction_works_made_into_feature_films_(0%E2%80%939,_A%E2%80%93C)","List_of_fiction_works_made_into_feature_films_(0–9,_A–C)",2,"58 Minutes (1987), Walter Wager",1987.0,Die Hard 2 (1990),1990.0,1,True
"https://en.wikipedia.org/wiki/List_of_fiction_works_made_into_feature_films_(0%E2%80%939,_A%E2%80%93C)","List_of_fiction_works_made_into_feature_films_(0–9,_A–C)",2,"69 (シクスティナイン, Shikusutinain) (1987), Ryu Murakami",1987.0,69 (2004),2004.0,1,True
"https://en.wikipedia.org/wiki/List_of_fiction_works_made_into_feature_films_(0%E2%80%939,_A%E2%80%93C)","List_of_fiction_works_made_into_feature_films_(0–9,_A–C)",3,"À ton image (1998), Louise L. Lambrichs",1998.0,À ton image (2004),2004.0,1,True
"https://en.wikipedia.org/wiki/List_of_fiction_works_made_into_feature_films_(0%E2%80%939,_A%E2%80%93C)","List_of_fiction_works_made_into_feature_films_(0–9,_A–C)",3,"About a Boy (1998), Nick Hornby",1998.0,About a Boy (2002),2002.0,1,True
"https://en.wikipedia.org/wiki/List_of_fiction_works_made_into_feature_films_(0%E2%80%939,_A%E2%80%93C)","List_of_fiction_works_made_into_feature_films_(0–9,_A–C)",3,"About Schmidt (1996), Louis Begley",1996.0,About Schmidt (2002),2002.0,1,True
"https://en.wikipedia.org/wiki/List_of_fiction_works_made_into_feature_films_(0%E2%80%939,_A%E2%80%93C)","List_of_fiction_works_made_into_feature_films_(0–9,_A–C)",3,"Absolute Power (1996), David Baldacci",1996.0,Absolute Power (1997),1997.0,1,True
"https://en.wikipedia.org/wiki/List_of_fiction_works_made_into_feature_films_(0%E2%80%939,_A%E2%80%93C)","List_of_fiction_works_made_into_feature_films_(0–9,_A–C)",3,"The Accidental Tourist (1985), Anne Tyler",1985.0,The Accidental Tourist (1988),1988.0,1,True
"https://en.wikipedia.org/wiki/List_of_fiction_works_made_into_feature_films_(0%E2%80%939,_A%E2%80%93C)","List_of_fiction_works_made_into_feature_films_(0–9,_A–C)",3,"Adam Resurrected (Hebrew: אדם בן כלב) (1969), Yoram Kaniuk",1969.0,Adam Resurrected (2009),2009.0,1,True
"https://en.wikipedia.org/wiki/List_of_fiction_works_made_into_feature_films_(0%E2%80%939,_A%E2%80%93C)","List_of_fiction_works_made_into_feature_films_(0–9,_A–C)",3,"Adams Fall (2000), Sean Desmond",2000.0,Abandon (2002),2002.0,1,True
"https://en.wikipedia.org/wiki/List_of_fiction_works_made_into_feature_films_(0%E2%80%939,_A%E2%80%93C)","List_of_fiction_works_made_into_feature_films_(0–9,_A–C)",3,"Adiliya by the River (1999), Jin Renshun",1999.0,Green Tea (2003),2003.0,1,True
"https://en.wikipedia.org/wiki/List_of_fiction_works_made_into_feature_films_(0%E2%80%939,_A%E2%80%93C)","List_of_fiction_works_made_into_feature_films_(0–9,_A–C)",3,"Adolphe (1816), Benjamin Constant",1816.0,Adolphe (2002),2002.0,1,True
"https://en.wikipedia.org/wiki/List_of_fiction_works_made_into_feature_films_(0%E2%80%939,_A%E2%80%93C)","List_of_fiction_works_made_into_feature_films_(0–9,_A–C)",3,"The Adventures of Captain Alatriste (Spanish: Las aventuras del capitán Alatriste) (1996–present) (series), Arturo Pérez-Reverte",1996.0,Alatriste (2006),2006.0,1,True
"https://en.wikipedia.org/wiki/List_of_fiction_works_made_into_feature_films_(0%E2%80%939,_A%E2%80%93C)","List_of_fiction_works_made_into_feature_films_(0–9,_A–C)",3,"Adventures of Huckleberry Finn (1884), Mark Twain",1884.0,The Adventures of Huckleberry Finn (1981),1981.0,1,True
"https://en.wikipedia.org/wiki/List_of_fiction_works_made_into_feature_films_(0%E2%80%939,_A%E2%80%93C)","List_of_fiction_works_made_into_feature_films_(0–9,_A–C)",3,"Adventures of Huckleberry Finn (1884), Mark Twain",1884.0,Adventures of Huckleberry Finn (1985),1985.0,1,True
"https://en.wikipedia.org/wiki/List_of_fiction_works_made_into_feature_films_(0%E2%80%939,_A%E2%80%93C)","List_of_fiction_works_made_into_feature_films_(0–9,_A–C)",3,"Adventures of Huckleberry Finn (1884), Mark Twain",1884.0,The Adventures of Huck Finn (1993),1993.0,1,True
"https://en.wikipedia.org/wiki/List_of_fiction_works_made_into_feature_films_(0%E2%80%939,_A%E2%80%93C)","List_of_fiction_works_made_into_feature_films_(0–9,_A–C)",3,"Adventures of Huckleberry Finn (1884), Mark Twain",1884.0,Tom and Huck (1995),1995.0,1,True
"https://en.wikipedia.org/wiki/List_of_fiction_works_made_into_feature_films_(0%E2%80%939,_A%E2%80%93C)","List_of_fiction_works_made_into_feature_films_(0–9,_A–C)",3,"The Adventures of Pinocchio (Italian: Le avventure di Pinocchio. Storia di un burattino) (1883), Carlo Collodi",1883.0,Pinocchio's Christmas (1980),1980.0,1,True
"https://en.wikipedia.org/wiki/List_of_fiction_works_made_into_feature_films_(0%E2%80%939,_A%E2%80%93C)","List_of_fiction_works_made_into_feature_films_(0–9,_A–C)",3,"The Adventures of Pinocchio (Italian: Le avventure di Pinocchio. Storia di un burattino) (1883), Carlo Collodi",1883.0,The Adventures of Pinocchio (1984),1984.0,1,True
"https://en.wikipedia.org/wiki/List_of_fiction_works_made_into_feature_films_(0%E2%80%939,_A%E2%80%93C)","List_of_fiction_works_made_into_feature_films_(0–9,_A–C)",3,"The Adventures of Pinocchio (Italian: Le avventure di Pinocchio. Storia di un burattino) (1883), Carlo Collodi",1883.0,Pinocchio and the Emperor of the Night (1987),1987.0,1,True
"https://en.wikipedia.org/wiki/List_of_fiction_works_made_into_feature_films_(0%E2%80%939,_A%E2%80%93C)","List_of_fiction_works_made_into_feature_films_(0–9,_A–C)",3,"The Adventures of Pinocchio (Italian: Le avventure di Pinocchio. Storia di un burattino) (1883), Carlo Collodi",1883.0,Pinocchio (1993),1993.0,1,True
"https://en.wikipedia.org/wiki/List_of_fiction_works_made_into_feature_films_(0%E2%80%939,_A%E2%80%93C)","List_of_fiction_works_made_into_feature_films_(0–9,_A–C)",3,"The Adventures of Pinocchio (Italian: Le avventure di Pinocchio. Storia di un burattino) (1883), Carlo Collodi",1883.0,The Adventures of Pinocchio (1996),1996.0,1,True
"https://en.wikipedia.org/wiki/List_of_fiction_works_made_into_feature_films_(0%E2%80%939,_A%E2%80%93C)","List_of_fiction_works_made_into_feature_films_(0–9,_A–C)",3,"The Adventures of Pinocchio (Italian: Le avventure di Pinocchio. Storia di un burattino) (1883), Carlo Collodi",1883.0,The New Adventures of Pinocchio (1999),1999.0,1,True
"https://en.wikipedia.org/wiki/List_of_fiction_works_made_into_feature_films_(0%E2%80%939,_A%E2%80%93C)","List_of_fiction_works_made_into_feature_films_(0–9,_A–C)",3,"The Adventures of Pinocchio (Italian: Le avventure di Pinocchio. Storia di un burattino) (1883), Carlo Collodi",1883.0,"Pinocchio, ovvero lo spettacolo della Provvidenza (1999)",1999.0,1,True
"https://en.wikipedia.org/wiki/List_of_fiction_works_made_into_feature_films_(0%E2%80%939,_A%E2%80%93C)","List_of_fiction_works_made_into_feature_films_(0–9,_A–C)",3,"The Adventures of Pinocchio (Italian: Le avventure di Pinocchio. Storia di un burattino) (1883), Carlo Collodi",1883.0,Geppetto (2000),2000.0,1,True
"https://en.wikipedia.org/wiki/List_of_fiction_works_made_into_feature_films_(0%E2%80%939,_A%E2%80%93C)","List_of_fiction_works_made_into_feature_films_(0–9,_A–C)",3,"The Adventures of Pinocchio (Italian: Le avventure di Pinocchio. Storia di un burattino) (1883), Carlo Collodi",1883.0,Pinocchio (2002),2002.0,1,True
"https://en.wikipedia.org/wiki/List_of_fiction_works_made_into_feature_films_(0%E2%80%939,_A%E2%80%93C)","List_of_fiction_works_made_into_feature_films_(0–9,_A–C)",3,"The Adventures of Pinocchio (Italian: Le avventure di Pinocchio. Storia di un burattino) (1883), Carlo Collodi",1883.0,Pinocchio 3000 (2004),2004.0,1,True
"https://en.wikipedia.org/wiki/List_of_fiction_works_made_into_feature_films_(0%E2%80%939,_A%E2%80%93C)","List_of_fiction_works_made_into_feature_films_(0–9,_A–C)",3,"The Adventures of Pinocchio (Italian: Le avventure di Pinocchio. Storia di un burattino) (1883), Carlo Collodi",1883.0,Welcome Back Pinocchio (Italian: Bentornato Pinocchio) (2007),2007.0,1,True
"https://en.wikipedia.org/wiki/List_of_fiction_works_made_into_feature_films_(0%E2%80%939,_A%E2%80%93C)","List_of_fiction_works_made_into_feature_films_(0–9,_A–C)",3,"The Adventures of Pinocchio (Italian: Le avventure di Pinocchio. Storia di un burattino) (1883), Carlo Collodi",1883.0,Pinocchio (2008),2008.0,1,True
"https://en.wikipedia.org/wiki/List_of_fiction_works_made_into_feature_films_(0%E2%80%939,_A%E2%80%93C)","List_of_fiction_works_made_into_feature_films_(0–9,_A–C)",3,"The Adventures of Pinocchio (Italian: Le avventure di Pinocchio. Storia di un burattino) (1883), Carlo Collodi",1883.0,Pistachio – The Little Boy That Woodn't (2010),2010.0,1,True
"https://en.wikipedia.org/wiki/List_of_fiction_works_made_into_feature_films_(0%E2%80%939,_A%E2%80%93C)","List_of_fiction_works_made_into_feature_films_(0–9,_A–C)",3,"The Adventures of Pinocchio (Italian: Le avventure di Pinocchio. Storia di un burattino) (1883), Carlo Collodi",1883.0,Pinocchio (2012),2012.0,1,True
"https://en.wikipedia.org/wiki/List_of_fiction_works_made_into_feature_films_(0%E2%80%939,_A%E2%80%93C)","List_of_fiction_works_made_into_feature_films_(0–9,_A–C)",3,"The Adventures of Pinocchio (Italian: Le avventure di Pinocchio. Storia di un burattino) (1883), Carlo Collodi",1883.0,Pinocchio (2019),2019.0,1,True
"https://en.wikipedia.org/wiki/List_of_fiction_works_made_into_feature_films_(0%E2%80%939,_A%E2%80%93C)","List_of_fiction_works_made_into_feature_films_(0–9,_A–C)",3,"The Adventures of Pinocchio (Italian: Le avventure di Pinocchio. Storia di un burattino) (1883), Carlo Collodi",1883.0,Pinocchio: A True Story (2022),2022.0,1,True
"https://en.wikipedia.org/wiki/List_of_fiction_works_made_into_feature_films_(0%E2%80%939,_A%E2%80%93C)","List_of_fiction_works_made_into_feature_films_(0–9,_A–C)",3,"The Adventures of Pinocchio (Italian: Le avventure di Pinocchio. Storia di un burattino) (1883), Carlo Collodi",1883.0,Pinocchio (2022),2022.0,1,True
"https://en.wikipedia.org/wiki/List_of_fiction_works_made_into_feature_films_(0%E2%80%939,_A%E2%80%93C)","List_of_fiction_works_made_into_feature_films_(0–9,_A–C)",3,"The Adventures of Pinocchio (Italian: Le avventure di Pinocchio. Storia di un burattino) (1883), Carlo Collodi",1883.0,Guillermo del Toro's Pinocchio (2022),2022.0,1,True
"https://en.wikipedia.org/wiki/List_of_fiction_works_made_into_feature_films_(0%E2%80%939,_A%E2%80%93C)","List_of_fiction_works_made_into_feature_films_(0–9,_A–C)",3,"The Adventures of Sherlock Holmes (serialised 1891–1892, published as a book 1892), Arthur Conan Doyle",1891.0,The Blue Carbuncle (Russian: Голубой карбункул) (1980),1980.0,1,True
"https://en.wikipedia.org/wiki/List_of_fiction_works_made_into_feature_films_(0%E2%80%939,_A%E2%80%93C)","List_of_fiction_works_made_into_feature_films_(0–9,_A–C)",3,"The Adventures of Tom Sawyer (1876), Mark Twain",1876.0,Rascals and Robbers: The Secret Adventures of Tom Sawyer and Huckleberry Finn (1982),1982.0,1,True
"https://en.wikipedia.org/wiki/List_of_fiction_works_made_into_feature_films_(0%E2%80%939,_A%E2%80%93C)","List_of_fiction_works_made_into_feature_films_(0–9,_A–C)",3,"The Adventures of Tom Sawyer (1876), Mark Twain",1876.0,Tom Sawyer (1984),1984.0,1,True
"https://en.wikipedia.org/wiki/List_of_fiction_works_made_into_feature_films_(0%E2%80%939,_A%E2%80%93C)","List_of_fiction_works_made_into_feature_films_(0–9,_A–C)",3,"The Adventures of Tom Sawyer (1876), Mark Twain",1876.0,The Adventures of Mark Twain (1986),1986.0,1,True
"https://en.wikipedia.org/wiki/List_of_fiction_works_made_into_feature_films_(0%E2%80%939,_A%E2%80%93C)","List_of_fiction_works_made_into_feature_films_(0–9,_A–C)",3,"The Adventures of Tom Sawyer (1876), Mark Twain",1876.0,Back to Hannibal: The Return of Tom Sawyer and Huckleberry Finn (1990),1990.0,1,True
"https://en.wikipedia.org/wiki/List_of_fiction_works_made_into_feature_films_(0%E2%80%939,_A%E2%80%93C)","List_of_fiction_works_made_into_feature_films_(0–9,_A–C)",3,"The Adventures of Tom Sawyer (1876), Mark Twain",1876.0,Tom and Huck (1995),1995.0,1,True
"https://en.wikipedia.org/wiki/List_of_fiction_works_made_into_feature_films_(0%E2%80%939,_A%E2%80%93C)","List_of_fiction_works_made_into_feature_films_(0–9,_A–C)",3,"The Adventures of Tom Sawyer (1876), Mark Twain",1876.0,The Animated Adventures of Tom Sawyer (1998),1998.0,1,True
"https://en.wikipedia.org/wiki/List_of_fiction_works_made_into_feature_films_(0%E2%80%939,_A%E2%80%93C)","List_of_fiction_works_made_into_feature_films_(0–9,_A–C)",3,"The Adventures of Tom Sawyer (1876), Mark Twain",1876.0,The Modern Adventures of Tom Sawyer (1998),1998.0,1,True
"https://en.wikipedia.org/wiki/List_of_fiction_works_made_into_feature_films_(0%E2%80%939,_A%E2%80%93C)","List_of_fiction_works_made_into_feature_films_(0–9,_A–C)",3,"The Adventures of Tom Sawyer (1876), Mark Twain",1876.0,Tom Sawyer (2000),2000.0,1,True
"https://en.wikipedia.org/wiki/List_of_fiction_works_made_into_feature_films_(0%E2%80%939,_A%E2%80%93C)","List_of_fiction_works_made_into_feature_films_(0–9,_A–C)",3,"The Adventures of Tom Sawyer (1876), Mark Twain",1876.0,Tom Sawyer & Huckleberry Finn (2014),2014.0,1,True
"https://en.wikipedia.org/wiki/List_of_fiction_works_made_into_feature_films_(0%E2%80%939,_A%E2%80%93C)","List_of_fiction_works_made_into_feature_films_(0–9,_A–C)",3,"The Adventures of Tom Sawyer (1876), Mark Twain",1876.0,Band of Robbers (2015),2015.0,1,True
"https://en.wikipedia.org/wiki/List_of_fiction_works_made_into_feature_films_(0%E2%80%939,_A%E2%80%93C)","List_of_fiction_works_made_into_feature_films_(0–9,_A–C)",3,"After (2014), Anna Todd",2014.0,After (2019),2019.0,1,True
"https://en.wikipedia.org/wiki/List_of_fiction_works_made_into_feature_films_(0%E2%80%939,_A%E2%80%93C)","List_of_fiction_works_made_into_feature_films_(0–9,_A–C)",3,"After Dark, My Sweet (1955), Jim Thompson",1955.0,"After Dark, My Sweet (1990)",1990.0,1,True
"https://en.wikipedia.org/wiki/List_of_fiction_works_made_into_feature_films_(0%E2%80%939,_A%E2%80%93C)","List_of_fiction_works_made_into_feature_films_(0–9,_A–C)",3,"After Ever Happy (2015), Anna Todd",2015.0,After Ever Happy (2022),2022.0,1,True
"https://en.wikipedia.org/wiki/List_of_fiction_works_made_into_feature_films_(0%E2%80%939,_A%E2%80%93C)","List_of_fiction_works_made_into_feature_films_(0–9,_A–C)",3,"After Everything (2015), Anna Todd",2015.0,After Everything (2023),2023.0,1,True
"https://en.wikipedia.org/wiki/List_of_fiction_works_made_into_feature_films_(0%E2%80%939,_A%E2%80%93C)","List_of_fiction_works_made_into_feature_films_(0–9,_A–C)",3,"After Hours (1979), Edwin Torres",1979.0,Carlito's Way (1993),1993.0,1,True
"https://en.wikipedia.org/wiki/List_of_fiction_works_made_into_feature_films_(0%E2%80%939,_A%E2%80%93C)","List_of_fiction_works_made_into_feature_films_(0–9,_A–C)",3,"After We Collided (2014), Anna Todd",2014.0,After We Collided (2020),2020.0,1,True
"https://en.wikipedia.org/wiki/List_of_fiction_works_made_into_feature_films_(0%E2%80%939,_A%E2%80%93C)","List_of_fiction_works_made_into_feature_films_(0–9,_A–C)",3,"After We Fell (2014), Anna Todd",2014.0,After We Fell (2021),2021.0,1,True
"https://en.wikipedia.org/wiki/List_of_fiction_works_made_into_feature_films_(0%E2%80%939,_A%E2%80%93C)","List_of_fiction_works_made_into_feature_films_(0–9,_A–C)",3,"The Age of Innocence (1921), Edith Wharton",1921.0,The Age of Innocence (1993),1993.0,1,True
"https://en.wikipedia.org/wiki/List_of_fiction_works_made_into_feature_films_(0%E2%80%939,_A%E2%80%93C)","List_of_fiction_works_made_into_feature_films_(0–9,_A–C)",3,"Aimez-vous Brahms? (1959), Françoise Sagan",1959.0,Jahan Tum Le Chalo (1999),1999.0,1,True
"https://en.wikipedia.org/wiki/List_of_fiction_works_made_into_feature_films_(0%E2%80%939,_A%E2%80%93C)","List_of_fiction_works_made_into_feature_films_(0–9,_A–C)",3,"Airborn (2004), Kenneth Oppel",2004.0,Airborn (2012),2012.0,1,True
"https://en.wikipedia.org/wiki/List_of_fiction_works_made_into_feature_films_(0%E2%80%939,_A%E2%80%93C)","List_of_fiction_works_made_into_feature_films_(0–9,_A–C)",3,"Allan Quatermain (1887), Sir H. Rider Haggard",1887.0,Allan Quatermain and the Lost City of Gold (1987),1987.0,1,True
"https://en.wikipedia.org/wiki/List_of_fiction_works_made_into_feature_films_(0%E2%80%939,_A%E2%80%93C)","List_of_fiction_works_made_into_feature_films_(0–9,_A–C)",3,"All Men Are Mortal (French: Tous les hommes sont mortels) (1946), Simone de Beauvoir",1946.0,All Men Are Mortal (1995),1995.0,1,True
"https://en.wikipedia.org/wiki/List_of_fiction_works_made_into_feature_films_(0%E2%80%939,_A%E2%80%93C)","List_of_fiction_works_made_into_feature_films_(0–9,_A–C)",3,"All the King's Men (1946), Robert Penn Warren",1946.0,All the King's Men (2006),2006.0,1,True
"https://en.wikipedia.org/wiki/List_of_fiction_works_made_into_feature_films_(0%E2%80%939,_A%E2%80%93C)","List_of_fiction_works_made_into_feature_films_(0–9,_A–C)",3,"All Quiet on the Western Front (German: Im Westen nichts Neues) (1929), Erich Maria Remarque",1929.0,All Quiet on the Western Front (2022),2022.0,1,True
"https://en.wikipedia.org/wiki/List_of_fiction_works_made_into_feature_films_(0%E2%80%939,_A%E2%80%93C)","List_of_fiction_works_made_into_feature_films_(0–9,_A–C)",3,"All She Was Worth (火車, Kasha) (1992), Miyuki Miyabe",1992.0,Kasha: Kâdo hasan no onna! (1994),1994.0,1,True
"https://en.wikipedia.org/wiki/List_of_fiction_works_made_into_feature_films_(0%E2%80%939,_A%E2%80%93C)","List_of_fiction_works_made_into_feature_films_(0–9,_A–C)",3,"All She Was Worth (火車, Kasha) (1992), Miyuki Miyabe",1992.0,Helpless (Korean: 화차; RR: Hwa-cha) (2012),2012.0,1,True
"https://en.wikipedia.org/wiki/List_of_fiction_works_made_into_feature_films_(0%E2%80%939,_A%E2%80%93C)","List_of_fiction_works_made_into_feature_films_(0–9,_A–C)",3,"All the Pretty Horses (1992), Cormac McCarthy",1992.0,All the Pretty Horses (2000),2000.0,1,True
"https://en.wikipedia.org/wiki/List_of_fiction_works_made_into_feature_films_(0%E2%80%939,_A%E2%80%93C)","List_of_fiction_works_made_into_feature_films_(0–9,_A–C)",3,"All the Way (2001), Andy Behrens",2001.0,Sex Drive (2008),2008.0,1,True
"https://en.wikipedia.org/wiki/List_of_fiction_works_made_into_feature_films_(0%E2%80%939,_A%E2%80%93C)","List_of_fiction_works_made_into_feature_films_(0–9,_A–C)",3,"All You Need Is Kill (2009), Hiroshi Sakurazaka",2009.0,Edge of Tomorrow (2014),2014.0,1,True
"https://en.wikipedia.org/wiki/List_of_fiction_works_made_into_feature_films_(0%E2%80%939,_A%E2%80%93C)","List_of_fiction_works_made_into_feature_films_(0–9,_A–C)",3,"Almayer's Folly (1895), Joseph Conrad",1895.0,Hanyut (2011),2011.0,1,True
"https://en.wikipedia.org/wiki/List_of_fiction_works_made_into_feature_films_(0%E2%80%939,_A%E2%80%93C)","List_of_fiction_works_made_into_feature_films_(0–9,_A–C)",3,"Almayer's Folly (1895), Joseph Conrad",1895.0,Almayer's Folly (2011),2011.0,1,True
"https://en.wikipedia.org/wiki/List_of_fiction_works_made_into_feature_films_(0%E2%80%939,_A%E2%80%93C)","List_of_fiction_works_made_into_feature_films_(0–9,_A–C)",3,"Along Came a Spider (1993), James Patterson",1993.0,Along Came a Spider (2001),2001.0,1,True
"https://en.wikipedia.org/wiki/List_of_fiction_works_made_into_feature_films_(0%E2%80%939,_A%E2%80%93C)","List_of_fiction_works_made_into_feature_films_(0–9,_A–C)",3,"Altered States (1978), Paddy Chayefsky",1978.0,Altered States (1980),1980.0,1,True
"https://en.wikipedia.org/wiki/List_of_fiction_works_made_into_feature_films_(0%E2%80%939,_A%E2%80%93C)","List_of_fiction_works_made_into_feature_films_(0–9,_A–C)",3,"Always Outnumbered, Always Outgunned (1987), Walter Mosley",1987.0,Always Outnumbered (1998),1998.0,1,True
"https://en.wikipedia.org/wiki/List_of_fiction_works_made_into_feature_films_(0%E2%80%939,_A%E2%80%93C)","List_of_fiction_works_made_into_feature_films_(0–9,_A–C)",3,"The Alzheimer Case (Dutch: De zaak Alzheimer) (2000), Jef Geeraerts",2000.0,The Alzheimer Case (2003),2003.0,1,True
"https://en.wikipedia.org/wiki/List_of_fiction_works_made_into_feature_films_(0%E2%80%939,_A%E2%80%93C)","List_of_fiction_works_made_into_feature_films_(0–9,_A–C)",3,"The Alzheimer Case (Dutch: De zaak Alzheimer) (2000), Jef Geeraerts",2000.0,Memory (2022),2022.0,1,True
"https://en.wikipedia.org/wiki/List_of_fiction_works_made_into_feature_films_(0%E2%80%939,_A%E2%80%93C)","List_of_fiction_works_made_into_feature_films_(0–9,_A–C)",3,"The Amateur (Spanish: El Amateur) (1990), Mauricio Dayub",1990.0,The Amateur (Spanish: El Amateur) (1999),1999.0,1,True
"https://en.wikipedia.org/wiki/List_of_fiction_works_made_into_feature_films_(0%E2%80%939,_A%E2%80%93C)","List_of_fiction_works_made_into_feature_films_(0–9,_A–C)",3,"American Knees (1995), Shawn Wong",1995.0,Americanese (2006),2006.0,1,True
"https://en.wikipedia.org/wiki/List_of_fiction_works_made_into_feature_films_(0%E2%80%939,_A%E2%80%93C)","List_of_fiction_works_made_into_feature_films_(0–9,_A–C)",3,"American Psycho (1991), Bret Easton Ellis",1991.0,American Psycho (2000),2000.0,1,True
"https://en.wikipedia.org/wiki/List_of_fiction_works_made_into_feature_films_(0%E2%80%939,_A%E2%80%93C)","List_of_fiction_works_made_into_feature_films_(0–9,_A–C)",3,"American Psycho (1991), Bret Easton Ellis",1991.0,American Psycho 2: All-American Girl (2002),2002.0,1,True
"https://en.wikipedia.org/wiki/List_of_fiction_works_made_into_feature_films_(0%E2%80%939,_A%E2%80%93C)","List_of_fiction_works_made_into_feature_films_(0–9,_A–C)",3,"American Splendor (1976–2008), Harvey Pekar",1976.0,American Splendor (2003),2003.0,1,True
"https://en.wikipedia.org/wiki/List_of_fiction_works_made_into_feature_films_(0%E2%80%939,_A%E2%80%93C)","List_of_fiction_works_made_into_feature_films_(0–9,_A–C)",3,"Amerika (1927), Franz Kafka",1927.0,Klassenverhältnisse (Class Relations) (1984),1984.0,1,True
"https://en.wikipedia.org/wiki/List_of_fiction_works_made_into_feature_films_(0%E2%80%939,_A%E2%80%93C)","List_of_fiction_works_made_into_feature_films_(0–9,_A–C)",3,"Amerika (1927), Franz Kafka",1927.0,Intervista (1987),1987.0,1,True
"https://en.wikipedia.org/wiki/List_of_fiction_works_made_into_feature_films_(0%E2%80%939,_A%E2%80%93C)","List_of_fiction_works_made_into_feature_films_(0–9,_A–C)",3,"Amerika (1927), Franz Kafka",1927.0,Amerika (1994),1994.0,1,True
"https://en.wikipedia.org/wiki/List_of_fiction_works_made_into_feature_films_(0%E2%80%939,_A%E2%80%93C)","List_of_fiction_works_made_into_feature_films_(0–9,_A–C)",3,"The Amityville Horror (1977), Jay Anson",1977.0,The Amityville Horror (2005),2005.0,1,True
"https://en.wikipedia.org/wiki/List_of_fiction_works_made_into_feature_films_(0%E2%80%939,_A%E2%80%93C)","List_of_fiction_works_made_into_feature_films_(0–9,_A–C)",3,"Amu (2005), Shonali Bose",2005.0,Amu (2005),2005.0,1,True
"https://en.wikipedia.org/wiki/List_of_fiction_works_made_into_feature_films_(0%E2%80%939,_A%E2%80%93C)","List_of_fiction_works_made_into_feature_films_(0–9,_A–C)",3,"An Ancient Tale: A Novel in Polish History (Polish: Stara baśń. Powieść z dziejów Polski) (1876), Józef Ignacy Kraszewski",1876.0,An Ancient Tale: When the Sun Was a God (Polish: Stara baśń: Kiedy słońce było bogiem) (2003),2003.0,1,True
"https://en.wikipedia.org/wiki/List_of_fiction_works_made_into_feature_films_(0%E2%80%939,_A%E2%80%93C)","List_of_fiction_works_made_into_feature_films_(0–9,_A–C)",3,"And Then There Were None (1939), Agatha Christie",1939.0,Desyat Negrityat (1987),1987.0,1,True
"https://en.wikipedia.org/wiki/List_of_fiction_works_made_into_feature_films_(0%E2%80%939,_A%E2%80%93C)","List_of_fiction_works_made_into_feature_films_(0–9,_A–C)",3,"And Then There Were None (1939), Agatha Christie",1939.0,Ten Little Indians (1989),1989.0,1,True
"https://en.wikipedia.org/wiki/List_of_fiction_works_made_into_feature_films_(0%E2%80%939,_A%E2%80%93C)","List_of_fiction_works_made_into_feature_films_(0–9,_A–C)",3,"And Then There Were None (1939), Agatha Christie",1939.0,Identity (2003),2003.0,1,True
"https://en.wikipedia.org/wiki/List_of_fiction_works_made_into_feature_films_(0%E2%80%939,_A%E2%80%93C)","List_of_fiction_works_made_into_feature_films_(0–9,_A–C)",3,"Angel (1957), Elizabeth Taylor",1957.0,Angel (2007),2007.0,1,True
"https://en.wikipedia.org/wiki/List_of_fiction_works_made_into_feature_films_(0%E2%80%939,_A%E2%80%93C)","List_of_fiction_works_made_into_feature_films_(0–9,_A–C)",3,"Angel Square (1987), Brian Doyle",1987.0,Angel Square (1990),1990.0,1,True
"https://en.wikipedia.org/wiki/List_of_fiction_works_made_into_feature_films_(0%E2%80%939,_A%E2%80%93C)","List_of_fiction_works_made_into_feature_films_(0–9,_A–C)",3,"Angels & Demons (2000), Dan Brown",2000.0,Angels & Demons (2009),2009.0,1,True
"https://en.wikipedia.org/wiki/List_of_fiction_works_made_into_feature_films_(0%E2%80%939,_A%E2%80%93C)","List_of_fiction_works_made_into_feature_films_(0–9,_A–C)",3,"Anglo-Saxon Attitudes (1956), Angus Wilson",1956.0,Anglo-Saxon Attitudes (1992),1992.0,1,True
"https://en.wikipedia.org/wiki/List_of_fiction_works_made_into_feature_films_(0%E2%80%939,_A%E2%80%93C)","List_of_fiction_works_made_into_feature_films_(0–9,_A–C)",3,"Anime Supremacy! (ハケンアニメ!, Haken Anime!) (2014), Mizuki Tsujimura",2014.0,Anime Supremacy! (2022),2022.0,1,True
"https://en.wikipedia.org/wiki/List_of_fiction_works_made_into_feature_films_(0%E2%80%939,_A%E2%80%93C)","List_of_fiction_works_made_into_feature_films_(0–9,_A–C)",3,"Anna and the King of Siam (1944), Margaret Landon",1944.0,The King and I (1999),1999.0,1,True
"https://en.wikipedia.org/wiki/List_of_fiction_works_made_into_feature_films_(0%E2%80%939,_A%E2%80%93C)","List_of_fiction_works_made_into_feature_films_(0–9,_A–C)",3,"Anna and the King of Siam (1944), Margaret Landon",1944.0,Anna and the King (1999),1999.0,1,True
"https://en.wikipedia.org/wiki/List_of_fiction_works_made_into_feature_films_(0%E2%80%939,_A%E2%80%93C)","List_of_fiction_works_made_into_feature_films_(0–9,_A–C)",3,"Anna Karenina (serialised 1873–1887, published as a book 1888), Leo Tolstoy",1873.0,Anna Karenina (1985),1985.0,1,True
"https://en.wikipedia.org/wiki/List_of_fiction_works_made_into_feature_films_(0%E2%80%939,_A%E2%80%93C)","List_of_fiction_works_made_into_feature_films_(0–9,_A–C)",3,"Anna Karenina (serialised 1873–1887, published as a book 1888), Leo Tolstoy",1873.0,Anna Karenina (1997),1997.0,1,True
"https://en.wikipedia.org/wiki/List_of_fiction_works_made_into_feature_films_(0%E2%80%939,_A%E2%80%93C)","List_of_fiction_works_made_into_feature_films_(0–9,_A–C)",3,"Anna Karenina (serialised 1873–1887, published as a book 1888), Leo Tolstoy",1873.0,Anna Karenina (2005),2005.0,1,True
"https://en.wikipedia.org/wiki/List_of_fiction_works_made_into_feature_films_(0%E2%80%939,_A%E2%80%93C)","List_of_fiction_works_made_into_feature_films_(0–9,_A–C)",3,"Anna Karenina (serialised 1873–1887, published as a book 1888), Leo Tolstoy",1873.0,Anna Karenina (2012),2012.0,1,True
"https://en.wikipedia.org/wiki/List_of_fiction_works_made_into_feature_films_(0%E2%80%939,_A%E2%80%93C)","List_of_fiction_works_made_into_feature_films_(0–9,_A–C)",3,"Anna to the Infinite Power (1979), Mildred Ames",1979.0,Anna to the Infinite Power (1983),1983.0,1,True
"https://en.wikipedia.org/wiki/List_of_fiction_works_made_into_feature_films_(0%E2%80%939,_A%E2%80%93C)","List_of_fiction_works_made_into_feature_films_(0–9,_A–C)",3,"Anne of Green Gables (1908), Lucy Maud Montgomery",1908.0,Anne of Green Gables (1985),1985.0,1,True
"https://en.wikipedia.org/wiki/List_of_fiction_works_made_into_feature_films_(0%E2%80%939,_A%E2%80%93C)","List_of_fiction_works_made_into_feature_films_(0–9,_A–C)",3,"Anne of Green Gables (1908), Lucy Maud Montgomery",1908.0,Anne of Avonlea (1987),1987.0,1,True
"https://en.wikipedia.org/wiki/List_of_fiction_works_made_into_feature_films_(0%E2%80%939,_A%E2%80%93C)","List_of_fiction_works_made_into_feature_films_(0–9,_A–C)",3,"Anne of Green Gables (1908), Lucy Maud Montgomery",1908.0,Anne of Green Gables: The Continuing Story (2000),2000.0,1,True
"https://en.wikipedia.org/wiki/List_of_fiction_works_made_into_feature_films_(0%E2%80%939,_A%E2%80%93C)","List_of_fiction_works_made_into_feature_films_(0–9,_A–C)",3,"Anne of Green Gables (1908), Lucy Maud Montgomery",1908.0,Anne of Green Gables: A New Beginning (2009),2009.0,1,True
"https://en.wikipedia.org/wiki/List_of_fiction_works_made_into_feature_films_(0%E2%80%939,_A%E2%80%93C)","List_of_fiction_works_made_into_feature_films_(0–9,_A–C)",3,"Annihilation (2014), Jeff VanderMeer",2014.0,Annihilation (2018),2018.0,1,True
"https://en.wikipedia.org/wiki/List_of_fiction_works_made_into_feature_films_(0%E2%80%939,_A%E2%80%93C)","List_of_fiction_works_made_into_feature_films_(0–9,_A–C)",3,"Another (アナザー, Anazā) (2009), Yukito Ayatsuji",2009.0,Another (2012),2012.0,1,True
"https://en.wikipedia.org/wiki/List_of_fiction_works_made_into_feature_films_(0%E2%80%939,_A%E2%80%93C)","List_of_fiction_works_made_into_feature_films_(0–9,_A–C)",3,"Antikiller (French: Антикиллер) (1999), Daniil Koretsky",1999.0,Antikiller (2002),2002.0,1,True
"https://en.wikipedia.org/wiki/List_of_fiction_works_made_into_feature_films_(0%E2%80%939,_A%E2%80%93C)","List_of_fiction_works_made_into_feature_films_(0–9,_A–C)",3,"Antonieta (1978), Andrés Henestrosa",1978.0,Antonieta (1982),1982.0,1,True
"https://en.wikipedia.org/wiki/List_of_fiction_works_made_into_feature_films_(0%E2%80%939,_A%E2%80%93C)","List_of_fiction_works_made_into_feature_films_(0–9,_A–C)",3,"The Apocalypse Watch (1995), Robert Ludlum",1995.0,The Apocalypse Watch (1997),1997.0,1,True
"https://en.wikipedia.org/wiki/List_of_fiction_works_made_into_feature_films_(0%E2%80%939,_A%E2%80%93C)","List_of_fiction_works_made_into_feature_films_(0–9,_A–C)",3,"The Apple Dumpling Gang (1971), Jack Bickham",1971.0,Tales from the Apple Dumpling Gang (1982),1982.0,1,True
"https://en.wikipedia.org/wiki/List_of_fiction_works_made_into_feature_films_(0%E2%80%939,_A%E2%80%93C)","List_of_fiction_works_made_into_feature_films_(0–9,_A–C)",3,"Appointment with Death (1938), Agatha Christie",1938.0,Appointment with Death (1988),1988.0,1,True
"https://en.wikipedia.org/wiki/List_of_fiction_works_made_into_feature_films_(0%E2%80%939,_A%E2%80%93C)","List_of_fiction_works_made_into_feature_films_(0–9,_A–C)",3,"Around the World in Eighty Days (French: Le tour du monde en quatre-vingts jours) (1873), Jules Verne",1873.0,Around the World in 80 Ways (1988),1988.0,1,True
"https://en.wikipedia.org/wiki/List_of_fiction_works_made_into_feature_films_(0%E2%80%939,_A%E2%80%93C)","List_of_fiction_works_made_into_feature_films_(0–9,_A–C)",3,"Around the World in Eighty Days (French: Le tour du monde en quatre-vingts jours) (1873), Jules Verne",1873.0,Around the World in 80 Days (1988),1988.0,1,True
"https://en.wikipedia.org/wiki/List_of_fiction_works_made_into_feature_films_(0%E2%80%939,_A%E2%80%93C)","List_of_fiction_works_made_into_feature_films_(0–9,_A–C)",3,"Around the World in Eighty Days (French: Le tour du monde en quatre-vingts jours) (1873), Jules Verne",1873.0,Around the World in 80 Days (German: Reise um die Erde in 80 Tagen) (1998),1998.0,1,True
"https://en.wikipedia.org/wiki/List_of_fiction_works_made_into_feature_films_(0%E2%80%939,_A%E2%80%93C)","List_of_fiction_works_made_into_feature_films_(0–9,_A–C)",3,"Around the World in Eighty Days (French: Le tour du monde en quatre-vingts jours) (1873), Jules Verne",1873.0,Tweety's High-Flying Adventure (2000),2000.0,1,True
"https://en.wikipedia.org/wiki/List_of_fiction_works_made_into_feature_films_(0%E2%80%939,_A%E2%80%93C)","List_of_fiction_works_made_into_feature_films_(0–9,_A–C)",3,"Around the World in Eighty Days (French: Le tour du monde en quatre-vingts jours) (1873), Jules Verne",1873.0,Globehunters: An Around the World in 80 Days Adventure (2002),2002.0,1,True
"https://en.wikipedia.org/wiki/List_of_fiction_works_made_into_feature_films_(0%E2%80%939,_A%E2%80%93C)","List_of_fiction_works_made_into_feature_films_(0–9,_A–C)",3,"Around the World in Eighty Days (French: Le tour du monde en quatre-vingts jours) (1873), Jules Verne",1873.0,Around the World in 80 Days (2004),2004.0,1,True
"https://en.wikipedia.org/wiki/List_of_fiction_works_made_into_feature_films_(0%E2%80%939,_A%E2%80%93C)","List_of_fiction_works_made_into_feature_films_(0–9,_A–C)",3,"Around the World in Eighty Days (French: Le tour du monde en quatre-vingts jours) (1873), Jules Verne",1873.0,Around the World in 80 Days (2021),2021.0,1,True
"https://en.wikipedia.org/wiki/List_of_fiction_works_made_into_feature_films_(0%E2%80%939,_A%E2%80%93C)","List_of_fiction_works_made_into_feature_films_(0–9,_A–C)",3,"Ask the Dust (1939), John Fante",1939.0,Ask the Dust (2006),2006.0,1,True
"https://en.wikipedia.org/wiki/List_of_fiction_works_made_into_feature_films_(0%E2%80%939,_A%E2%80%93C)","List_of_fiction_works_made_into_feature_films_(0–9,_A–C)",3,"Asking for Trouble (2001), Elizabeth Young",2001.0,The Wedding Date (2005),2005.0,1,True
"https://en.wikipedia.org/wiki/List_of_fiction_works_made_into_feature_films_(0%E2%80%939,_A%E2%80%93C)","List_of_fiction_works_made_into_feature_films_(0–9,_A–C)",3,"The Assassination of Jesse James by the Coward Robert Ford (1983), Ron Hansen",1983.0,The Assassination of Jesse James by the Coward Robert Ford (2007),2007.0,1,True
"https://en.wikipedia.org/wiki/List_of_fiction_works_made_into_feature_films_(0%E2%80%939,_A%E2%80%93C)","List_of_fiction_works_made_into_feature_films_(0–9,_A–C)",3,"The Assault (Dutch: De Aanslag) (1982), Harry Mulisch",1982.0,The Assault (1986),1986.0,1,True
"https://en.wikipedia.org/wiki/List_of_fiction_works_made_into_feature_films_(0%E2%80%939,_A%E2%80%93C)","List_of_fiction_works_made_into_feature_films_(0–9,_A–C)",3,"Asylum (1996), Patrick McGrath",1996.0,Asylum (2005),2005.0,1,True
"https://en.wikipedia.org/wiki/List_of_fiction_works_made_into_feature_films_(0%E2%80%939,_A%E2%80%93C)","List_of_fiction_works_made_into_feature_films_(0–9,_A–C)",3,"At Play in the Fields of the Lord (1965), Peter Matthiessen",1965.0,At Play in the Fields of the Lord (1991),1991.0,1,True
"https://en.wikipedia.org/wiki/List_of_fiction_works_made_into_feature_films_(0%E2%80%939,_A%E2%80%93C)","List_of_fiction_works_made_into_feature_films_(0–9,_A–C)",3,"At the Étoile du Nord (French: L'Étoile du Nord) (1854), Georges Simenon",1854.0,L'Etoile du Nord (1982),1982.0,1,True
"https://en.wikipedia.org/wiki/List_of_fiction_works_made_into_feature_films_(0%E2%80%939,_A%E2%80%93C)","List_of_fiction_works_made_into_feature_films_(0–9,_A–C)",3,"Atomised (French: Les Particules élémentaires) (1998), Michel Houellebecq",1998.0,The Elementary Particles (2006),2006.0,1,True
"https://en.wikipedia.org/wiki/List_of_fiction_works_made_into_feature_films_(0%E2%80%939,_A%E2%80%93C)","List_of_fiction_works_made_into_feature_films_(0–9,_A–C)",3,"Atomised (French: Les Particules élémentaires) (1998), Michel Houellebecq",1998.0,The Elementary Particles (2021),2021.0,1,True
"https://en.wikipedia.org/wiki/List_of_fiction_works_made_into_feature_films_(0%E2%80%939,_A%E2%80%93C)","List_of_fiction_works_made_into_feature_films_(0–9,_A–C)",3,"Atonement (2001), Ian McEwan",2001.0,Atonement (2007),2007.0,1,True
"https://en.wikipedia.org/wiki/List_of_fiction_works_made_into_feature_films_(0%E2%80%939,_A%E2%80%93C)","List_of_fiction_works_made_into_feature_films_(0–9,_A–C)",3,"Audition (オーディション, Ōdishon) (1997), Ryu Murakami",1997.0,Audition (1999),1999.0,1,True
"https://en.wikipedia.org/wiki/List_of_fiction_works_made_into_feature_films_(0%E2%80%939,_A%E2%80%93C)","List_of_fiction_works_made_into_feature_films_(0–9,_A–C)",3,"Avalon High (2005), Meg Cabot",2005.0,Avalon High (2010),2010.0,1,True
"https://en.wikipedia.org/wiki/List_of_fiction_works_made_into_feature_films_(0%E2%80%939,_A%E2%80%93C)","List_of_fiction_works_made_into_feature_films_(0–9,_A–C)",3,"The Aviator (1981), Ernest K. Gann",1981.0,The Aviator (1985),1985.0,1,True
"https://en.wikipedia.org/wiki/List_of_fiction_works_made_into_feature_films_(0%E2%80%939,_A%E2%80%93C)","List_of_fiction_works_made_into_feature_films_(0–9,_A–C)",3,"An Awfully Big Adventure (1989), Beryl Bainbridge",1989.0,An Awfully Big Adventure (1995),1995.0,1,True
"https://en.wikipedia.org/wiki/List_of_fiction_works_made_into_feature_films_(0%E2%80%939,_A%E2%80%93C)","List_of_fiction_works_made_into_feature_films_(0–9,_A–C)",3,"The Ax (1997), Donald E. Westlake",1997.0,The Axe (French: Le couperet) (2005),2005.0,1,True
"https://en.wikipedia.org/wiki/List_of_fiction_works_made_into_feature_films_(0%E2%80%939,_A%E2%80%93C)","List_of_fiction_works_made_into_feature_films_(0–9,_A–C)",4,"Babylon Babies (1999), Maurice Georges Dantec",1999.0,Babylon A.D. (2008),2008.0,1,True
"https://en.wikipedia.org/wiki/List_of_fiction_works_made_into_feature_films_(0%E2%80%939,_A%E2%80%93C)","List_of_fiction_works_made_into_feature_films_(0–9,_A–C)",4,"Back When We Were Grownups (2001), Anne Tyler",2001.0,Back When We Were Grownups (2004),2004.0,1,True
"https://en.wikipedia.org/wiki/List_of_fiction_works_made_into_feature_films_(0%E2%80%939,_A%E2%80%93C)","List_of_fiction_works_made_into_feature_films_(0–9,_A–C)",4,"The Bad Seed (1954), William March",1954.0,The Bad Seed (1985),1985.0,1,True
"https://en.wikipedia.org/wiki/List_of_fiction_works_made_into_feature_films_(0%E2%80%939,_A%E2%80%93C)","List_of_fiction_works_made_into_feature_films_(0–9,_A–C)",4,"The Bad Seed (1954), William March",1954.0,The Bad Seed (2018),2018.0,1,True
"https://en.wikipedia.org/wiki/List_of_fiction_works_made_into_feature_films_(0%E2%80%939,_A%E2%80%93C)","List_of_fiction_works_made_into_feature_films_(0–9,_A–C)",4,"Baise-moi (1993), Virginie Despentes",1993.0,Baise-moi (2000),2000.0,1,True
"https://en.wikipedia.org/wiki/List_of_fiction_works_made_into_feature_films_(0%E2%80%939,_A%E2%80%93C)","List_of_fiction_works_made_into_feature_films_(0–9,_A–C)",4,"Balzac and the Little Chinese Seamstress (French: Balzac et la petite tailleuse chinoise) (2000), Dai Sijie",2000.0,Balzac and the Little Chinese Seamstress (2002),2002.0,1,True
"https://en.wikipedia.org/wiki/List_of_fiction_works_made_into_feature_films_(0%E2%80%939,_A%E2%80%93C)","List_of_fiction_works_made_into_feature_films_(0–9,_A–C)",4,"The Bandits of Bombay (Bengali: বোম্বাইয়ের বোম্বেটে, Bombaiyer Bombete) (1976), Satyajit Ray",1976.0,Bombaiyer Bombete (2003),2003.0,1,True
"https://en.wikipedia.org/wiki/List_of_fiction_works_made_into_feature_films_(0%E2%80%939,_A%E2%80%93C)","List_of_fiction_works_made_into_feature_films_(0–9,_A–C)",4,"Basil of Baker Street (1958), Eve Titus",1958.0,The Great Mouse Detective (1986),1986.0,1,True
"https://en.wikipedia.org/wiki/List_of_fiction_works_made_into_feature_films_(0%E2%80%939,_A%E2%80%93C)","List_of_fiction_works_made_into_feature_films_(0–9,_A–C)",4,"Bastard Out of Carolina (1992), Dorothy Allison",1992.0,Bastard Out of Carolina (1996),1996.0,1,True
"https://en.wikipedia.org/wiki/List_of_fiction_works_made_into_feature_films_(0%E2%80%939,_A%E2%80%93C)","List_of_fiction_works_made_into_feature_films_(0–9,_A–C)",4,"Battle Royale (バトル・ロワイアル, Batoru Rowaiaru) (1999), Koushun Takami",1999.0,Battle Royale (2000),2000.0,1,True
"https://en.wikipedia.org/wiki/List_of_fiction_works_made_into_feature_films_(0%E2%80%939,_A%E2%80%93C)","List_of_fiction_works_made_into_feature_films_(0–9,_A–C)",4,"Battle Royale (バトル・ロワイアル, Batoru Rowaiaru) (1999), Koushun Takami",1999.0,"Battle Royale II: Requiem (バトル・ロワイアルII 鎮魂歌, Batoru Rowaiaru Tsū: ""Rekuiemu"") (2003)",2003.0,1,True
"https://en.wikipedia.org/wiki/List_of_fiction_works_made_into_feature_films_(0%E2%80%939,_A%E2%80%93C)","List_of_fiction_works_made_into_feature_films_(0–9,_A–C)",4,"Battlefield Earth (1982), L. Ron Hubbard",1982.0,Battlefield Earth (2000),2000.0,1,True
"https://en.wikipedia.org/wiki/List_of_fiction_works_made_into_feature_films_(0%E2%80%939,_A%E2%80%93C)","List_of_fiction_works_made_into_feature_films_(0–9,_A–C)",4,"Be Cool (1999), Elmore Leonard",1999.0,Be Cool (2005),2005.0,1,True
"https://en.wikipedia.org/wiki/List_of_fiction_works_made_into_feature_films_(0%E2%80%939,_A%E2%80%93C)","List_of_fiction_works_made_into_feature_films_(0–9,_A–C)",4,"The Beach (1996), Alex Garland",1996.0,The Beach (2000),2000.0,1,True
"https://en.wikipedia.org/wiki/List_of_fiction_works_made_into_feature_films_(0%E2%80%939,_A%E2%80%93C)","List_of_fiction_works_made_into_feature_films_(0–9,_A–C)",4,"Beaches (1985), Iris Rainer Dart",1985.0,Beaches (1988),1988.0,1,True
"https://en.wikipedia.org/wiki/List_of_fiction_works_made_into_feature_films_(0%E2%80%939,_A%E2%80%93C)","List_of_fiction_works_made_into_feature_films_(0–9,_A–C)",4,"Beast (1991), Peter Benchley",1991.0,The Beast (1996),1996.0,1,True
"https://en.wikipedia.org/wiki/List_of_fiction_works_made_into_feature_films_(0%E2%80%939,_A%E2%80%93C)","List_of_fiction_works_made_into_feature_films_(0–9,_A–C)",4,"The Beast in Man (French: La Bête humaine) (1890), Émile Zola",1890.0,Cruel Train (1995),1995.0,1,True
"https://en.wikipedia.org/wiki/List_of_fiction_works_made_into_feature_films_(0%E2%80%939,_A%E2%80%93C)","List_of_fiction_works_made_into_feature_films_(0–9,_A–C)",4,"The Beast in the Heart (Italian: La bestia nel cuore) (2003), Cristina Comencini",2003.0,Don't Tell (Italian: La bestia nel cuore) (2005),2005.0,1,True
"https://en.wikipedia.org/wiki/List_of_fiction_works_made_into_feature_films_(0%E2%80%939,_A%E2%80%93C)","List_of_fiction_works_made_into_feature_films_(0–9,_A–C)",4,"The Beast Master (1959), Andre Norton",1959.0,The Beastmaster (1982),1982.0,1,True
"https://en.wikipedia.org/wiki/List_of_fiction_works_made_into_feature_films_(0%E2%80%939,_A%E2%80%93C)","List_of_fiction_works_made_into_feature_films_(0–9,_A–C)",4,"The Beast Master (1959), Andre Norton",1959.0,Beastmaster 2: Through the Portal of Time (1991),1991.0,1,True
"https://en.wikipedia.org/wiki/List_of_fiction_works_made_into_feature_films_(0%E2%80%939,_A%E2%80%93C)","List_of_fiction_works_made_into_feature_films_(0–9,_A–C)",4,"The Beast Master (1959), Andre Norton",1959.0,Beastmaster III: The Eye of Braxus (1996) (TV),1996.0,1,True
"https://en.wikipedia.org/wiki/List_of_fiction_works_made_into_feature_films_(0%E2%80%939,_A%E2%80%93C)","List_of_fiction_works_made_into_feature_films_(0–9,_A–C)",4,"The Beast Within (1981), Edward Levy",1981.0,The Beast Within (1982),1982.0,1,True
"https://en.wikipedia.org/wiki/List_of_fiction_works_made_into_feature_films_(0%E2%80%939,_A%E2%80%93C)","List_of_fiction_works_made_into_feature_films_(0–9,_A–C)",4,"Beautiful Creatures (2009), Kami Garcia and Margaret Stohl",2009.0,Beautiful Creatures (2013),2013.0,1,True
"https://en.wikipedia.org/wiki/List_of_fiction_works_made_into_feature_films_(0%E2%80%939,_A%E2%80%93C)","List_of_fiction_works_made_into_feature_films_(0–9,_A–C)",4,"Bee Season (2000), Myla Goldberg",2000.0,Bee Season (2005),2005.0,1,True
"https://en.wikipedia.org/wiki/List_of_fiction_works_made_into_feature_films_(0%E2%80%939,_A%E2%80%93C)","List_of_fiction_works_made_into_feature_films_(0–9,_A–C)",4,"Bel-Ami (1885), Guy de Maupassant",1885.0,Bel Ami (2005),2005.0,1,True
"https://en.wikipedia.org/wiki/List_of_fiction_works_made_into_feature_films_(0%E2%80%939,_A%E2%80%93C)","List_of_fiction_works_made_into_feature_films_(0–9,_A–C)",4,"Bel-Ami (1885), Guy de Maupassant",1885.0,Bel Ami (2012),2012.0,1,True
"https://en.wikipedia.org/wiki/List_of_fiction_works_made_into_feature_films_(0%E2%80%939,_A%E2%80%93C)","List_of_fiction_works_made_into_feature_films_(0–9,_A–C)",4,"Bellman and True (1975), Desmond Lowden",1975.0,Bellman and True (1987),1987.0,1,True
"https://en.wikipedia.org/wiki/List_of_fiction_works_made_into_feature_films_(0%E2%80%939,_A%E2%80%93C)","List_of_fiction_works_made_into_feature_films_(0–9,_A–C)",4,"Beloved (1987), Toni Morrison",1987.0,Beloved (1998),1998.0,1,True
"https://en.wikipedia.org/wiki/List_of_fiction_works_made_into_feature_films_(0%E2%80%939,_A%E2%80%93C)","List_of_fiction_works_made_into_feature_films_(0–9,_A–C)",4,"Belphégor (1927), Arthur Bernède",1927.0,Belphégor - Le fantôme du Louvre (2001),2001.0,1,True
"https://en.wikipedia.org/wiki/List_of_fiction_works_made_into_feature_films_(0%E2%80%939,_A%E2%80%93C)","List_of_fiction_works_made_into_feature_films_(0–9,_A–C)",4,"Ben-Hur: A Tale of the Christ (1880), Lew Wallace",1880.0,Ben Hur (2003),2003.0,1,True
"https://en.wikipedia.org/wiki/List_of_fiction_works_made_into_feature_films_(0%E2%80%939,_A%E2%80%93C)","List_of_fiction_works_made_into_feature_films_(0–9,_A–C)",4,"Ben-Hur: A Tale of the Christ (1880), Lew Wallace",1880.0,Ben-Hur (2016),2016.0,1,True
"https://en.wikipedia.org/wiki/List_of_fiction_works_made_into_feature_films_(0%E2%80%939,_A%E2%80%93C)","List_of_fiction_works_made_into_feature_films_(0–9,_A–C)",4,"Beowulf (c. 700–1000 AD), unknown",,Beowulf (1999),1999.0,1,True
"https://en.wikipedia.org/wiki/List_of_fiction_works_made_into_feature_films_(0%E2%80%939,_A%E2%80%93C)","List_of_fiction_works_made_into_feature_films_(0–9,_A–C)",4,"Beowulf (c. 700–1000 AD), unknown",,Beowulf & Grendel (2005),2005.0,1,True
"https://en.wikipedia.org/wiki/List_of_fiction_works_made_into_feature_films_(0%E2%80%939,_A%E2%80%93C)","List_of_fiction_works_made_into_feature_films_(0–9,_A–C)",4,"Beowulf (c. 700–1000 AD), unknown",,Beowulf (2007),2007.0,1,True
"https://en.wikipedia.org/wiki/List_of_fiction_works_made_into_feature_films_(0%E2%80%939,_A%E2%80%93C)","List_of_fiction_works_made_into_feature_films_(0–9,_A–C)",4,"Berlin Alexanderplatz (1929), Alfred Döblin",1929.0,Berlin Alexanderplatz (2020),2020.0,1,True
"https://en.wikipedia.org/wiki/List_of_fiction_works_made_into_feature_films_(0%E2%80%939,_A%E2%80%93C)","List_of_fiction_works_made_into_feature_films_(0–9,_A–C)",4,"The BFG (1982), Roald Dahl",1982.0,The BFG (1989),1989.0,1,True
"https://en.wikipedia.org/wiki/List_of_fiction_works_made_into_feature_films_(0%E2%80%939,_A%E2%80%93C)","List_of_fiction_works_made_into_feature_films_(0–9,_A–C)",4,"The BFG (1982), Roald Dahl",1982.0,The BFG (2016),2016.0,1,True
"https://en.wikipedia.org/wiki/List_of_fiction_works_made_into_feature_films_(0%E2%80%939,_A%E2%80%93C)","List_of_fiction_works_made_into_feature_films_(0–9,_A–C)",4,"Bid Time Return (1975), Richard Matheson",1975.0,Somewhere in Time (1980),1980.0,1,True
"https://en.wikipedia.org/wiki/List_of_fiction_works_made_into_feature_films_(0%E2%80%939,_A%E2%80%93C)","List_of_fiction_works_made_into_feature_films_(0–9,_A–C)",4,"The Bilingual Lover (Spanish: El amante bilingüe) (1990), Juan Marsé",1990.0,The Bilingual Lover (1993),1993.0,1,True
"https://en.wikipedia.org/wiki/List_of_fiction_works_made_into_feature_films_(0%E2%80%939,_A%E2%80%93C)","List_of_fiction_works_made_into_feature_films_(0–9,_A–C)",4,"The Big Bounce (written 1966, published 1969), Elmore Leonard",1966.0,The Big Bounce (2004),2004.0,1,True
"https://en.wikipedia.org/wiki/List_of_fiction_works_made_into_feature_films_(0%E2%80%939,_A%E2%80%93C)","List_of_fiction_works_made_into_feature_films_(0–9,_A–C)",4,"The Big Clock (1946), Kenneth Fearing",1946.0,No Way Out (1987),1987.0,1,True
"https://en.wikipedia.org/wiki/List_of_fiction_works_made_into_feature_films_(0%E2%80%939,_A%E2%80%93C)","List_of_fiction_works_made_into_feature_films_(0–9,_A–C)",4,"Big Fish: A Novel of Mythic Proportions (1998), Daniel Wallace",1998.0,Big Fish (2003),2003.0,1,True
"https://en.wikipedia.org/wiki/List_of_fiction_works_made_into_feature_films_(0%E2%80%939,_A%E2%80%93C)","List_of_fiction_works_made_into_feature_films_(0–9,_A–C)",4,"Big Trouble (1999), Dave Barry",1999.0,Big Trouble (2002),2002.0,1,True
"https://en.wikipedia.org/wiki/List_of_fiction_works_made_into_feature_films_(0%E2%80%939,_A%E2%80%93C)","List_of_fiction_works_made_into_feature_films_(0–9,_A–C)",4,"Biggles (1932–1968) (series), W. E. Johns",1932.0,Biggles: Adventures in Time (1986),1986.0,1,True
"https://en.wikipedia.org/wiki/List_of_fiction_works_made_into_feature_films_(0%E2%80%939,_A%E2%80%93C)","List_of_fiction_works_made_into_feature_films_(0–9,_A–C)",4,"Billy Bathgate (1989), E. L. Doctorow",1989.0,Billy Bathgate (1991),1991.0,1,True
"https://en.wikipedia.org/wiki/List_of_fiction_works_made_into_feature_films_(0%E2%80%939,_A%E2%80%93C)","List_of_fiction_works_made_into_feature_films_(0–9,_A–C)",4,"Birdy (1978), William Wharton",1978.0,Birdy (1984),1984.0,1,True
"https://en.wikipedia.org/wiki/List_of_fiction_works_made_into_feature_films_(0%E2%80%939,_A%E2%80%93C)","List_of_fiction_works_made_into_feature_films_(0–9,_A–C)",4,"The Bishop's Wife (1928), Robert Nathan",1928.0,The Preacher's Wife (1996),1996.0,1,True
"https://en.wikipedia.org/wiki/List_of_fiction_works_made_into_feature_films_(0%E2%80%939,_A%E2%80%93C)","List_of_fiction_works_made_into_feature_films_(0–9,_A–C)",4,"Bitter Moon (French: Lunes de fiel) (1981), Pascal Bruckner",1981.0,Bitter Moon (1992),1992.0,1,True
"https://en.wikipedia.org/wiki/List_of_fiction_works_made_into_feature_films_(0%E2%80%939,_A%E2%80%93C)","List_of_fiction_works_made_into_feature_films_(0–9,_A–C)",4,"The Black Arrow: A Tale of the Two Roses (1888), Robert Louis Stevenson",1888.0,Black Arrow (1985),1985.0,1,True
"https://en.wikipedia.org/wiki/List_of_fiction_works_made_into_feature_films_(0%E2%80%939,_A%E2%80%93C)","List_of_fiction_works_made_into_feature_films_(0–9,_A–C)",4,"The Black Arrow: A Tale of the Two Roses (1888), Robert Louis Stevenson",1888.0,The Black Arrow (Russian: Чёрная стрела) (1987),1987.0,1,True
"https://en.wikipedia.org/wiki/List_of_fiction_works_made_into_feature_films_(0%E2%80%939,_A%E2%80%93C)","List_of_fiction_works_made_into_feature_films_(0–9,_A–C)",4,"The Black Arrow: A Tale of the Two Roses (1888), Robert Louis Stevenson",1888.0,The Black Arrow (1988),1988.0,1,True
"https://en.wikipedia.org/wiki/List_of_fiction_works_made_into_feature_films_(0%E2%80%939,_A%E2%80%93C)","List_of_fiction_works_made_into_feature_films_(0–9,_A–C)",4,"Black Beauty (1877), Anna Sewell",1877.0,Black Beauty (1987),1987.0,1,True
"https://en.wikipedia.org/wiki/List_of_fiction_works_made_into_feature_films_(0%E2%80%939,_A%E2%80%93C)","List_of_fiction_works_made_into_feature_films_(0–9,_A–C)",4,"Black Beauty (1877), Anna Sewell",1877.0,Black Beauty (1994),1994.0,1,True
"https://en.wikipedia.org/wiki/List_of_fiction_works_made_into_feature_films_(0%E2%80%939,_A%E2%80%93C)","List_of_fiction_works_made_into_feature_films_(0–9,_A–C)",4,"Black Beauty (1877), Anna Sewell",1877.0,Black Beauty (1995),1995.0,1,True
"https://en.wikipedia.org/wiki/List_of_fiction_works_made_into_feature_films_(0%E2%80%939,_A%E2%80%93C)","List_of_fiction_works_made_into_feature_films_(0–9,_A–C)",4,"Black Beauty (1877), Anna Sewell",1877.0,Black Beauty (2020),2020.0,1,True
"https://en.wikipedia.org/wiki/List_of_fiction_works_made_into_feature_films_(0%E2%80%939,_A%E2%80%93C)","List_of_fiction_works_made_into_feature_films_(0–9,_A–C)",4,"The Black Dahlia (1987), James Ellroy",1987.0,The Black Dahlia (2006),2006.0,1,True
"https://en.wikipedia.org/wiki/List_of_fiction_works_made_into_feature_films_(0%E2%80%939,_A%E2%80%93C)","List_of_fiction_works_made_into_feature_films_(0–9,_A–C)",4,"Black Rain (黒い雨, Kuroi Ame) (1965), Masuji Ibuse",1965.0,Black Rain (1989),1989.0,1,True
"https://en.wikipedia.org/wiki/List_of_fiction_works_made_into_feature_films_(0%E2%80%939,_A%E2%80%93C)","List_of_fiction_works_made_into_feature_films_(0–9,_A–C)",4,"The Black Stallion (1941–1989) (series), Walter Farley",1941.0,The Black Stallion Returns (1983),1983.0,1,True
"https://en.wikipedia.org/wiki/List_of_fiction_works_made_into_feature_films_(0%E2%80%939,_A%E2%80%93C)","List_of_fiction_works_made_into_feature_films_(0–9,_A–C)",4,"The Black Stallion (1941–1989) (series), Walter Farley",1941.0,The Young Black Stallion (2003),2003.0,1,True
"https://en.wikipedia.org/wiki/List_of_fiction_works_made_into_feature_films_(0%E2%80%939,_A%E2%80%93C)","List_of_fiction_works_made_into_feature_films_(0–9,_A–C)",4,"The Blank Wall (1947), Elisabeth Sanxay Holding",1947.0,The Deep End (2001),2001.0,1,True
"https://en.wikipedia.org/wiki/List_of_fiction_works_made_into_feature_films_(0%E2%80%939,_A%E2%80%93C)","List_of_fiction_works_made_into_feature_films_(0–9,_A–C)",4,"Le Blé en herbe (1923), Colette",1923.0,Le Blé en herbe (1990) (TV),1990.0,1,True
"https://en.wikipedia.org/wiki/List_of_fiction_works_made_into_feature_films_(0%E2%80%939,_A%E2%80%93C)","List_of_fiction_works_made_into_feature_films_(0–9,_A–C)",4,"Bless the Child (1993), Cathy Cash Spellman",1993.0,Bless the Child (2000),2000.0,1,True
"https://en.wikipedia.org/wiki/List_of_fiction_works_made_into_feature_films_(0%E2%80%939,_A%E2%80%93C)","List_of_fiction_works_made_into_feature_films_(0–9,_A–C)",4,"Blood and Chocolate (1997), Annette Curtis Klause",1997.0,Blood & Chocolate (2007),2007.0,1,True
"https://en.wikipedia.org/wiki/List_of_fiction_works_made_into_feature_films_(0%E2%80%939,_A%E2%80%93C)","List_of_fiction_works_made_into_feature_films_(0–9,_A–C)",4,"Blood and Sand (Spanish: Sangre y arena) (1908), Vicente Blasco Ibáñez",1908.0,Blood and Sand (1989),1989.0,1,True
"https://en.wikipedia.org/wiki/List_of_fiction_works_made_into_feature_films_(0%E2%80%939,_A%E2%80%93C)","List_of_fiction_works_made_into_feature_films_(0–9,_A–C)",4,"Blood on the Moon (1984), James Ellroy",1984.0,Cop (1988),1988.0,1,True
"https://en.wikipedia.org/wiki/List_of_fiction_works_made_into_feature_films_(0%E2%80%939,_A%E2%80%93C)","List_of_fiction_works_made_into_feature_films_(0–9,_A–C)",4,"The Blood Oranges (1970), John Hawkes",1970.0,The Blood Oranges (1997),1997.0,1,True
"https://en.wikipedia.org/wiki/List_of_fiction_works_made_into_feature_films_(0%E2%80%939,_A%E2%80%93C)","List_of_fiction_works_made_into_feature_films_(0–9,_A–C)",4,"Blood Red Rivers (French: Les rivières pourpres) (1997), Jean-Christophe Grangé",1997.0,The Crimson Rivers (2000),2000.0,1,True
"https://en.wikipedia.org/wiki/List_of_fiction_works_made_into_feature_films_(0%E2%80%939,_A%E2%80%93C)","List_of_fiction_works_made_into_feature_films_(0–9,_A–C)",4,"Blood Red Rivers (French: Les rivières pourpres) (1997), Jean-Christophe Grangé",1997.0,Crimson Rivers II: Angels of the Apocalypse (French: Les rivières pourpres II: Les anges de l'apocalypse) (2004),2004.0,1,True
"https://en.wikipedia.org/wiki/List_of_fiction_works_made_into_feature_films_(0%E2%80%939,_A%E2%80%93C)","List_of_fiction_works_made_into_feature_films_(0–9,_A–C)",4,"Blood Work (1998), Michael Connelly",1998.0,Blood Work (2002),2002.0,1,True
"https://en.wikipedia.org/wiki/List_of_fiction_works_made_into_feature_films_(0%E2%80%939,_A%E2%80%93C)","List_of_fiction_works_made_into_feature_films_(0–9,_A–C)",4,"The Blue Lagoon (1908), Henry De Vere Stacpoole",1908.0,The Blue Lagoon (1980),1980.0,1,True
"https://en.wikipedia.org/wiki/List_of_fiction_works_made_into_feature_films_(0%E2%80%939,_A%E2%80%93C)","List_of_fiction_works_made_into_feature_films_(0–9,_A–C)",4,"The Blue Room (French: La Chambre bleue) (1964), Georges Simenon",1964.0,The Blue Room (Spanish: La habitación azul) (2002),2002.0,1,True
"https://en.wikipedia.org/wiki/List_of_fiction_works_made_into_feature_films_(0%E2%80%939,_A%E2%80%93C)","List_of_fiction_works_made_into_feature_films_(0–9,_A–C)",4,"Blueprint (German: Blaupause) (1999), Charlotte Kerner",1999.0,Blueprint (2003),2003.0,1,True
"https://en.wikipedia.org/wiki/List_of_fiction_works_made_into_feature_films_(0%E2%80%939,_A%E2%80%93C)","List_of_fiction_works_made_into_feature_films_(0–9,_A–C)",4,"The Body (1983), Richard Sapir",1983.0,The Body (2001),2001.0,1,True
"https://en.wikipedia.org/wiki/List_of_fiction_works_made_into_feature_films_(0%E2%80%939,_A%E2%80%93C)","List_of_fiction_works_made_into_feature_films_(0–9,_A–C)",4,"The Body Snatchers (1955), Jack Finney",1955.0,Body Snatchers (1993),1993.0,1,True
"https://en.wikipedia.org/wiki/List_of_fiction_works_made_into_feature_films_(0%E2%80%939,_A%E2%80%93C)","List_of_fiction_works_made_into_feature_films_(0–9,_A–C)",4,"The Body Snatchers (1955), Jack Finney",1955.0,The Invasion (2007),2007.0,1,True
"https://en.wikipedia.org/wiki/List_of_fiction_works_made_into_feature_films_(0%E2%80%939,_A%E2%80%93C)","List_of_fiction_works_made_into_feature_films_(0–9,_A–C)",4,"The Body Snatchers (1955), Jack Finney",1955.0,Invasion of the Pod People (2007),2007.0,1,True
"https://en.wikipedia.org/wiki/List_of_fiction_works_made_into_feature_films_(0%E2%80%939,_A%E2%80%93C)","List_of_fiction_works_made_into_feature_films_(0–9,_A–C)",4,"The Bonfire of the Vanities (1987), Tom Wolfe",1987.0,The Bonfire of the Vanities (1990),1990.0,1,True
"https://en.wikipedia.org/wiki/List_of_fiction_works_made_into_feature_films_(0%E2%80%939,_A%E2%80%93C)","List_of_fiction_works_made_into_feature_films_(0–9,_A–C)",4,"Bonjour Tristesse (Hello Sadness) (1954), Françoise Sagan",1954.0,Bonjour Tristesse (2024),2024.0,1,True
"https://en.wikipedia.org/wiki/List_of_fiction_works_made_into_feature_films_(0%E2%80%939,_A%E2%80%93C)","List_of_fiction_works_made_into_feature_films_(0–9,_A–C)",4,"Boogiepop and Others (1998), Kouhei Kadono",1998.0,Boogiepop and Others (2000),2000.0,1,True
"https://en.wikipedia.org/wiki/List_of_fiction_works_made_into_feature_films_(0%E2%80%939,_A%E2%80%93C)","List_of_fiction_works_made_into_feature_films_(0–9,_A–C)",4,"The Book of Daniel (1971), E. L. Doctorow",1971.0,Daniel (1983),1983.0,1,True
"https://en.wikipedia.org/wiki/List_of_fiction_works_made_into_feature_films_(0%E2%80%939,_A%E2%80%93C)","List_of_fiction_works_made_into_feature_films_(0–9,_A–C)",4,"The Boat (German: Das Boot) (1973), Lothar-Günther Buchheim",1973.0,Das Boot (The Boat) (1981),1981.0,1,True
"https://en.wikipedia.org/wiki/List_of_fiction_works_made_into_feature_films_(0%E2%80%939,_A%E2%80%93C)","List_of_fiction_works_made_into_feature_films_(0–9,_A–C)",4,"The Borrowers (1952), Mary Norton",1952.0,The Borrowers (1997),1997.0,1,True
"https://en.wikipedia.org/wiki/List_of_fiction_works_made_into_feature_films_(0%E2%80%939,_A%E2%80%93C)","List_of_fiction_works_made_into_feature_films_(0–9,_A–C)",4,"The Borrowers (1952), Mary Norton",1952.0,Arrietty (2010),2010.0,1,True
"https://en.wikipedia.org/wiki/List_of_fiction_works_made_into_feature_films_(0%E2%80%939,_A%E2%80%93C)","List_of_fiction_works_made_into_feature_films_(0–9,_A–C)",4,"The Bostonians (serialised 1885–1886, published as a book 1886), Henry James",1885.0,The Bostonians (1984),1984.0,1,True
"https://en.wikipedia.org/wiki/List_of_fiction_works_made_into_feature_films_(0%E2%80%939,_A%E2%80%93C)","List_of_fiction_works_made_into_feature_films_(0–9,_A–C)",4,"Botchan (Japanese: 坊っちゃん) (1906), Natsume Sōseki",1906.0,Botchan (1980),1980.0,1,True
"https://en.wikipedia.org/wiki/List_of_fiction_works_made_into_feature_films_(0%E2%80%939,_A%E2%80%93C)","List_of_fiction_works_made_into_feature_films_(0–9,_A–C)",4,"Bourne (1980–2012) (series), Robert Ludlum and Eric Van Lustbader",1980.0,The Bourne Identity (1988),1988.0,1,True
"https://en.wikipedia.org/wiki/List_of_fiction_works_made_into_feature_films_(0%E2%80%939,_A%E2%80%93C)","List_of_fiction_works_made_into_feature_films_(0–9,_A–C)",4,"Bourne (1980–2012) (series), Robert Ludlum and Eric Van Lustbader",1980.0,The Bourne Identity (2002),2002.0,1,True
"https://en.wikipedia.org/wiki/List_of_fiction_works_made_into_feature_films_(0%E2%80%939,_A%E2%80%93C)","List_of_fiction_works_made_into_feature_films_(0–9,_A–C)",4,"Bourne (1980–2012) (series), Robert Ludlum and Eric Van Lustbader",1980.0,The Bourne Supremacy (2004),2004.0,1,True
"https://en.wikipedia.org/wiki/List_of_fiction_works_made_into_feature_films_(0%E2%80%939,_A%E2%80%93C)","List_of_fiction_works_made_into_feature_films_(0–9,_A–C)",4,"Bourne (1980–2012) (series), Robert Ludlum and Eric Van Lustbader",1980.0,The Bourne Ultimatum (2007),2007.0,1,True
"https://en.wikipedia.org/wiki/List_of_fiction_works_made_into_feature_films_(0%E2%80%939,_A%E2%80%93C)","List_of_fiction_works_made_into_feature_films_(0–9,_A–C)",4,"Bourne (1980–2012) (series), Robert Ludlum and Eric Van Lustbader",1980.0,The Bourne Legacy (2012),2012.0,1,True
"https://en.wikipedia.org/wiki/List_of_fiction_works_made_into_feature_films_(0%E2%80%939,_A%E2%80%93C)","List_of_fiction_works_made_into_feature_films_(0–9,_A–C)",4,"Bourne (1980–2012) (series), Robert Ludlum and Eric Van Lustbader",1980.0,Jason Bourne (2016),2016.0,1,True
"https://en.wikipedia.org/wiki/List_of_fiction_works_made_into_feature_films_(0%E2%80%939,_A%E2%80%93C)","List_of_fiction_works_made_into_feature_films_(0–9,_A–C)",4,"The Boy in the Striped Pyjamas (2006), John Boyne",2006.0,The Boy in the Striped Pyjamas (2008),2008.0,1,True
"https://en.wikipedia.org/wiki/List_of_fiction_works_made_into_feature_films_(0%E2%80%939,_A%E2%80%93C)","List_of_fiction_works_made_into_feature_films_(0–9,_A–C)",4,"The Brave Little Toaster (1986), Thomas M. Disch",1986.0,The Brave Little Toaster (1987),1987.0,1,True
"https://en.wikipedia.org/wiki/List_of_fiction_works_made_into_feature_films_(0%E2%80%939,_A%E2%80%93C)","List_of_fiction_works_made_into_feature_films_(0–9,_A–C)",4,"The Brave Little Toaster (1986), Thomas M. Disch",1986.0,The Brave Little Toaster to the Rescue (1997),1997.0,1,True
"https://en.wikipedia.org/wiki/List_of_fiction_works_made_into_feature_films_(0%E2%80%939,_A%E2%80%93C)","List_of_fiction_works_made_into_feature_films_(0–9,_A–C)",4,"The Brave Little Toaster (1986), Thomas M. Disch",1986.0,The Brave Little Toaster Goes to Mars (1998),1998.0,1,True
"https://en.wikipedia.org/wiki/List_of_fiction_works_made_into_feature_films_(0%E2%80%939,_A%E2%80%93C)","List_of_fiction_works_made_into_feature_films_(0–9,_A–C)",4,"Brave New World (1932), Aldous Huxley",1932.0,Brave New World (1980),1980.0,1,True
"https://en.wikipedia.org/wiki/List_of_fiction_works_made_into_feature_films_(0%E2%80%939,_A%E2%80%93C)","List_of_fiction_works_made_into_feature_films_(0–9,_A–C)",4,"Brave New World (1932), Aldous Huxley",1932.0,Brave New World (1998),1998.0,1,True
"https://en.wikipedia.org/wiki/List_of_fiction_works_made_into_feature_films_(0%E2%80%939,_A%E2%80%93C)","List_of_fiction_works_made_into_feature_films_(0–9,_A–C)",4,"Breakfast of Champions (1973), Kurt Vonnegut, Jr.",1973.0,Breakfast of Champions (1999),1999.0,1,True
"https://en.wikipedia.org/wiki/List_of_fiction_works_made_into_feature_films_(0%E2%80%939,_A%E2%80%93C)","List_of_fiction_works_made_into_feature_films_(0–9,_A–C)",4,"Breakfast on Pluto (1998), Patrick McCabe",1998.0,Breakfast on Pluto (2005),2005.0,1,True
"https://en.wikipedia.org/wiki/List_of_fiction_works_made_into_feature_films_(0%E2%80%939,_A%E2%80%93C)","List_of_fiction_works_made_into_feature_films_(0–9,_A–C)",4,"Breakfast with Scot (1999), Michael Downing",1999.0,Breakfast with Scot (2007),2007.0,1,True
"https://en.wikipedia.org/wiki/List_of_fiction_works_made_into_feature_films_(0%E2%80%939,_A%E2%80%93C)","List_of_fiction_works_made_into_feature_films_(0–9,_A–C)",4,"Brideshead Revisited, The Sacred & Profane Memories of Captain Charles Ryder (1945), Evelyn Waugh",1945.0,Brideshead Revisited (2008),2008.0,1,True
"https://en.wikipedia.org/wiki/List_of_fiction_works_made_into_feature_films_(0%E2%80%939,_A%E2%80%93C)","List_of_fiction_works_made_into_feature_films_(0–9,_A–C)",4,"The Bridge of San Luis Rey (1927), Thornton Wilder",1927.0,The Bridge of San Luis Rey (2004),2004.0,1,True
"https://en.wikipedia.org/wiki/List_of_fiction_works_made_into_feature_films_(0%E2%80%939,_A%E2%80%93C)","List_of_fiction_works_made_into_feature_films_(0–9,_A–C)",4,"Bridge to Terabithia (1977), Katherine Paterson",1977.0,Bridge to Terabithia (1985),1985.0,1,True
"https://en.wikipedia.org/wiki/List_of_fiction_works_made_into_feature_films_(0%E2%80%939,_A%E2%80%93C)","List_of_fiction_works_made_into_feature_films_(0–9,_A–C)",4,"Bridge to Terabithia (1977), Katherine Paterson",1977.0,Bridge to Terabithia (2007),2007.0,1,True
"https://en.wikipedia.org/wiki/List_of_fiction_works_made_into_feature_films_(0%E2%80%939,_A%E2%80%93C)","List_of_fiction_works_made_into_feature_films_(0–9,_A–C)",4,"The Bridges of Madison County (a. k. a. Love in Black and White) (1992), Robert James Waller",1992.0,The Bridges of Madison County (1995),1995.0,1,True
"https://en.wikipedia.org/wiki/List_of_fiction_works_made_into_feature_films_(0%E2%80%939,_A%E2%80%93C)","List_of_fiction_works_made_into_feature_films_(0–9,_A–C)",4,"Bridget Jones (1996–2016) (series), Helen Fielding",1996.0,Bridget Jones's Diary (2001),2001.0,1,True
"https://en.wikipedia.org/wiki/List_of_fiction_works_made_into_feature_films_(0%E2%80%939,_A%E2%80%93C)","List_of_fiction_works_made_into_feature_films_(0–9,_A–C)",4,"Bridget Jones (1996–2016) (series), Helen Fielding",1996.0,Bridget Jones: The Edge of Reason (2004),2004.0,1,True
"https://en.wikipedia.org/wiki/List_of_fiction_works_made_into_feature_films_(0%E2%80%939,_A%E2%80%93C)","List_of_fiction_works_made_into_feature_films_(0–9,_A–C)",4,"Bridget Jones (1996–2016) (series), Helen Fielding",1996.0,Bridget Jones's Baby (2016),2016.0,1,True
"https://en.wikipedia.org/wiki/List_of_fiction_works_made_into_feature_films_(0%E2%80%939,_A%E2%80%93C)","List_of_fiction_works_made_into_feature_films_(0–9,_A–C)",4,"Bright Lights, Big City (1984), Jay McInerney",1984.0,"Bright Lights, Big City (1988)",1988.0,1,True
"https://en.wikipedia.org/wiki/List_of_fiction_works_made_into_feature_films_(0%E2%80%939,_A%E2%80%93C)","List_of_fiction_works_made_into_feature_films_(0–9,_A–C)",4,"Brighton Rock (1938), Graham Greene",1938.0,Brighton Rock (2010),2010.0,1,True
"https://en.wikipedia.org/wiki/List_of_fiction_works_made_into_feature_films_(0%E2%80%939,_A%E2%80%93C)","List_of_fiction_works_made_into_feature_films_(0–9,_A–C)",4,"Bringing Out the Dead (1998), Joe Connelly",1998.0,Bringing Out the Dead (1999),1999.0,1,True
"https://en.wikipedia.org/wiki/List_of_fiction_works_made_into_feature_films_(0%E2%80%939,_A%E2%80%93C)","List_of_fiction_works_made_into_feature_films_(0–9,_A–C)",4,"Broken April (1978), Ismail Kadare",1978.0,Abril Despedaçado (Behind the Sun) (2001),2001.0,1,True
"https://en.wikipedia.org/wiki/List_of_fiction_works_made_into_feature_films_(0%E2%80%939,_A%E2%80%93C)","List_of_fiction_works_made_into_feature_films_(0–9,_A–C)",4,"Brothers by Blood (Norwegian: Brødre i Blodet) (1996), Ingvar Ambjørnsen",1996.0,Elling (2001),2001.0,1,True
"https://en.wikipedia.org/wiki/List_of_fiction_works_made_into_feature_films_(0%E2%80%939,_A%E2%80%93C)","List_of_fiction_works_made_into_feature_films_(0–9,_A–C)",4,"Brothers by Blood (Norwegian: Brødre i Blodet) (1996), Ingvar Ambjørnsen",1996.0,Mors Elling (2003),2003.0,1,True
"https://en.wikipedia.org/wiki/List_of_fiction_works_made_into_feature_films_(0%E2%80%939,_A%E2%80%93C)","List_of_fiction_works_made_into_feature_films_(0–9,_A–C)",4,"Brothers by Blood (Norwegian: Brødre i Blodet) (1996), Ingvar Ambjørnsen",1996.0,Elsk meg i morgen (2005),2005.0,1,True
"https://en.wikipedia.org/wiki/List_of_fiction_works_made_into_feature_films_(0%E2%80%939,_A%E2%80%93C)","List_of_fiction_works_made_into_feature_films_(0–9,_A–C)",4,"Brown's Requiem (1981), James Ellroy",1981.0,Brown's Requiem (1998),1998.0,1,True
"https://en.wikipedia.org/wiki/List_of_fiction_works_made_into_feature_films_(0%E2%80%939,_A%E2%80%93C)","List_of_fiction_works_made_into_feature_films_(0–9,_A–C)",4,"Buffalo Girls (1990), Larry McMurtry",1990.0,Buffalo Girls (1995) (TV) (mini),1995.0,1,True
"https://en.wikipedia.org/wiki/List_of_fiction_works_made_into_feature_films_(0%E2%80%939,_A%E2%80%93C)","List_of_fiction_works_made_into_feature_films_(0–9,_A–C)",4,"Buffalo Soldiers (1993), Robert O'Connor",1993.0,Buffalo Soldiers (2003),2003.0,1,True
"https://en.wikipedia.org/wiki/List_of_fiction_works_made_into_feature_films_(0%E2%80%939,_A%E2%80%93C)","List_of_fiction_works_made_into_feature_films_(0–9,_A–C)",4,"Bump in the Night (1988), Isabelle Holland",1988.0,Bump in the Night (1991),1991.0,1,True
"https://en.wikipedia.org/wiki/List_of_fiction_works_made_into_feature_films_(0%E2%80%939,_A%E2%80%93C)","List_of_fiction_works_made_into_feature_films_(0–9,_A–C)",4,"The Burglar in the Closet (1978), Lawrence Block",1978.0,Burglar (1987),1987.0,1,True
"https://en.wikipedia.org/wiki/List_of_fiction_works_made_into_feature_films_(0%E2%80%939,_A%E2%80%93C)","List_of_fiction_works_made_into_feature_films_(0–9,_A–C)",4,"The Burmese Harp (Japanese: ビルマの竪琴, Biruma no tategoto) (1946), Michio Takeyama",1946.0,The Burmese Harp (1985),1985.0,1,True
"https://en.wikipedia.org/wiki/List_of_fiction_works_made_into_feature_films_(0%E2%80%939,_A%E2%80%93C)","List_of_fiction_works_made_into_feature_films_(0–9,_A–C)",4,"The Burning Shore (1985), Wilbur Smith",1985.0,Burning Shore (1991),1991.0,1,True
"https://en.wikipedia.org/wiki/List_of_fiction_works_made_into_feature_films_(0%E2%80%939,_A%E2%80%93C)","List_of_fiction_works_made_into_feature_films_(0–9,_A–C)",4,"Burton and Speke (1982), William Harrison",1982.0,Mountains of the Moon (1990),1990.0,1,True
"https://en.wikipedia.org/wiki/List_of_fiction_works_made_into_feature_films_(0%E2%80%939,_A%E2%80%93C)","List_of_fiction_works_made_into_feature_films_(0–9,_A–C)",5,"The Caine Mutiny (1952), Herman Wouk",1952.0,The Caine Mutiny Court-Martial (1988),1988.0,1,True
"https://en.wikipedia.org/wiki/List_of_fiction_works_made_into_feature_films_(0%E2%80%939,_A%E2%80%93C)","List_of_fiction_works_made_into_feature_films_(0–9,_A–C)",5,"The Caine Mutiny (1952), Herman Wouk",1952.0,The Caine Mutiny Court-Martial (2023),2023.0,1,True
"https://en.wikipedia.org/wiki/List_of_fiction_works_made_into_feature_films_(0%E2%80%939,_A%E2%80%93C)","List_of_fiction_works_made_into_feature_films_(0–9,_A–C)",5,"Cal (1983), Bernard MacLaverty",1983.0,Cal (1984),1984.0,1,True
"https://en.wikipedia.org/wiki/List_of_fiction_works_made_into_feature_films_(0%E2%80%939,_A%E2%80%93C)","List_of_fiction_works_made_into_feature_films_(0–9,_A–C)",5,"Call Me By Your Name (2007), André Aciman",2007.0,Call Me By Your Name (2017),2017.0,1,True
"https://en.wikipedia.org/wiki/List_of_fiction_works_made_into_feature_films_(0%E2%80%939,_A%E2%80%93C)","List_of_fiction_works_made_into_feature_films_(0–9,_A–C)",5,"The Call of the Wild (1903), Jack London",1903.0,"The Call of the Wild: Howl, Buck (荒野の叫び声 吠えろバック, Kōya no Sakebigoe: Hoero Bakku) (1981)",1981.0,1,True
"https://en.wikipedia.org/wiki/List_of_fiction_works_made_into_feature_films_(0%E2%80%939,_A%E2%80%93C)","List_of_fiction_works_made_into_feature_films_(0–9,_A–C)",5,"The Call of the Wild (1903), Jack London",1903.0,The Call of the Wild (1990),1990.0,1,True
"https://en.wikipedia.org/wiki/List_of_fiction_works_made_into_feature_films_(0%E2%80%939,_A%E2%80%93C)","List_of_fiction_works_made_into_feature_films_(0–9,_A–C)",5,"The Call of the Wild (1903), Jack London",1903.0,Buck at the Edge of Heaven (Italian: Buck ai confini del cielo) (1992),1992.0,1,True
"https://en.wikipedia.org/wiki/List_of_fiction_works_made_into_feature_films_(0%E2%80%939,_A%E2%80%93C)","List_of_fiction_works_made_into_feature_films_(0–9,_A–C)",5,"The Call of the Wild (1903), Jack London",1903.0,The Call of the Wild (1993),1993.0,1,True
"https://en.wikipedia.org/wiki/List_of_fiction_works_made_into_feature_films_(0%E2%80%939,_A%E2%80%93C)","List_of_fiction_works_made_into_feature_films_(0–9,_A–C)",5,"The Call of the Wild (1903), Jack London",1903.0,Call of the Wild (1996),1996.0,1,True
"https://en.wikipedia.org/wiki/List_of_fiction_works_made_into_feature_films_(0%E2%80%939,_A%E2%80%93C)","List_of_fiction_works_made_into_feature_films_(0–9,_A–C)",5,"The Call of the Wild (1903), Jack London",1903.0,The Call of the Wild: Dog of the Yukon (1997),1997.0,1,True
"https://en.wikipedia.org/wiki/List_of_fiction_works_made_into_feature_films_(0%E2%80%939,_A%E2%80%93C)","List_of_fiction_works_made_into_feature_films_(0–9,_A–C)",5,"The Call of the Wild (1903), Jack London",1903.0,Buck and the Magic Bracelet (Italian: Buck e il braccialetto magico) (1999),1999.0,1,True
"https://en.wikipedia.org/wiki/List_of_fiction_works_made_into_feature_films_(0%E2%80%939,_A%E2%80%93C)","List_of_fiction_works_made_into_feature_films_(0–9,_A–C)",5,"The Call of the Wild (1903), Jack London",1903.0,Call of the Wild (2009),2009.0,1,True
"https://en.wikipedia.org/wiki/List_of_fiction_works_made_into_feature_films_(0%E2%80%939,_A%E2%80%93C)","List_of_fiction_works_made_into_feature_films_(0–9,_A–C)",5,"The Call of the Wild (1903), Jack London",1903.0,The Call of the Wild (2020),2020.0,1,True
"https://en.wikipedia.org/wiki/List_of_fiction_works_made_into_feature_films_(0%E2%80%939,_A%E2%80%93C)","List_of_fiction_works_made_into_feature_films_(0–9,_A–C)",5,"Candy: A Novel of Love and Addiction (1998), Luke Davies",1998.0,Candy (2006),2006.0,1,True
"https://en.wikipedia.org/wiki/List_of_fiction_works_made_into_feature_films_(0%E2%80%939,_A%E2%80%93C)","List_of_fiction_works_made_into_feature_films_(0–9,_A–C)",5,"Captain Blood: His Odyssey (1922), Rafael Sabatini",1922.0,Odyssey of Captain Blood (1991),1991.0,1,True
"https://en.wikipedia.org/wiki/List_of_fiction_works_made_into_feature_films_(0%E2%80%939,_A%E2%80%93C)","List_of_fiction_works_made_into_feature_films_(0–9,_A–C)",5,"A Captive in the Land (1962), James Aldridge",1962.0,A Captive in the Land (1990),1990.0,1,True
"https://en.wikipedia.org/wiki/List_of_fiction_works_made_into_feature_films_(0%E2%80%939,_A%E2%80%93C)","List_of_fiction_works_made_into_feature_films_(0–9,_A–C)",5,"Careful, He Might Hear You (1963), Sumner Locke Elliott",1963.0,"Careful, He Might Hear You (1983)",1983.0,1,True
"https://en.wikipedia.org/wiki/List_of_fiction_works_made_into_feature_films_(0%E2%80%939,_A%E2%80%93C)","List_of_fiction_works_made_into_feature_films_(0–9,_A–C)",5,"Carlito's Way (1975), Edwin Torres",1975.0,Carlito's Way (1993),1993.0,1,True
"https://en.wikipedia.org/wiki/List_of_fiction_works_made_into_feature_films_(0%E2%80%939,_A%E2%80%93C)","List_of_fiction_works_made_into_feature_films_(0–9,_A–C)",5,"Carlito's Way (1975), Edwin Torres",1975.0,Carlito's Way: Rise to Power (2005),2005.0,1,True
"https://en.wikipedia.org/wiki/List_of_fiction_works_made_into_feature_films_(0%E2%80%939,_A%E2%80%93C)","List_of_fiction_works_made_into_feature_films_(0–9,_A–C)",5,"Carrie (1974), Stephen King",1974.0,The Rage: Carrie 2 (1998),1998.0,1,True
"https://en.wikipedia.org/wiki/List_of_fiction_works_made_into_feature_films_(0%E2%80%939,_A%E2%80%93C)","List_of_fiction_works_made_into_feature_films_(0–9,_A–C)",5,"Carrie (1974), Stephen King",1974.0,Carrie (2002),2002.0,1,True
"https://en.wikipedia.org/wiki/List_of_fiction_works_made_into_feature_films_(0%E2%80%939,_A%E2%80%93C)","List_of_fiction_works_made_into_feature_films_(0–9,_A–C)",5,"Carrie (1974), Stephen King",1974.0,Carrie (2013),2013.0,1,True
"https://en.wikipedia.org/wiki/List_of_fiction_works_made_into_feature_films_(0%E2%80%939,_A%E2%80%93C)","List_of_fiction_works_made_into_feature_films_(0–9,_A–C)",5,"Casino Royale (1953), Ian Fleming",1953.0,Casino Royale (2006),2006.0,1,True
"https://en.wikipedia.org/wiki/List_of_fiction_works_made_into_feature_films_(0%E2%80%939,_A%E2%80%93C)","List_of_fiction_works_made_into_feature_films_(0–9,_A–C)",5,"The Castle (German: Das Schloß) (1926), Franz Kafka",1926.0,Linna (1986),1986.0,1,True
"https://en.wikipedia.org/wiki/List_of_fiction_works_made_into_feature_films_(0%E2%80%939,_A%E2%80%93C)","List_of_fiction_works_made_into_feature_films_(0–9,_A–C)",5,"The Castle (German: Das Schloß) (1926), Franz Kafka",1926.0,"The Castle (Russian: Замок, romanized: Zamok) (1994)",1994.0,1,True
"https://en.wikipedia.org/wiki/List_of_fiction_works_made_into_feature_films_(0%E2%80%939,_A%E2%80%93C)","List_of_fiction_works_made_into_feature_films_(0–9,_A–C)",5,"The Castle (German: Das Schloß) (1926), Franz Kafka",1926.0,The Castle (1997),1997.0,1,True
"https://en.wikipedia.org/wiki/List_of_fiction_works_made_into_feature_films_(0%E2%80%939,_A%E2%80%93C)","List_of_fiction_works_made_into_feature_films_(0–9,_A–C)",5,"Cat Chaser (1982), Elmore Leonard",1982.0,Cat Chaser (1989),1989.0,1,True
"https://en.wikipedia.org/wiki/List_of_fiction_works_made_into_feature_films_(0%E2%80%939,_A%E2%80%93C)","List_of_fiction_works_made_into_feature_films_(0–9,_A–C)",5,"The Caveman's Valentine (1994), George Dawes Green",1994.0,The Caveman's Valentine (2001),2001.0,1,True
"https://en.wikipedia.org/wiki/List_of_fiction_works_made_into_feature_films_(0%E2%80%939,_A%E2%80%93C)","List_of_fiction_works_made_into_feature_films_(0–9,_A–C)",5,"Cell (2006), Stephen King",2006.0,Cell (2016),2016.0,1,True
"https://en.wikipedia.org/wiki/List_of_fiction_works_made_into_feature_films_(0%E2%80%939,_A%E2%80%93C)","List_of_fiction_works_made_into_feature_films_(0–9,_A–C)",5,"The Cement Garden (1978), Ian McEwan",1978.0,The Cement Garden (1993),1993.0,1,True
"https://en.wikipedia.org/wiki/List_of_fiction_works_made_into_feature_films_(0%E2%80%939,_A%E2%80%93C)","List_of_fiction_works_made_into_feature_films_(0–9,_A–C)",5,"A Certain Mr. Takahashi (1985), Ann Ireland",1985.0,The Pianist (1991),1991.0,1,True
"https://en.wikipedia.org/wiki/List_of_fiction_works_made_into_feature_films_(0%E2%80%939,_A%E2%80%93C)","List_of_fiction_works_made_into_feature_films_(0–9,_A–C)",5,"La chair du maître (1997), Dany Laferrière",1997.0,Heading South (French: Vers le sud) (2005),2005.0,1,True
"https://en.wikipedia.org/wiki/List_of_fiction_works_made_into_feature_films_(0%E2%80%939,_A%E2%80%93C)","List_of_fiction_works_made_into_feature_films_(0–9,_A–C)",5,"The Chamber (1994), John Grisham",1994.0,The Chamber (1996),1996.0,1,True
"https://en.wikipedia.org/wiki/List_of_fiction_works_made_into_feature_films_(0%E2%80%939,_A%E2%80%93C)","List_of_fiction_works_made_into_feature_films_(0–9,_A–C)",5,"Charlie and the Chocolate Factory (1964), Roald Dahl",1964.0,Charlie and the Chocolate Factory (2005),2005.0,1,True
"https://en.wikipedia.org/wiki/List_of_fiction_works_made_into_feature_films_(0%E2%80%939,_A%E2%80%93C)","List_of_fiction_works_made_into_feature_films_(0–9,_A–C)",5,"Charlie and the Chocolate Factory (1964), Roald Dahl",1964.0,Tom and Jerry: Willy Wonka and the Chocolate Factory (2017),2017.0,1,True
"https://en.wikipedia.org/wiki/List_of_fiction_works_made_into_feature_films_(0%E2%80%939,_A%E2%80%93C)","List_of_fiction_works_made_into_feature_films_(0–9,_A–C)",5,"Charlie and the Chocolate Factory (1964), Roald Dahl",1964.0,Wonka (2023),2023.0,1,True
"https://en.wikipedia.org/wiki/List_of_fiction_works_made_into_feature_films_(0%E2%80%939,_A%E2%80%93C)","List_of_fiction_works_made_into_feature_films_(0–9,_A–C)",5,"Charlotte Gray (1999), Sebastian Faulks",1999.0,Charlotte Gray (2001),2001.0,1,True
"https://en.wikipedia.org/wiki/List_of_fiction_works_made_into_feature_films_(0%E2%80%939,_A%E2%80%93C)","List_of_fiction_works_made_into_feature_films_(0–9,_A–C)",5,"Charlotte's Web (1952), E. B. White",1952.0,Charlotte's Web 2: Wilbur's Great Adventure (2003),2003.0,1,True
"https://en.wikipedia.org/wiki/List_of_fiction_works_made_into_feature_films_(0%E2%80%939,_A%E2%80%93C)","List_of_fiction_works_made_into_feature_films_(0–9,_A–C)",5,"Charlotte's Web (1952), E. B. White",1952.0,Charlotte's Web (2006),2006.0,1,True
"https://en.wikipedia.org/wiki/List_of_fiction_works_made_into_feature_films_(0%E2%80%939,_A%E2%80%93C)","List_of_fiction_works_made_into_feature_films_(0–9,_A–C)",5,"The Cheetah Girls (1999–2006) (series), Deborah Gregory",1999.0,The Cheetah Girls (2003),2003.0,1,True
"https://en.wikipedia.org/wiki/List_of_fiction_works_made_into_feature_films_(0%E2%80%939,_A%E2%80%93C)","List_of_fiction_works_made_into_feature_films_(0–9,_A–C)",5,"The Cheetah Girls (1999–2006) (series), Deborah Gregory",1999.0,The Cheetah Girls 2 (2006),2006.0,1,True
"https://en.wikipedia.org/wiki/List_of_fiction_works_made_into_feature_films_(0%E2%80%939,_A%E2%80%93C)","List_of_fiction_works_made_into_feature_films_(0–9,_A–C)",5,"The Cheetah Girls (1999–2006) (series), Deborah Gregory",1999.0,The Cheetah Girls: One World (2008),2008.0,1,True
"https://en.wikipedia.org/wiki/List_of_fiction_works_made_into_feature_films_(0%E2%80%939,_A%E2%80%93C)","List_of_fiction_works_made_into_feature_films_(0–9,_A–C)",5,"The Children of Men (1992), P. D. James",1992.0,Children of Men (2006),2006.0,1,True
"https://en.wikipedia.org/wiki/List_of_fiction_works_made_into_feature_films_(0%E2%80%939,_A%E2%80%93C)","List_of_fiction_works_made_into_feature_films_(0–9,_A–C)",5,"Chocolat (1999), Joanne Harris",1999.0,Chocolat (2000),2000.0,1,True
"https://en.wikipedia.org/wiki/List_of_fiction_works_made_into_feature_films_(0%E2%80%939,_A%E2%80%93C)","List_of_fiction_works_made_into_feature_films_(0–9,_A–C)",5,"The Chocolate War (1974), Robert Cormier",1974.0,The Chocolate War (1988),1988.0,1,True
"https://en.wikipedia.org/wiki/List_of_fiction_works_made_into_feature_films_(0%E2%80%939,_A%E2%80%93C)","List_of_fiction_works_made_into_feature_films_(0–9,_A–C)",5,"Christine (1983), Stephen King",1983.0,Christine (1983),1983.0,1,True
"https://en.wikipedia.org/wiki/List_of_fiction_works_made_into_feature_films_(0%E2%80%939,_A%E2%80%93C)","List_of_fiction_works_made_into_feature_films_(0–9,_A–C)",5,"Christmas at Twenty-Nine (2002), Kamato Toshio",2002.0,Singles (2003),2003.0,1,True
"https://en.wikipedia.org/wiki/List_of_fiction_works_made_into_feature_films_(0%E2%80%939,_A%E2%80%93C)","List_of_fiction_works_made_into_feature_films_(0–9,_A–C)",5,"The Christmas Blessing (2003), Donna VanLiere",2003.0,The Christmas Blessing (2005),2005.0,1,True
"https://en.wikipedia.org/wiki/List_of_fiction_works_made_into_feature_films_(0%E2%80%939,_A%E2%80%93C)","List_of_fiction_works_made_into_feature_films_(0–9,_A–C)",5,"A Christmas Gift (a. k. a. The Melodeon) (1977), Glendon Swarthout",1977.0,Kelly & Dolly: A Christmas to Remember (1984),1984.0,1,True
"https://en.wikipedia.org/wiki/List_of_fiction_works_made_into_feature_films_(0%E2%80%939,_A%E2%80%93C)","List_of_fiction_works_made_into_feature_films_(0–9,_A–C)",5,"The Christmas Hope (2005), Donna VanLiere",2005.0,The Christmas Hope (2009),2009.0,1,True
"https://en.wikipedia.org/wiki/List_of_fiction_works_made_into_feature_films_(0%E2%80%939,_A%E2%80%93C)","List_of_fiction_works_made_into_feature_films_(0–9,_A–C)",5,"The Christmas Note (2011), Donna VanLiere",2011.0,The Christmas Note (2015),2015.0,1,True
"https://en.wikipedia.org/wiki/List_of_fiction_works_made_into_feature_films_(0%E2%80%939,_A%E2%80%93C)","List_of_fiction_works_made_into_feature_films_(0–9,_A–C)",5,"The Christmas Secret (2009), Donna VanLiere",2009.0,The Christmas Secret (2002),2002.0,1,True
"https://en.wikipedia.org/wiki/List_of_fiction_works_made_into_feature_films_(0%E2%80%939,_A%E2%80%93C)","List_of_fiction_works_made_into_feature_films_(0–9,_A–C)",5,"The Christmas Shoes (2002), Donna VanLiere",2002.0,The Christmas Shoes (2002),2002.0,1,True
"https://en.wikipedia.org/wiki/List_of_fiction_works_made_into_feature_films_(0%E2%80%939,_A%E2%80%93C)","List_of_fiction_works_made_into_feature_films_(0–9,_A–C)",5,"The Chronicles of Narnia (1950–1956) (series), C.S. Lewis",1950.0,"The Chronicles of Narnia: The Lion, the Witch and the Wardrobe (2005)",2005.0,1,True
"https://en.wikipedia.org/wiki/List_of_fiction_works_made_into_feature_films_(0%E2%80%939,_A%E2%80%93C)","List_of_fiction_works_made_into_feature_films_(0–9,_A–C)",5,"The Chronicles of Narnia (1950–1956) (series), C.S. Lewis",1950.0,The Chronicles of Narnia: Prince Caspian (2008),2008.0,1,True
"https://en.wikipedia.org/wiki/List_of_fiction_works_made_into_feature_films_(0%E2%80%939,_A%E2%80%93C)","List_of_fiction_works_made_into_feature_films_(0–9,_A–C)",5,"The Chronicles of Narnia (1950–1956) (series), C.S. Lewis",1950.0,The Chronicles of Narnia: The Voyage of the Dawn Treader (2010),2010.0,1,True
"https://en.wikipedia.org/wiki/List_of_fiction_works_made_into_feature_films_(0%E2%80%939,_A%E2%80%93C)","List_of_fiction_works_made_into_feature_films_(0–9,_A–C)",5,"The Chronicles of Prydain (1964—1968) (series), Lloyd Alexander",1964.0,The Black Cauldron (1985),1985.0,1,True
"https://en.wikipedia.org/wiki/List_of_fiction_works_made_into_feature_films_(0%E2%80%939,_A%E2%80%93C)","List_of_fiction_works_made_into_feature_films_(0–9,_A–C)",5,"The Cider House Rules (1985), John Irving",1985.0,The Cider House Rules (1999),1999.0,1,True
"https://en.wikipedia.org/wiki/List_of_fiction_works_made_into_feature_films_(0%E2%80%939,_A%E2%80%93C)","List_of_fiction_works_made_into_feature_films_(0–9,_A–C)",5,"The City of Ember (2003), Jeanne DuPrau",2003.0,City of Ember (2008),2008.0,1,True
"https://en.wikipedia.org/wiki/List_of_fiction_works_made_into_feature_films_(0%E2%80%939,_A%E2%80%93C)","List_of_fiction_works_made_into_feature_films_(0–9,_A–C)",5,"City of God (Portuguese: Cidade de Deus) (1997), Paulo Lins",1997.0,City of God (2002),2002.0,1,True
"https://en.wikipedia.org/wiki/List_of_fiction_works_made_into_feature_films_(0%E2%80%939,_A%E2%80%93C)","List_of_fiction_works_made_into_feature_films_(0–9,_A–C)",5,"The Clan of the Cave Bear (1980), Jean Auel",1980.0,The Clan of the Cave Bear (1986),1986.0,1,True
"https://en.wikipedia.org/wiki/List_of_fiction_works_made_into_feature_films_(0%E2%80%939,_A%E2%80%93C)","List_of_fiction_works_made_into_feature_films_(0–9,_A–C)",5,"Clear and Present Danger (1989), Tom Clancy",1989.0,Clear and Present Danger (1994),1994.0,1,True
"https://en.wikipedia.org/wiki/List_of_fiction_works_made_into_feature_films_(0%E2%80%939,_A%E2%80%93C)","List_of_fiction_works_made_into_feature_films_(0–9,_A–C)",5,"The Client (1993), John Grisham",1993.0,The Client (1994),1994.0,1,True
"https://en.wikipedia.org/wiki/List_of_fiction_works_made_into_feature_films_(0%E2%80%939,_A%E2%80%93C)","List_of_fiction_works_made_into_feature_films_(0–9,_A–C)",5,"Clockers (1992), Richard Price",1992.0,Clockers (1995),1995.0,1,True
"https://en.wikipedia.org/wiki/List_of_fiction_works_made_into_feature_films_(0%E2%80%939,_A%E2%80%93C)","List_of_fiction_works_made_into_feature_films_(0–9,_A–C)",5,"The Club Dumas (Spanish: El Club Dumas) (1993), Arturo Pérez-Reverte",1993.0,The Ninth Gate (1999),1999.0,1,True
"https://en.wikipedia.org/wiki/List_of_fiction_works_made_into_feature_films_(0%E2%80%939,_A%E2%80%93C)","List_of_fiction_works_made_into_feature_films_(0–9,_A–C)",5,"Cocoon (1985), David Saperstein",1985.0,Cocoon (1985),1985.0,1,True
"https://en.wikipedia.org/wiki/List_of_fiction_works_made_into_feature_films_(0%E2%80%939,_A%E2%80%93C)","List_of_fiction_works_made_into_feature_films_(0–9,_A–C)",5,"Cocoon (1985), David Saperstein",1985.0,Cocoon: The Return (1988),1988.0,1,True
"https://en.wikipedia.org/wiki/List_of_fiction_works_made_into_feature_films_(0%E2%80%939,_A%E2%80%93C)","List_of_fiction_works_made_into_feature_films_(0–9,_A–C)",5,"Coins in the Fountain (1952), John Hermes Secondari",1952.0,Coins in the Fountain (1990),1990.0,1,True
"https://en.wikipedia.org/wiki/List_of_fiction_works_made_into_feature_films_(0%E2%80%939,_A%E2%80%93C)","List_of_fiction_works_made_into_feature_films_(0–9,_A–C)",5,"Cold Mountain (1997), Charles Frazier",1997.0,Cold Mountain (2003),2003.0,1,True
"https://en.wikipedia.org/wiki/List_of_fiction_works_made_into_feature_films_(0%E2%80%939,_A%E2%80%93C)","List_of_fiction_works_made_into_feature_films_(0–9,_A–C)",5,"The Color of Money (1984), Walter Tevis",1984.0,The Color of Money (1986),1986.0,1,True
"https://en.wikipedia.org/wiki/List_of_fiction_works_made_into_feature_films_(0%E2%80%939,_A%E2%80%93C)","List_of_fiction_works_made_into_feature_films_(0–9,_A–C)",5,"The Color Purple (1982), Alice Walker",1982.0,The Color Purple (1985),1985.0,1,True
"https://en.wikipedia.org/wiki/List_of_fiction_works_made_into_feature_films_(0%E2%80%939,_A%E2%80%93C)","List_of_fiction_works_made_into_feature_films_(0–9,_A–C)",5,"The Color Purple (1982), Alice Walker",1982.0,The Color Purple (2023),2023.0,1,True
"https://en.wikipedia.org/wiki/List_of_fiction_works_made_into_feature_films_(0%E2%80%939,_A%E2%80%93C)","List_of_fiction_works_made_into_feature_films_(0–9,_A–C)",5,"The Comfort of Strangers (1981), Ian McEwan",1981.0,The Comfort of Strangers (1990),1990.0,1,True
"https://en.wikipedia.org/wiki/List_of_fiction_works_made_into_feature_films_(0%E2%80%939,_A%E2%80%93C)","List_of_fiction_works_made_into_feature_films_(0–9,_A–C)",5,"Conagher (1968), Louis L'Amour",1968.0,Conagher (1991),1991.0,1,True
"https://en.wikipedia.org/wiki/List_of_fiction_works_made_into_feature_films_(0%E2%80%939,_A%E2%80%93C)","List_of_fiction_works_made_into_feature_films_(0–9,_A–C)",5,"Confessions of a Crap Artist (1975), Philip K. Dick",1975.0,Barjo (French: Confessions d'un Barjo) (1992),1992.0,1,True
"https://en.wikipedia.org/wiki/List_of_fiction_works_made_into_feature_films_(0%E2%80%939,_A%E2%80%93C)","List_of_fiction_works_made_into_feature_films_(0–9,_A–C)",5,"Congo (1980), Michael Crichton",1980.0,Congo (1995),1995.0,1,True
"https://en.wikipedia.org/wiki/List_of_fiction_works_made_into_feature_films_(0%E2%80%939,_A%E2%80%93C)","List_of_fiction_works_made_into_feature_films_(0–9,_A–C)",5,"A Connecticut Yankee in King Arthur's Court (1889), Mark Twain",1889.0,New Adventures of a Yankee in King Arthur's Court (Russian: Новые приключения янки при дворе короля Артура) (1988),1988.0,1,True
"https://en.wikipedia.org/wiki/List_of_fiction_works_made_into_feature_films_(0%E2%80%939,_A%E2%80%93C)","List_of_fiction_works_made_into_feature_films_(0–9,_A–C)",5,"A Connecticut Yankee in King Arthur's Court (1889), Mark Twain",1889.0,A Connecticut Yankee in King Arthur's Court (1989),1989.0,1,True
"https://en.wikipedia.org/wiki/List_of_fiction_works_made_into_feature_films_(0%E2%80%939,_A%E2%80%93C)","List_of_fiction_works_made_into_feature_films_(0–9,_A–C)",5,"A Connecticut Yankee in King Arthur's Court (1889), Mark Twain",1889.0,A Kid in King Arthur's Court (1995),1995.0,1,True
"https://en.wikipedia.org/wiki/List_of_fiction_works_made_into_feature_films_(0%E2%80%939,_A%E2%80%93C)","List_of_fiction_works_made_into_feature_films_(0–9,_A–C)",5,"A Connecticut Yankee in King Arthur's Court (1889), Mark Twain",1889.0,A Young Connecticut Yankee in King Arthur's Court (1995),1995.0,1,True
"https://en.wikipedia.org/wiki/List_of_fiction_works_made_into_feature_films_(0%E2%80%939,_A%E2%80%93C)","List_of_fiction_works_made_into_feature_films_(0–9,_A–C)",5,"A Connecticut Yankee in King Arthur's Court (1889), Mark Twain",1889.0,A Kid in Aladdin's Palace (1998),1998.0,1,True
"https://en.wikipedia.org/wiki/List_of_fiction_works_made_into_feature_films_(0%E2%80%939,_A%E2%80%93C)","List_of_fiction_works_made_into_feature_films_(0–9,_A–C)",5,"A Connecticut Yankee in King Arthur's Court (1889), Mark Twain",1889.0,A Knight in Camelot (1998),1998.0,1,True
"https://en.wikipedia.org/wiki/List_of_fiction_works_made_into_feature_films_(0%E2%80%939,_A%E2%80%93C)","List_of_fiction_works_made_into_feature_films_(0–9,_A–C)",5,"A Connecticut Yankee in King Arthur's Court (1889), Mark Twain",1889.0,Black Knight (2001),2001.0,1,True
"https://en.wikipedia.org/wiki/List_of_fiction_works_made_into_feature_films_(0%E2%80%939,_A%E2%80%93C)","List_of_fiction_works_made_into_feature_films_(0–9,_A–C)",5,"The Constant Gardener (2001), John le Carré",2001.0,The Constant Gardener (2005),2005.0,1,True
"https://en.wikipedia.org/wiki/List_of_fiction_works_made_into_feature_films_(0%E2%80%939,_A%E2%80%93C)","List_of_fiction_works_made_into_feature_films_(0–9,_A–C)",5,"Contact (1985), Carl Sagan",1985.0,Contact (1997),1997.0,1,True
"https://en.wikipedia.org/wiki/List_of_fiction_works_made_into_feature_films_(0%E2%80%939,_A%E2%80%93C)","List_of_fiction_works_made_into_feature_films_(0–9,_A–C)",5,"The Count of Monte Cristo (French: Le comte de Monte Cristo) (1844–1846), Alexandre Dumas, père",1844.0,Padayottam (Malayalam: പടയോട്ടം) (1982),1982.0,1,True
"https://en.wikipedia.org/wiki/List_of_fiction_works_made_into_feature_films_(0%E2%80%939,_A%E2%80%93C)","List_of_fiction_works_made_into_feature_films_(0–9,_A–C)",5,"The Count of Monte Cristo (French: Le comte de Monte Cristo) (1844–1846), Alexandre Dumas, père",1844.0,Veta (Telugu: వేట) (1986),1986.0,1,True
"https://en.wikipedia.org/wiki/List_of_fiction_works_made_into_feature_films_(0%E2%80%939,_A%E2%80%93C)","List_of_fiction_works_made_into_feature_films_(0–9,_A–C)",5,"The Count of Monte Cristo (French: Le comte de Monte Cristo) (1844–1846), Alexandre Dumas, père",1844.0,The Prisoner of Château d'If (Russian: Узник замка Иф) (1988),1988.0,1,True
"https://en.wikipedia.org/wiki/List_of_fiction_works_made_into_feature_films_(0%E2%80%939,_A%E2%80%93C)","List_of_fiction_works_made_into_feature_films_(0–9,_A–C)",5,"The Count of Monte Cristo (French: Le comte de Monte Cristo) (1844–1846), Alexandre Dumas, père",1844.0,The Count of Monte-Cristo (1992),1992.0,1,True
"https://en.wikipedia.org/wiki/List_of_fiction_works_made_into_feature_films_(0%E2%80%939,_A%E2%80%93C)","List_of_fiction_works_made_into_feature_films_(0–9,_A–C)",5,"The Count of Monte Cristo (French: Le comte de Monte Cristo) (1844–1846), Alexandre Dumas, père",1844.0,The Count of Monte Cristo (1997),1997.0,1,True
"https://en.wikipedia.org/wiki/List_of_fiction_works_made_into_feature_films_(0%E2%80%939,_A%E2%80%93C)","List_of_fiction_works_made_into_feature_films_(0–9,_A–C)",5,"The Count of Monte Cristo (French: Le comte de Monte Cristo) (1844–1846), Alexandre Dumas, père",1844.0,The Count of Monte Cristo (2002),2002.0,1,True
"https://en.wikipedia.org/wiki/List_of_fiction_works_made_into_feature_films_(0%E2%80%939,_A%E2%80%93C)","List_of_fiction_works_made_into_feature_films_(0–9,_A–C)",5,"The Count of Monte Cristo (French: Le comte de Monte Cristo) (1844–1846), Alexandre Dumas, père",1844.0,The Count of Monte Cristo (2024),2024.0,1,True
"https://en.wikipedia.org/wiki/List_of_fiction_works_made_into_feature_films_(0%E2%80%939,_A%E2%80%93C)","List_of_fiction_works_made_into_feature_films_(0–9,_A–C)",5,"Cracking India (1991), Bapsi Sidhwa",1991.0,Earth (1998),1998.0,1,True
"https://en.wikipedia.org/wiki/List_of_fiction_works_made_into_feature_films_(0%E2%80%939,_A%E2%80%93C)","List_of_fiction_works_made_into_feature_films_(0–9,_A–C)",5,"Crash (1973), J. G. Ballard",1973.0,Crash (1996),1996.0,1,True
"https://en.wikipedia.org/wiki/List_of_fiction_works_made_into_feature_films_(0%E2%80%939,_A%E2%80%93C)","List_of_fiction_works_made_into_feature_films_(0–9,_A–C)",5,"Creator (1980), Jeremy Leven",1980.0,Creator (1985),1985.0,1,True
"https://en.wikipedia.org/wiki/List_of_fiction_works_made_into_feature_films_(0%E2%80%939,_A%E2%80%93C)","List_of_fiction_works_made_into_feature_films_(0–9,_A–C)",5,"The Crime of Father Amaro (Portuguese: O Crime do Padre Amaro) (1875), José Maria de Eça de Queiroz",1875.0,The Crime of Padre Amaro (Spanish: El crimen del padre Amaro) (2002),2002.0,1,True
"https://en.wikipedia.org/wiki/List_of_fiction_works_made_into_feature_films_(0%E2%80%939,_A%E2%80%93C)","List_of_fiction_works_made_into_feature_films_(0–9,_A–C)",5,"The Crime of Father Amaro (Portuguese: O Crime do Padre Amaro) (1875), José Maria de Eça de Queiroz",1875.0,O Crime do Padre Amaro (2005),2005.0,1,True
"https://en.wikipedia.org/wiki/List_of_fiction_works_made_into_feature_films_(0%E2%80%939,_A%E2%80%93C)","List_of_fiction_works_made_into_feature_films_(0–9,_A–C)",5,"Crossfire Trail (1954), Louis L'Amour",1954.0,Crossfire Trail (2001),2001.0,1,True
"https://en.wikipedia.org/wiki/List_of_fiction_works_made_into_feature_films_(0%E2%80%939,_A%E2%80%93C)","List_of_fiction_works_made_into_feature_films_(0–9,_A–C)",5,"Crouching Tiger, Hidden Dragon (Chinese: 卧虎藏龙, Wòhǔ Cánglóng) (1942), Wang Dulu",1942.0,"Crouching Tiger, Hidden Dragon (2000)",2000.0,1,True
"https://en.wikipedia.org/wiki/List_of_fiction_works_made_into_feature_films_(0%E2%80%939,_A%E2%80%93C)","List_of_fiction_works_made_into_feature_films_(0–9,_A–C)",5,"Crouching Tiger, Hidden Dragon (Chinese: 卧虎藏龙, Wòhǔ Cánglóng) (1942), Wang Dulu",1942.0,"Crouching Tiger, Hidden Dragon: Sword of Destiny (Chinese: 卧虎藏龙：青冥宝剑) (2016)",2016.0,1,True
"https://en.wikipedia.org/wiki/List_of_fiction_works_made_into_feature_films_(0%E2%80%939,_A%E2%80%93C)","List_of_fiction_works_made_into_feature_films_(0–9,_A–C)",5,"Cutter and Bone (1976), Newton Thornburg",1976.0,Cutter's Way (1981),1981.0,1,True
"https://en.wikipedia.org/wiki/List_of_fiction_works_made_into_feature_films_(0%E2%80%939,_A%E2%80%93C)","List_of_fiction_works_made_into_feature_films_(0–9,_A–C)",5,"Cycle of the Werewolf (1983), Stephen King",1983.0,Silver Bullet (1985),1985.0,1,True
https://en.wikipedia.org/wiki/List_of_fiction_works_made_into_feature_films_(D%E2%80%93J),List_of_fiction_works_made_into_feature_films_(D–J),2,"The Da Vinci Code (2003), Dan Brown",2003.0,The Da Vinci Code (2006),2006.0,1,True
https://en.wikipedia.org/wiki/List_of_fiction_works_made_into_feature_films_(D%E2%80%93J),List_of_fiction_works_made_into_feature_films_(D–J),2,"Dad (1981), William Wharton",1981.0,Dad (1989),1989.0,1,True
https://en.wikipedia.org/wiki/List_of_fiction_works_made_into_feature_films_(D%E2%80%93J),List_of_fiction_works_made_into_feature_films_(D–J),2,"Damage (1991), Josephine Hart",1991.0,Damage (1992),1992.0,1,True
https://en.wikipedia.org/wiki/List_of_fiction_works_made_into_feature_films_(D%E2%80%93J),List_of_fiction_works_made_into_feature_films_(D–J),2,"The Damned Utd (2006), David Peace",2006.0,The Damned United (2009),2009.0,1,True
https://en.wikipedia.org/wiki/List_of_fiction_works_made_into_feature_films_(D%E2%80%93J),List_of_fiction_works_made_into_feature_films_(D–J),2,"The Dancer Upstairs (1995), Nicholas Shakespeare",1995.0,The Dancer Upstairs (2002),2002.0,1,True
https://en.wikipedia.org/wiki/List_of_fiction_works_made_into_feature_films_(D%E2%80%93J),List_of_fiction_works_made_into_feature_films_(D–J),2,"Dances with Wolves (1986), Michael Blake",1986.0,Dances with Wolves (1990),1990.0,1,True
https://en.wikipedia.org/wiki/List_of_fiction_works_made_into_feature_films_(D%E2%80%93J),List_of_fiction_works_made_into_feature_films_(D–J),2,"The Dangerous Liaisons (French: Les Liaisons dangereuses) (1782), Pierre Choderlos de Laclos",1782.0,Les Liaisons dangereuses (1980),1980.0,1,True
https://en.wikipedia.org/wiki/List_of_fiction_works_made_into_feature_films_(D%E2%80%93J),List_of_fiction_works_made_into_feature_films_(D–J),2,"The Dangerous Liaisons (French: Les Liaisons dangereuses) (1782), Pierre Choderlos de Laclos",1782.0,Dangerous Liaisons (1988),1988.0,1,True
https://en.wikipedia.org/wiki/List_of_fiction_works_made_into_feature_films_(D%E2%80%93J),List_of_fiction_works_made_into_feature_films_(D–J),2,"The Dangerous Liaisons (French: Les Liaisons dangereuses) (1782), Pierre Choderlos de Laclos",1782.0,Valmont (1989),1989.0,1,True
https://en.wikipedia.org/wiki/List_of_fiction_works_made_into_feature_films_(D%E2%80%93J),List_of_fiction_works_made_into_feature_films_(D–J),2,"The Dangerous Liaisons (French: Les Liaisons dangereuses) (1782), Pierre Choderlos de Laclos",1782.0,Cruel Intentions (1999),1999.0,1,True
https://en.wikipedia.org/wiki/List_of_fiction_works_made_into_feature_films_(D%E2%80%93J),List_of_fiction_works_made_into_feature_films_(D–J),2,"The Dangerous Liaisons (French: Les Liaisons dangereuses) (1782), Pierre Choderlos de Laclos",1782.0,Untold Scandal (2003),2003.0,1,True
https://en.wikipedia.org/wiki/List_of_fiction_works_made_into_feature_films_(D%E2%80%93J),List_of_fiction_works_made_into_feature_films_(D–J),2,"The Dangerous Liaisons (French: Les Liaisons dangereuses) (1782), Pierre Choderlos de Laclos",1782.0,Michael Lucas' Dangerous Liaisons (2005),2005.0,1,True
https://en.wikipedia.org/wiki/List_of_fiction_works_made_into_feature_films_(D%E2%80%93J),List_of_fiction_works_made_into_feature_films_(D–J),2,"The Dangerous Liaisons (French: Les Liaisons dangereuses) (1782), Pierre Choderlos de Laclos",1782.0,Dangerous Liaisons (Chinese: 危險關係) (2012),2012.0,1,True
https://en.wikipedia.org/wiki/List_of_fiction_works_made_into_feature_films_(D%E2%80%93J),List_of_fiction_works_made_into_feature_films_(D–J),2,"The Dangerous Liaisons (French: Les Liaisons dangereuses) (1782), Pierre Choderlos de Laclos",1782.0,Dangerous Liaisons (2022),2022.0,1,True
https://en.wikipedia.org/wiki/List_of_fiction_works_made_into_feature_films_(D%E2%80%93J),List_of_fiction_works_made_into_feature_films_(D–J),2,"The Dangerous Lives of Altar Boys (2001), Chris Fuhrman",2001.0,The Dangerous Lives of Altar Boys (2002),2002.0,1,True
https://en.wikipedia.org/wiki/List_of_fiction_works_made_into_feature_films_(D%E2%80%93J),List_of_fiction_works_made_into_feature_films_(D–J),2,"Danny, the Champion of the World (1975), Roald Dahl",1975.0,"Danny, the Champion of the World (1989)",1989.0,1,True
https://en.wikipedia.org/wiki/List_of_fiction_works_made_into_feature_films_(D%E2%80%93J),List_of_fiction_works_made_into_feature_films_(D–J),2,"The Dark Fields (2001), Alan Glynn",2001.0,Limitless (2011),2011.0,1,True
https://en.wikipedia.org/wiki/List_of_fiction_works_made_into_feature_films_(D%E2%80%93J),List_of_fiction_works_made_into_feature_films_(D–J),2,"The Dark Is Rising Sequence (1965–1977) (series), Susan Cooper",1965.0,The Seeker (2007),2007.0,1,True
https://en.wikipedia.org/wiki/List_of_fiction_works_made_into_feature_films_(D%E2%80%93J),List_of_fiction_works_made_into_feature_films_(D–J),2,"The Dark Tower (1998–2012) (series), Stephen King",1998.0,The Dark Tower (2017),2017.0,1,True
https://en.wikipedia.org/wiki/List_of_fiction_works_made_into_feature_films_(D%E2%80%93J),List_of_fiction_works_made_into_feature_films_(D–J),2,"David Copperfield (serialised 1849–1850, published as a book 1850), Charles Dickens",1849.0,David Copperfield (1983),1983.0,1,True
https://en.wikipedia.org/wiki/List_of_fiction_works_made_into_feature_films_(D%E2%80%93J),List_of_fiction_works_made_into_feature_films_(D–J),2,"David Copperfield (serialised 1849–1850, published as a book 1850), Charles Dickens",1849.0,David Copperfield (1993),1993.0,1,True
https://en.wikipedia.org/wiki/List_of_fiction_works_made_into_feature_films_(D%E2%80%93J),List_of_fiction_works_made_into_feature_films_(D–J),2,"David Copperfield (serialised 1849–1850, published as a book 1850), Charles Dickens",1849.0,David Copperfield (1999),1999.0,1,True
https://en.wikipedia.org/wiki/List_of_fiction_works_made_into_feature_films_(D%E2%80%93J),List_of_fiction_works_made_into_feature_films_(D–J),2,"David Copperfield (serialised 1849–1850, published as a book 1850), Charles Dickens",1849.0,David Copperfield (2000),2000.0,1,True
https://en.wikipedia.org/wiki/List_of_fiction_works_made_into_feature_films_(D%E2%80%93J),List_of_fiction_works_made_into_feature_films_(D–J),2,"David Copperfield (serialised 1849–1850, published as a book 1850), Charles Dickens",1849.0,The Personal History of David Copperfield (2019),2019.0,1,True
https://en.wikipedia.org/wiki/List_of_fiction_works_made_into_feature_films_(D%E2%80%93J),List_of_fiction_works_made_into_feature_films_(D–J),2,"The Day of the Jackal (1971), Frederick Forsyth",1971.0,August 1 (1988),1988.0,1,True
https://en.wikipedia.org/wiki/List_of_fiction_works_made_into_feature_films_(D%E2%80%93J),List_of_fiction_works_made_into_feature_films_(D–J),2,"The Day of the Jackal (1971), Frederick Forsyth",1971.0,The Jackal (1997),1997.0,1,True
https://en.wikipedia.org/wiki/List_of_fiction_works_made_into_feature_films_(D%E2%80%93J),List_of_fiction_works_made_into_feature_films_(D–J),2,"Dead Calm (1963), Charles K. Williams",1963.0,Dead Calm (1989),1989.0,1,True
https://en.wikipedia.org/wiki/List_of_fiction_works_made_into_feature_films_(D%E2%80%93J),List_of_fiction_works_made_into_feature_films_(D–J),2,"The Dead Zone (1979), Stephen King",1979.0,The Dead Zone (1983),1983.0,1,True
https://en.wikipedia.org/wiki/List_of_fiction_works_made_into_feature_films_(D%E2%80%93J),List_of_fiction_works_made_into_feature_films_(D–J),2,"Deadly, Unna? (1998), Phillip Gwynne",1998.0,Australian Rules (2002),2002.0,1,True
https://en.wikipedia.org/wiki/List_of_fiction_works_made_into_feature_films_(D%E2%80%93J),List_of_fiction_works_made_into_feature_films_(D–J),2,"Dear John (2006), Nicholas Sparks",2006.0,Dear John (2010),2010.0,1,True
https://en.wikipedia.org/wiki/List_of_fiction_works_made_into_feature_films_(D%E2%80%93J),List_of_fiction_works_made_into_feature_films_(D–J),2,"Death Notice (Chinese: 死亡通知单：暗黑者) (2014), Zhou Haohui",2014.0,Death Notice (Chinese: 暗殺風暴) (2023),2023.0,1,True
https://en.wikipedia.org/wiki/List_of_fiction_works_made_into_feature_films_(D%E2%80%93J),List_of_fiction_works_made_into_feature_films_(D–J),2,"The Death of Arthur (French: Le Morte d'Arthur) (1485), Sir Thomas Malory",,Excalibur (1981),1981.0,1,True
https://en.wikipedia.org/wiki/List_of_fiction_works_made_into_feature_films_(D%E2%80%93J),List_of_fiction_works_made_into_feature_films_(D–J),2,"Death on the Nile (1937), Agatha Christie",1937.0,Death on the Nile (2004),2004.0,1,True
https://en.wikipedia.org/wiki/List_of_fiction_works_made_into_feature_films_(D%E2%80%93J),List_of_fiction_works_made_into_feature_films_(D–J),2,"Death on the Nile (1937), Agatha Christie",1937.0,Death on the Nile (2022),2022.0,1,True
https://en.wikipedia.org/wiki/List_of_fiction_works_made_into_feature_films_(D%E2%80%93J),List_of_fiction_works_made_into_feature_films_(D–J),2,"Death Sentence (1975), Brian Garfield",1975.0,Death Sentence (2007),2007.0,1,True
https://en.wikipedia.org/wiki/List_of_fiction_works_made_into_feature_films_(D%E2%80%93J),List_of_fiction_works_made_into_feature_films_(D–J),2,"Death Wish (1972), Brian Garfield",1972.0,Death Wish (2018),2018.0,1,True
https://en.wikipedia.org/wiki/List_of_fiction_works_made_into_feature_films_(D%E2%80%93J),List_of_fiction_works_made_into_feature_films_(D–J),2,"The Deceivers (1952), John Masters",1952.0,The Deceivers (1988),1988.0,1,True
https://en.wikipedia.org/wiki/List_of_fiction_works_made_into_feature_films_(D%E2%80%93J),List_of_fiction_works_made_into_feature_films_(D–J),2,"December Boys (1963), Michael Noonan",1963.0,December Boys (2007),2007.0,1,True
https://en.wikipedia.org/wiki/List_of_fiction_works_made_into_feature_films_(D%E2%80%93J),List_of_fiction_works_made_into_feature_films_(D–J),2,"The Deep End of the Ocean (1996), Jacquelyn Mitchard",1996.0,The Deep End of the Ocean (1999),1999.0,1,True
https://en.wikipedia.org/wiki/List_of_fiction_works_made_into_feature_films_(D%E2%80%93J),List_of_fiction_works_made_into_feature_films_(D–J),2,"Deep Water (1957), Patricia Highsmith",1957.0,Eaux profondes (1981),1981.0,1,True
https://en.wikipedia.org/wiki/List_of_fiction_works_made_into_feature_films_(D%E2%80%93J),List_of_fiction_works_made_into_feature_films_(D–J),2,"Deep Water (1957), Patricia Highsmith",1957.0,Deep Water (2022),2022.0,1,True
https://en.wikipedia.org/wiki/List_of_fiction_works_made_into_feature_films_(D%E2%80%93J),List_of_fiction_works_made_into_feature_films_(D–J),2,"Demon City Shinjuku (魔界都市〈新宿〉, Makai Toshi: Shinjuku) (1982), Hideyuki Kikuchi",1982.0,Demon City Shinjuku (1988),1988.0,1,True
https://en.wikipedia.org/wiki/List_of_fiction_works_made_into_feature_films_(D%E2%80%93J),List_of_fiction_works_made_into_feature_films_(D–J),2,"Demons (Russian: Бесы, romanized: Bésy, IPA: [ˈbʲe.sɨ]) (1872), Fyodor Dostoyevsky",1872.0,The Possessed (1988),1988.0,1,True
https://en.wikipedia.org/wiki/List_of_fiction_works_made_into_feature_films_(D%E2%80%93J),List_of_fiction_works_made_into_feature_films_(D–J),2,"Derailed (2003), James Siegel",2003.0,Derailed (2005),2005.0,1,True
https://en.wikipedia.org/wiki/List_of_fiction_works_made_into_feature_films_(D%E2%80%93J),List_of_fiction_works_made_into_feature_films_(D–J),2,"Desert of the Heart (1964), Jane Rule",1964.0,Desert Hearts (1985),1985.0,1,True
https://en.wikipedia.org/wiki/List_of_fiction_works_made_into_feature_films_(D%E2%80%93J),List_of_fiction_works_made_into_feature_films_(D–J),2,"The Desperate Hours (1954), Joseph Hayes",1954.0,Desperate Hours (1990),1990.0,1,True
https://en.wikipedia.org/wiki/List_of_fiction_works_made_into_feature_films_(D%E2%80%93J),List_of_fiction_works_made_into_feature_films_(D–J),2,"Detective (1997), Arthur Hailey",1997.0,Detective (2005),2005.0,1,True
https://en.wikipedia.org/wiki/List_of_fiction_works_made_into_feature_films_(D%E2%80%93J),List_of_fiction_works_made_into_feature_films_(D–J),2,"Detective in the Bar (探偵はバーにいる, Bar ni Kakatte Kita Denwa) (1981), Naomi Azuma",1981.0,"Detective in the Bar (探偵はBARにいる, Tantei wa bar ni iru) (2011)",2011.0,1,True
https://en.wikipedia.org/wiki/List_of_fiction_works_made_into_feature_films_(D%E2%80%93J),List_of_fiction_works_made_into_feature_films_(D–J),2,"Devdas (Bengali: দেবদাস) (1917), Sarat Chandra Chattopadhyay",1917.0,Prema Tarangalu (1980),1980.0,1,True
https://en.wikipedia.org/wiki/List_of_fiction_works_made_into_feature_films_(D%E2%80%93J),List_of_fiction_works_made_into_feature_films_(D–J),2,"Devdas (Bengali: দেবদাস) (1917), Sarat Chandra Chattopadhyay",1917.0,Amara Kaaviyam (1981),1981.0,1,True
https://en.wikipedia.org/wiki/List_of_fiction_works_made_into_feature_films_(D%E2%80%93J),List_of_fiction_works_made_into_feature_films_(D–J),2,"Devdas (Bengali: দেবদাস) (1917), Sarat Chandra Chattopadhyay",1917.0,Devdas (1982),1982.0,1,True
https://en.wikipedia.org/wiki/List_of_fiction_works_made_into_feature_films_(D%E2%80%93J),List_of_fiction_works_made_into_feature_films_(D–J),2,"Devdas (Bengali: দেবদাস) (1917), Sarat Chandra Chattopadhyay",1917.0,Devadas (1989),1989.0,1,True
https://en.wikipedia.org/wiki/List_of_fiction_works_made_into_feature_films_(D%E2%80%93J),List_of_fiction_works_made_into_feature_films_(D–J),2,"Devdas (Bengali: দেবদাস) (1917), Sarat Chandra Chattopadhyay",1917.0,"Devdas (2002, Bengali)",2002.0,1,True
https://en.wikipedia.org/wiki/List_of_fiction_works_made_into_feature_films_(D%E2%80%93J),List_of_fiction_works_made_into_feature_films_(D–J),2,"Devdas (Bengali: দেবদাস) (1917), Sarat Chandra Chattopadhyay",1917.0,"Devdas (2002, Hindi)",2002.0,1,True
https://en.wikipedia.org/wiki/List_of_fiction_works_made_into_feature_films_(D%E2%80%93J),List_of_fiction_works_made_into_feature_films_(D–J),2,"Devdas (Bengali: দেবদাস) (1917), Sarat Chandra Chattopadhyay",1917.0,Devdas (2004),2004.0,1,True
https://en.wikipedia.org/wiki/List_of_fiction_works_made_into_feature_films_(D%E2%80%93J),List_of_fiction_works_made_into_feature_films_(D–J),2,"Devdas (Bengali: দেবদাস) (1917), Sarat Chandra Chattopadhyay",1917.0,Dev.D (2009),2009.0,1,True
https://en.wikipedia.org/wiki/List_of_fiction_works_made_into_feature_films_(D%E2%80%93J),List_of_fiction_works_made_into_feature_films_(D–J),2,"Devdas (Bengali: দেবদাস) (1917), Sarat Chandra Chattopadhyay",1917.0,Devdas (2010),2010.0,1,True
https://en.wikipedia.org/wiki/List_of_fiction_works_made_into_feature_films_(D%E2%80%93J),List_of_fiction_works_made_into_feature_films_(D–J),2,"Devdas (Bengali: দেবদাস) (1917), Sarat Chandra Chattopadhyay",1917.0,Devdas (2013),2013.0,1,True
https://en.wikipedia.org/wiki/List_of_fiction_works_made_into_feature_films_(D%E2%80%93J),List_of_fiction_works_made_into_feature_films_(D–J),2,"Devdas (Bengali: দেবদাস) (1917), Sarat Chandra Chattopadhyay",1917.0,Devi (2017),2017.0,1,True
https://en.wikipedia.org/wiki/List_of_fiction_works_made_into_feature_films_(D%E2%80%93J),List_of_fiction_works_made_into_feature_films_(D–J),2,"Devdas (Bengali: দেবদাস) (1917), Sarat Chandra Chattopadhyay",1917.0,Daas Dev (2018),2018.0,1,True
https://en.wikipedia.org/wiki/List_of_fiction_works_made_into_feature_films_(D%E2%80%93J),List_of_fiction_works_made_into_feature_films_(D–J),2,"Devdas (Bengali: দেবদাস) (1917), Sarat Chandra Chattopadhyay",1917.0,Nayakara Na Debadas (Odia: ନାୟକର ନାଁ ଦେବଦାସ) (2019),2019.0,1,True
https://en.wikipedia.org/wiki/List_of_fiction_works_made_into_feature_films_(D%E2%80%93J),List_of_fiction_works_made_into_feature_films_(D–J),2,"The Devil All the Time (2011), Donald Ray Pollock",2011.0,The Devil All the Time (2020),2020.0,1,True
https://en.wikipedia.org/wiki/List_of_fiction_works_made_into_feature_films_(D%E2%80%93J),List_of_fiction_works_made_into_feature_films_(D–J),2,"The Devil in the Flesh (French: Le Diable au corps) (1923), Raymond Radiguet",1923.0,Devil in the Flesh (1986),1986.0,1,True
https://en.wikipedia.org/wiki/List_of_fiction_works_made_into_feature_films_(D%E2%80%93J),List_of_fiction_works_made_into_feature_films_(D–J),2,"The Devil Wears Prada (2003), Lauren Weisberger",2003.0,The Devil Wears Prada (2006),2006.0,1,True
https://en.wikipedia.org/wiki/List_of_fiction_works_made_into_feature_films_(D%E2%80%93J),List_of_fiction_works_made_into_feature_films_(D–J),2,"The Devil's Advocate (1990), Andrew Neiderman",1990.0,The Devil's Advocate (1997),1997.0,1,True
https://en.wikipedia.org/wiki/List_of_fiction_works_made_into_feature_films_(D%E2%80%93J),List_of_fiction_works_made_into_feature_films_(D–J),2,"The Devotion of Suspect X (容疑者Xの献身, Yōgisha Ekkusu no Kenshin) (2005), Keigo Higashino",2005.0,Suspect X (2008),2008.0,1,True
https://en.wikipedia.org/wiki/List_of_fiction_works_made_into_feature_films_(D%E2%80%93J),List_of_fiction_works_made_into_feature_films_(D–J),2,"The Devotion of Suspect X (容疑者Xの献身, Yōgisha Ekkusu no Kenshin) (2005), Keigo Higashino",2005.0,Perfect Number (Korean: 용의자X; RR: Yonguija X) (2012),2012.0,1,True
https://en.wikipedia.org/wiki/List_of_fiction_works_made_into_feature_films_(D%E2%80%93J),List_of_fiction_works_made_into_feature_films_(D–J),2,"The Devotion of Suspect X (容疑者Xの献身, Yōgisha Ekkusu no Kenshin) (2005), Keigo Higashino",2005.0,Kolaigaran (2019),2019.0,1,True
https://en.wikipedia.org/wiki/List_of_fiction_works_made_into_feature_films_(D%E2%80%93J),List_of_fiction_works_made_into_feature_films_(D–J),2,"The Devotion of Suspect X (容疑者Xの献身, Yōgisha Ekkusu no Kenshin) (2005), Keigo Higashino",2005.0,Jaane Jaan (2023),2023.0,1,True
https://en.wikipedia.org/wiki/List_of_fiction_works_made_into_feature_films_(D%E2%80%93J),List_of_fiction_works_made_into_feature_films_(D–J),2,"Diary of a Mad Old Man (瘋癲老人日記, Fūten rōjin nikki) (1961), Jun'ichirō Tanizaki",1961.0,Diary of a Old Man (Dutch: Dagboek van een Oude Dwaas) (1987),1987.0,1,True
https://en.wikipedia.org/wiki/List_of_fiction_works_made_into_feature_films_(D%E2%80%93J),List_of_fiction_works_made_into_feature_films_(D–J),2,"The Dig (2007), John Preston",2007.0,The Dig (2021),2021.0,1,True
https://en.wikipedia.org/wiki/List_of_fiction_works_made_into_feature_films_(D%E2%80%93J),List_of_fiction_works_made_into_feature_films_(D–J),2,"Diner (ダイナー) (2009), Yumeaki Hirayama",2009.0,Diner (2019),2019.0,1,True
https://en.wikipedia.org/wiki/List_of_fiction_works_made_into_feature_films_(D%E2%80%93J),List_of_fiction_works_made_into_feature_films_(D–J),2,"Dinner with a Perfect Stranger: An Invitation Worth Considering (2005), David Gregory",2005.0,The Perfect Stranger (2005),2005.0,1,True
https://en.wikipedia.org/wiki/List_of_fiction_works_made_into_feature_films_(D%E2%80%93J),List_of_fiction_works_made_into_feature_films_(D–J),2,"Dinner with a Perfect Stranger: An Invitation Worth Considering (2005), David Gregory",2005.0,Another Perfect Stranger (2007),2007.0,1,True
https://en.wikipedia.org/wiki/List_of_fiction_works_made_into_feature_films_(D%E2%80%93J),List_of_fiction_works_made_into_feature_films_(D–J),2,"Dinner with a Perfect Stranger: An Invitation Worth Considering (2005), David Gregory",2005.0,The Perfect Gift (2009),2009.0,1,True
https://en.wikipedia.org/wiki/List_of_fiction_works_made_into_feature_films_(D%E2%80%93J),List_of_fiction_works_made_into_feature_films_(D–J),2,"Dirty Weekend (1991), Helen Zahavi",1991.0,Dirty Weekend (1993),1993.0,1,True
https://en.wikipedia.org/wiki/List_of_fiction_works_made_into_feature_films_(D%E2%80%93J),List_of_fiction_works_made_into_feature_films_(D–J),2,"Disappearing Acts (1989), Terry McMillan",1989.0,Disappearing Acts (2000),2000.0,1,True
https://en.wikipedia.org/wiki/List_of_fiction_works_made_into_feature_films_(D%E2%80%93J),List_of_fiction_works_made_into_feature_films_(D–J),2,"Disclosure (1994), Michael Crichton",1994.0,Disclosure (1994),1994.0,1,True
https://en.wikipedia.org/wiki/List_of_fiction_works_made_into_feature_films_(D%E2%80%93J),List_of_fiction_works_made_into_feature_films_(D–J),2,"Divine Secrets of the Ya-Ya Sisterhood (1996), Rebecca Wells",1996.0,Divine Secrets of the Ya-Ya Sisterhood (2002),2002.0,1,True
https://en.wikipedia.org/wiki/List_of_fiction_works_made_into_feature_films_(D%E2%80%93J),List_of_fiction_works_made_into_feature_films_(D–J),2,"Le Divorce (1997), Diane Johnson",1997.0,Le Divorce (2003),2003.0,1,True
https://en.wikipedia.org/wiki/List_of_fiction_works_made_into_feature_films_(D%E2%80%93J),List_of_fiction_works_made_into_feature_films_(D–J),2,"Do Androids Dream of Electric Sheep? (1967), Philip K. Dick",1967.0,Blade Runner (1982),1982.0,1,True
https://en.wikipedia.org/wiki/List_of_fiction_works_made_into_feature_films_(D%E2%80%93J),List_of_fiction_works_made_into_feature_films_(D–J),2,"Do Androids Dream of Electric Sheep? (1967), Philip K. Dick",1967.0,Blade Runner 2049 (2017),2017.0,1,True
https://en.wikipedia.org/wiki/List_of_fiction_works_made_into_feature_films_(D%E2%80%93J),List_of_fiction_works_made_into_feature_films_(D–J),2,"Doctor Slaughter (1984), Paul Theroux",1984.0,Half Moon Street (1986),1986.0,1,True
https://en.wikipedia.org/wiki/List_of_fiction_works_made_into_feature_films_(D%E2%80%93J),List_of_fiction_works_made_into_feature_films_(D–J),2,"Doctor Sleep (2013), Stephen King",2013.0,Doctor Sleep (2019),2019.0,1,True
https://en.wikipedia.org/wiki/List_of_fiction_works_made_into_feature_films_(D%E2%80%93J),List_of_fiction_works_made_into_feature_films_(D–J),2,"Does Not Give a Damn (Hebrew: לא שם זין) (1973), Dan Ben-Amotz",1973.0,I Don't Give a Damn (1987),1987.0,1,True
https://en.wikipedia.org/wiki/List_of_fiction_works_made_into_feature_films_(D%E2%80%93J),List_of_fiction_works_made_into_feature_films_(D–J),2,"The Dogs of War (1974), Frederick Forsyth",1974.0,The Dogs of War (1981),1981.0,1,True
https://en.wikipedia.org/wiki/List_of_fiction_works_made_into_feature_films_(D%E2%80%93J),List_of_fiction_works_made_into_feature_films_(D–J),2,"Don Quixote (1605–1615), Miguel de Cervantes",1605.0,Don Quixote (Italian: Don Chisciotte) (1983),1983.0,1,True
https://en.wikipedia.org/wiki/List_of_fiction_works_made_into_feature_films_(D%E2%80%93J),List_of_fiction_works_made_into_feature_films_(D–J),2,"Don Quixote (1605–1615), Miguel de Cervantes",1605.0,Don Quixote of La Mancha (1987),1987.0,1,True
https://en.wikipedia.org/wiki/List_of_fiction_works_made_into_feature_films_(D%E2%80%93J),List_of_fiction_works_made_into_feature_films_(D–J),2,"Don Quixote (1605–1615), Miguel de Cervantes",1605.0,Don Quixote Returns (Russian: Дон Кихот возвращается) (1997),1997.0,1,True
https://en.wikipedia.org/wiki/List_of_fiction_works_made_into_feature_films_(D%E2%80%93J),List_of_fiction_works_made_into_feature_films_(D–J),2,"Don Quixote (1605–1615), Miguel de Cervantes",1605.0,Don Quixote (2000),2000.0,1,True
https://en.wikipedia.org/wiki/List_of_fiction_works_made_into_feature_films_(D%E2%80%93J),List_of_fiction_works_made_into_feature_films_(D–J),2,"Don Quixote (1605–1615), Miguel de Cervantes",1605.0,"Don Quixote, Knight Errant (Spanish: El caballero Don Quijote) (2002)",2002.0,1,True
https://en.wikipedia.org/wiki/List_of_fiction_works_made_into_feature_films_(D%E2%80%93J),List_of_fiction_works_made_into_feature_films_(D–J),2,"Don Quixote (1605–1615), Miguel de Cervantes",1605.0,Honor of the Knights (Catalan: Honor de cavalleria) (2006),2006.0,1,True
https://en.wikipedia.org/wiki/List_of_fiction_works_made_into_feature_films_(D%E2%80%93J),List_of_fiction_works_made_into_feature_films_(D–J),2,"Don Quixote (1605–1615), Miguel de Cervantes",1605.0,Donkey Xote (2007),2007.0,1,True
https://en.wikipedia.org/wiki/List_of_fiction_works_made_into_feature_films_(D%E2%80%93J),List_of_fiction_works_made_into_feature_films_(D–J),2,"Don Quixote (1605–1615), Miguel de Cervantes",1605.0,Don Quichote: Gib niemals auf! (2008),2008.0,1,True
https://en.wikipedia.org/wiki/List_of_fiction_works_made_into_feature_films_(D%E2%80%93J),List_of_fiction_works_made_into_feature_films_(D–J),2,"Don Quixote (1605–1615), Miguel de Cervantes",1605.0,Don Quixote (2010),2010.0,1,True
https://en.wikipedia.org/wiki/List_of_fiction_works_made_into_feature_films_(D%E2%80%93J),List_of_fiction_works_made_into_feature_films_(D–J),2,"Don Quixote (1605–1615), Miguel de Cervantes",1605.0,Don Quixote (2015),2015.0,1,True
https://en.wikipedia.org/wiki/List_of_fiction_works_made_into_feature_films_(D%E2%80%93J),List_of_fiction_works_made_into_feature_films_(D–J),2,"Don Quixote (1605–1615), Miguel de Cervantes",1605.0,The Man Who Killed Don Quixote (2018),2018.0,1,True
https://en.wikipedia.org/wiki/List_of_fiction_works_made_into_feature_films_(D%E2%80%93J),List_of_fiction_works_made_into_feature_films_(D–J),2,"Don Quixote (1605–1615), Miguel de Cervantes",1605.0,The True Don Quixote (2019),2019.0,1,True
https://en.wikipedia.org/wiki/List_of_fiction_works_made_into_feature_films_(D%E2%80%93J),List_of_fiction_works_made_into_feature_films_(D–J),2,"Don't Look and It Won't Hurt (1971), Richard Peck",1971.0,Gas Food Lodging (1992),1992.0,1,True
https://en.wikipedia.org/wiki/List_of_fiction_works_made_into_feature_films_(D%E2%80%93J),List_of_fiction_works_made_into_feature_films_(D–J),2,"Don't Say a Word (1991), Andrew Klavan",1991.0,Don't Say a Word (2001),2001.0,1,True
https://en.wikipedia.org/wiki/List_of_fiction_works_made_into_feature_films_(D%E2%80%93J),List_of_fiction_works_made_into_feature_films_(D–J),2,"Don't Tell Anyone (Spanish: No se lo digas a nadie) (1994), Jaime Bayly",1994.0,No se lo Digas a Nadie (Don't Tell Anyone) (1998),1998.0,1,True
https://en.wikipedia.org/wiki/List_of_fiction_works_made_into_feature_films_(D%E2%80%93J),List_of_fiction_works_made_into_feature_films_(D–J),2,"The Dork of Cork (1993), Chet Raymo",1993.0,Frankie Starlight (1995),1995.0,1,True
https://en.wikipedia.org/wiki/List_of_fiction_works_made_into_feature_films_(D%E2%80%93J),List_of_fiction_works_made_into_feature_films_(D–J),2,"Dotonbori River (道頓堀川, Dotonborigawa) (1981), Teru Miyamoto",1981.0,Dotonbori River (1982),1982.0,1,True
https://en.wikipedia.org/wiki/List_of_fiction_works_made_into_feature_films_(D%E2%80%93J),List_of_fiction_works_made_into_feature_films_(D–J),2,"Down Will Come Baby (1991), Gloria Murphy",1991.0,Down Will Come Baby (1999),1999.0,1,True
https://en.wikipedia.org/wiki/List_of_fiction_works_made_into_feature_films_(D%E2%80%93J),List_of_fiction_works_made_into_feature_films_(D–J),2,"Dracula (1897), Bram Stoker",1897.0,"Dracula: Sovereign of the Damned (闇の帝王 吸血鬼ドラキュラ, Yami no Teiō: Kyūketsuki Dorakyura) (1980)",1980.0,1,True
https://en.wikipedia.org/wiki/List_of_fiction_works_made_into_feature_films_(D%E2%80%93J),List_of_fiction_works_made_into_feature_films_(D–J),2,"Dracula (1897), Bram Stoker",1897.0,Les Charlots contre Dracula (1980),1980.0,1,True
https://en.wikipedia.org/wiki/List_of_fiction_works_made_into_feature_films_(D%E2%80%93J),List_of_fiction_works_made_into_feature_films_(D–J),2,"Dracula (1897), Bram Stoker",1897.0,"Dracula in a Coffin (Korean: 棺속의 드라큐라, Kwansukui Dracula) (1982)",1982.0,1,True
https://en.wikipedia.org/wiki/List_of_fiction_works_made_into_feature_films_(D%E2%80%93J),List_of_fiction_works_made_into_feature_films_(D–J),2,"Dracula (1897), Bram Stoker",1897.0,Fracchia contro Dracula (1985),1985.0,1,True
https://en.wikipedia.org/wiki/List_of_fiction_works_made_into_feature_films_(D%E2%80%93J),List_of_fiction_works_made_into_feature_films_(D–J),2,"Dracula (1897), Bram Stoker",1897.0,Vampire in Venice (Italian: Nosferatu a Venezia) (1988),1988.0,1,True
https://en.wikipedia.org/wiki/List_of_fiction_works_made_into_feature_films_(D%E2%80%93J),List_of_fiction_works_made_into_feature_films_(D–J),2,"Dracula (1897), Bram Stoker",1897.0,Drácula (1991),1991.0,1,True
https://en.wikipedia.org/wiki/List_of_fiction_works_made_into_feature_films_(D%E2%80%93J),List_of_fiction_works_made_into_feature_films_(D–J),2,"Dracula (1897), Bram Stoker",1897.0,Bram Stoker's Dracula (1992),1992.0,1,True
https://en.wikipedia.org/wiki/List_of_fiction_works_made_into_feature_films_(D%E2%80%93J),List_of_fiction_works_made_into_feature_films_(D–J),2,"Dracula (1897), Bram Stoker",1897.0,Dracula Rising (1993),1993.0,1,True
https://en.wikipedia.org/wiki/List_of_fiction_works_made_into_feature_films_(D%E2%80%93J),List_of_fiction_works_made_into_feature_films_(D–J),2,"Dracula (1897), Bram Stoker",1897.0,Dracula: Dead and Loving It (1995),1995.0,1,True
https://en.wikipedia.org/wiki/List_of_fiction_works_made_into_feature_films_(D%E2%80%93J),List_of_fiction_works_made_into_feature_films_(D–J),2,"Dracula (1897), Bram Stoker",1897.0,Die Hard Dracula (1998),1998.0,1,True
https://en.wikipedia.org/wiki/List_of_fiction_works_made_into_feature_films_(D%E2%80%93J),List_of_fiction_works_made_into_feature_films_(D–J),2,"Dracula (1897), Bram Stoker",1897.0,The Mark of Dracula (2000),2000.0,1,True
https://en.wikipedia.org/wiki/List_of_fiction_works_made_into_feature_films_(D%E2%80%93J),List_of_fiction_works_made_into_feature_films_(D–J),2,"Dracula (1897), Bram Stoker",1897.0,Dracula 2000 (2000),2000.0,1,True
https://en.wikipedia.org/wiki/List_of_fiction_works_made_into_feature_films_(D%E2%80%93J),List_of_fiction_works_made_into_feature_films_(D–J),2,"Dracula (1897), Bram Stoker",1897.0,Dark Prince: The True Story of Dracula (2000),2000.0,1,True
https://en.wikipedia.org/wiki/List_of_fiction_works_made_into_feature_films_(D%E2%80%93J),List_of_fiction_works_made_into_feature_films_(D–J),2,"Dracula (1897), Bram Stoker",1897.0,Dracula: Pages from a Virgin's Diary (2002),2002.0,1,True
https://en.wikipedia.org/wiki/List_of_fiction_works_made_into_feature_films_(D%E2%80%93J),List_of_fiction_works_made_into_feature_films_(D–J),2,"Dracula (1897), Bram Stoker",1897.0,Dracula's Fiancee (French: La Fiancée de Dracula) (2002),2002.0,1,True
https://en.wikipedia.org/wiki/List_of_fiction_works_made_into_feature_films_(D%E2%80%93J),List_of_fiction_works_made_into_feature_films_(D–J),2,"Dracula (1897), Bram Stoker",1897.0,Dracula Vs Frankenstein (2002),2002.0,1,True
https://en.wikipedia.org/wiki/List_of_fiction_works_made_into_feature_films_(D%E2%80%93J),List_of_fiction_works_made_into_feature_films_(D–J),2,"Dracula (1897), Bram Stoker",1897.0,Killer Barbys vs. Dracula (2002),2002.0,1,True
https://en.wikipedia.org/wiki/List_of_fiction_works_made_into_feature_films_(D%E2%80%93J),List_of_fiction_works_made_into_feature_films_(D–J),2,"Dracula (1897), Bram Stoker",1897.0,Dracula II: Ascension (2003),2003.0,1,True
https://en.wikipedia.org/wiki/List_of_fiction_works_made_into_feature_films_(D%E2%80%93J),List_of_fiction_works_made_into_feature_films_(D–J),2,"Dracula (1897), Bram Stoker",1897.0,Van Helsing (2004),2004.0,1,True
https://en.wikipedia.org/wiki/List_of_fiction_works_made_into_feature_films_(D%E2%80%93J),List_of_fiction_works_made_into_feature_films_(D–J),2,"Dracula (1897), Bram Stoker",1897.0,Lust for Dracula (2004),2004.0,1,True
https://en.wikipedia.org/wiki/List_of_fiction_works_made_into_feature_films_(D%E2%80%93J),List_of_fiction_works_made_into_feature_films_(D–J),2,"Dracula (1897), Bram Stoker",1897.0,Dracula 3000 (2004),2004.0,1,True
https://en.wikipedia.org/wiki/List_of_fiction_works_made_into_feature_films_(D%E2%80%93J),List_of_fiction_works_made_into_feature_films_(D–J),2,"Dracula (1897), Bram Stoker",1897.0,Bram Stoker's Way of the Vampire (2005),2005.0,1,True
https://en.wikipedia.org/wiki/List_of_fiction_works_made_into_feature_films_(D%E2%80%93J),List_of_fiction_works_made_into_feature_films_(D–J),2,"Dracula (1897), Bram Stoker",1897.0,Dracula III: Legacy (2005),2005.0,1,True
https://en.wikipedia.org/wiki/List_of_fiction_works_made_into_feature_films_(D%E2%80%93J),List_of_fiction_works_made_into_feature_films_(D–J),2,"Dracula (1897), Bram Stoker",1897.0,The Batman vs. Dracula (2005),2005.0,1,True
https://en.wikipedia.org/wiki/List_of_fiction_works_made_into_feature_films_(D%E2%80%93J),List_of_fiction_works_made_into_feature_films_(D–J),2,"Dracula (1897), Bram Stoker",1897.0,Bram Stoker's Dracula's Curse (2006),2006.0,1,True
https://en.wikipedia.org/wiki/List_of_fiction_works_made_into_feature_films_(D%E2%80%93J),List_of_fiction_works_made_into_feature_films_(D–J),2,"Dracula (1897), Bram Stoker",1897.0,Dracula (2006),2006.0,1,True
https://en.wikipedia.org/wiki/List_of_fiction_works_made_into_feature_films_(D%E2%80%93J),List_of_fiction_works_made_into_feature_films_(D–J),2,"Dracula (1897), Bram Stoker",1897.0,Bonnie & Clyde vs. Dracula (2008),2008.0,1,True
https://en.wikipedia.org/wiki/List_of_fiction_works_made_into_feature_films_(D%E2%80%93J),List_of_fiction_works_made_into_feature_films_(D–J),2,"Dracula (1897), Bram Stoker",1897.0,Dracula (2009),2009.0,1,True
https://en.wikipedia.org/wiki/List_of_fiction_works_made_into_feature_films_(D%E2%80%93J),List_of_fiction_works_made_into_feature_films_(D–J),2,"Dracula (1897), Bram Stoker",1897.0,Dracula: Lord of the Damned (2011),2011.0,1,True
https://en.wikipedia.org/wiki/List_of_fiction_works_made_into_feature_films_(D%E2%80%93J),List_of_fiction_works_made_into_feature_films_(D–J),2,"Dracula (1897), Bram Stoker",1897.0,Dracula 0.9 (2012),2012.0,1,True
https://en.wikipedia.org/wiki/List_of_fiction_works_made_into_feature_films_(D%E2%80%93J),List_of_fiction_works_made_into_feature_films_(D–J),2,"Dracula (1897), Bram Stoker",1897.0,Terror of Dracula (2012),2012.0,1,True
https://en.wikipedia.org/wiki/List_of_fiction_works_made_into_feature_films_(D%E2%80%93J),List_of_fiction_works_made_into_feature_films_(D–J),2,"Dracula (1897), Bram Stoker",1897.0,Dracula 3D (2012),2012.0,1,True
https://en.wikipedia.org/wiki/List_of_fiction_works_made_into_feature_films_(D%E2%80%93J),List_of_fiction_works_made_into_feature_films_(D–J),2,"Dracula (1897), Bram Stoker",1897.0,Dracula Reborn (2012),2012.0,1,True
https://en.wikipedia.org/wiki/List_of_fiction_works_made_into_feature_films_(D%E2%80%93J),List_of_fiction_works_made_into_feature_films_(D–J),2,"Dracula (1897), Bram Stoker",1897.0,Dear Dracula (2012),2012.0,1,True
https://en.wikipedia.org/wiki/List_of_fiction_works_made_into_feature_films_(D%E2%80%93J),List_of_fiction_works_made_into_feature_films_(D–J),2,"Dracula (1897), Bram Stoker",1897.0,Dracula 2012 (2013),2012.0,1,True
https://en.wikipedia.org/wiki/List_of_fiction_works_made_into_feature_films_(D%E2%80%93J),List_of_fiction_works_made_into_feature_films_(D–J),2,"Dracula (1897), Bram Stoker",1897.0,Dracula: The Dark Prince (2013),2013.0,1,True
https://en.wikipedia.org/wiki/List_of_fiction_works_made_into_feature_films_(D%E2%80%93J),List_of_fiction_works_made_into_feature_films_(D–J),2,"Dracula (1897), Bram Stoker",1897.0,Dracula Untold (2014),2014.0,1,True
https://en.wikipedia.org/wiki/List_of_fiction_works_made_into_feature_films_(D%E2%80%93J),List_of_fiction_works_made_into_feature_films_(D–J),2,"Dracula (1897), Bram Stoker",1897.0,Dracula Reborn (2015),2015.0,1,True
https://en.wikipedia.org/wiki/List_of_fiction_works_made_into_feature_films_(D%E2%80%93J),List_of_fiction_works_made_into_feature_films_(D–J),2,"Dracula (1897), Bram Stoker",1897.0,Tales of Dracula (2015),2015.0,1,True
https://en.wikipedia.org/wiki/List_of_fiction_works_made_into_feature_films_(D%E2%80%93J),List_of_fiction_works_made_into_feature_films_(D–J),2,"Dracula (1897), Bram Stoker",1897.0,Dracula Goes to Camp (2017),2017.0,1,True
https://en.wikipedia.org/wiki/List_of_fiction_works_made_into_feature_films_(D%E2%80%93J),List_of_fiction_works_made_into_feature_films_(D–J),2,"Dracula (1897), Bram Stoker",1897.0,Dracula in a Women's Prison (2017),2017.0,1,True
https://en.wikipedia.org/wiki/List_of_fiction_works_made_into_feature_films_(D%E2%80%93J),List_of_fiction_works_made_into_feature_films_(D–J),2,"Dracula (1897), Bram Stoker",1897.0,Dracula in Love (2018),2018.0,1,True
https://en.wikipedia.org/wiki/List_of_fiction_works_made_into_feature_films_(D%E2%80%93J),List_of_fiction_works_made_into_feature_films_(D–J),2,"Dracula (1897), Bram Stoker",1897.0,Nuptials of Dracula (Spanish: As Núpcias de Drácula) (2018),2018.0,1,True
https://en.wikipedia.org/wiki/List_of_fiction_works_made_into_feature_films_(D%E2%80%93J),List_of_fiction_works_made_into_feature_films_(D–J),2,"Dracula (1897), Bram Stoker",1897.0,Bram Stoker's Van Helsing (2021),2021.0,1,True
https://en.wikipedia.org/wiki/List_of_fiction_works_made_into_feature_films_(D%E2%80%93J),List_of_fiction_works_made_into_feature_films_(D–J),2,"Dracula (1897), Bram Stoker",1897.0,Dracula on Holiday (2021),2021.0,1,True
https://en.wikipedia.org/wiki/List_of_fiction_works_made_into_feature_films_(D%E2%80%93J),List_of_fiction_works_made_into_feature_films_(D–J),2,"Dracula (1897), Bram Stoker",1897.0,Dracula: The Original Living Vampire (2022),2022.0,1,True
https://en.wikipedia.org/wiki/List_of_fiction_works_made_into_feature_films_(D%E2%80%93J),List_of_fiction_works_made_into_feature_films_(D–J),2,"Dracula (1897), Bram Stoker",1897.0,Renfield (2023),2023.0,1,True
https://en.wikipedia.org/wiki/List_of_fiction_works_made_into_feature_films_(D%E2%80%93J),List_of_fiction_works_made_into_feature_films_(D–J),2,"Dracula (1897), Bram Stoker",1897.0,Wrath of Dracula (2023),2023.0,1,True
https://en.wikipedia.org/wiki/List_of_fiction_works_made_into_feature_films_(D%E2%80%93J),List_of_fiction_works_made_into_feature_films_(D–J),2,"Dracula (1897), Bram Stoker",1897.0,The Last Voyage of the Demeter (2023),2023.0,1,True
https://en.wikipedia.org/wiki/List_of_fiction_works_made_into_feature_films_(D%E2%80%93J),List_of_fiction_works_made_into_feature_films_(D–J),2,"Dracula (1897), Bram Stoker",1897.0,Nosferatu (2024),2024.0,1,True
https://en.wikipedia.org/wiki/List_of_fiction_works_made_into_feature_films_(D%E2%80%93J),List_of_fiction_works_made_into_feature_films_(D–J),2,"The Dragon and the George (1976), Gordon R. Dickson",1976.0,The Flight of Dragons (1982),1982.0,1,True
https://en.wikipedia.org/wiki/List_of_fiction_works_made_into_feature_films_(D%E2%80%93J),List_of_fiction_works_made_into_feature_films_(D–J),2,"Dragons of Autumn Twilight (1984), Margaret Weis and Tracy Hickman",1984.0,Dragonlance: Dragons of Autumn Twilight (2008),2008.0,1,True
https://en.wikipedia.org/wiki/List_of_fiction_works_made_into_feature_films_(D%E2%80%93J),List_of_fiction_works_made_into_feature_films_(D–J),2,"The Dream Master (1966), Roger Zelazny",1966.0,Dreamscape (1984),1984.0,1,True
https://en.wikipedia.org/wiki/List_of_fiction_works_made_into_feature_films_(D%E2%80%93J),List_of_fiction_works_made_into_feature_films_(D–J),2,"Dreamcatcher (2001), Stephen King",2001.0,Dreamcatcher (2003),2003.0,1,True
https://en.wikipedia.org/wiki/List_of_fiction_works_made_into_feature_films_(D%E2%80%93J),List_of_fiction_works_made_into_feature_films_(D–J),2,"Dune (1965), Frank Herbert",1965.0,Dune (1984),1984.0,1,True
https://en.wikipedia.org/wiki/List_of_fiction_works_made_into_feature_films_(D%E2%80%93J),List_of_fiction_works_made_into_feature_films_(D–J),2,"Dune (1965), Frank Herbert",1965.0,Dune: Part One (2021),2021.0,1,True
https://en.wikipedia.org/wiki/List_of_fiction_works_made_into_feature_films_(D%E2%80%93J),List_of_fiction_works_made_into_feature_films_(D–J),2,"Dune (1965), Frank Herbert",1965.0,Dune: Part Two (2024),2024.0,1,True
https://en.wikipedia.org/wiki/List_of_fiction_works_made_into_feature_films_(D%E2%80%93J),List_of_fiction_works_made_into_feature_films_(D–J),2,"The Dying Animal (2001), Philip Roth",2001.0,Elegy (2008),2008.0,1,True
https://en.wikipedia.org/wiki/List_of_fiction_works_made_into_feature_films_(D%E2%80%93J),List_of_fiction_works_made_into_feature_films_(D–J),2,"Dying Young (1990), Marti Leimbach",1990.0,Dying Young (1991),1991.0,1,True
https://en.wikipedia.org/wiki/List_of_fiction_works_made_into_feature_films_(D%E2%80%93J),List_of_fiction_works_made_into_feature_films_(D–J),3,"The Eagle of the Ninth (1954), Rosemary Sutcliff",1954.0,The Eagle (2011),2011.0,1,True
https://en.wikipedia.org/wiki/List_of_fiction_works_made_into_feature_films_(D%E2%80%93J),List_of_fiction_works_made_into_feature_films_(D–J),3,"The Earthquake Bird (2001), Susanna Jones",2001.0,Earthquake Bird (2019),2019.0,1,True
https://en.wikipedia.org/wiki/List_of_fiction_works_made_into_feature_films_(D%E2%80%93J),List_of_fiction_works_made_into_feature_films_(D–J),3,"Eaters of the Dead (1976), Michael Crichton",1976.0,The 13th Warrior (1999),1999.0,1,True
https://en.wikipedia.org/wiki/List_of_fiction_works_made_into_feature_films_(D%E2%80%93J),List_of_fiction_works_made_into_feature_films_(D–J),3,"Eddie and the Cruisers (1980), P. F. Kluge",1980.0,Eddie and the Cruisers (1983),1983.0,1,True
https://en.wikipedia.org/wiki/List_of_fiction_works_made_into_feature_films_(D%E2%80%93J),List_of_fiction_works_made_into_feature_films_(D–J),3,"Election (1998), Tom Perrotta",1998.0,Election (1999),1999.0,1,True
https://en.wikipedia.org/wiki/List_of_fiction_works_made_into_feature_films_(D%E2%80%93J),List_of_fiction_works_made_into_feature_films_(D–J),3,"Elles n'oublient jamais (1993), Christopher Frank",1993.0,Elles n'oublient jamais (1994),1994.0,1,True
https://en.wikipedia.org/wiki/List_of_fiction_works_made_into_feature_films_(D%E2%80%93J),List_of_fiction_works_made_into_feature_films_(D–J),3,"Elsk meg i morgen (Love Me Tomorrow) (1999), Ingvar Ambjørnsen",1999.0,Elsk meg i morgen (2005),2005.0,1,True
https://en.wikipedia.org/wiki/List_of_fiction_works_made_into_feature_films_(D%E2%80%93J),List_of_fiction_works_made_into_feature_films_(D–J),3,"Emma (1815), Jane Austen",1815.0,Clueless (1995),1995.0,1,True
https://en.wikipedia.org/wiki/List_of_fiction_works_made_into_feature_films_(D%E2%80%93J),List_of_fiction_works_made_into_feature_films_(D–J),3,"Emma (1815), Jane Austen",1815.0,Emma (1996),1996.0,1,True
https://en.wikipedia.org/wiki/List_of_fiction_works_made_into_feature_films_(D%E2%80%93J),List_of_fiction_works_made_into_feature_films_(D–J),3,"Emma (1815), Jane Austen",1815.0,Aisha (2010),2010.0,1,True
https://en.wikipedia.org/wiki/List_of_fiction_works_made_into_feature_films_(D%E2%80%93J),List_of_fiction_works_made_into_feature_films_(D–J),3,"Emma (1815), Jane Austen",1815.0,Emma. (2020),2020.0,1,True
https://en.wikipedia.org/wiki/List_of_fiction_works_made_into_feature_films_(D%E2%80%93J),List_of_fiction_works_made_into_feature_films_(D–J),3,"Emil and the Detectives (German: Emil und die Detektive) (1929), Erich Kästner",1929.0,Emil and the Detectives (2001),2001.0,1,True
https://en.wikipedia.org/wiki/List_of_fiction_works_made_into_feature_films_(D%E2%80%93J),List_of_fiction_works_made_into_feature_films_(D–J),3,"Emotional Arithmetic (1990), Matt Cohen",1990.0,Emotional Arithmetic (2008),2008.0,1,True
https://en.wikipedia.org/wiki/List_of_fiction_works_made_into_feature_films_(D%E2%80%93J),List_of_fiction_works_made_into_feature_films_(D–J),3,"Empire of the Sun (1984), J. G. Ballard",1984.0,Empire of the Sun (1987),1987.0,1,True
https://en.wikipedia.org/wiki/List_of_fiction_works_made_into_feature_films_(D%E2%80%93J),List_of_fiction_works_made_into_feature_films_(D–J),3,"The Enchanted April (1922), Elizabeth von Arnim",1922.0,Enchanted April (1992),1992.0,1,True
https://en.wikipedia.org/wiki/List_of_fiction_works_made_into_feature_films_(D%E2%80%93J),List_of_fiction_works_made_into_feature_films_(D–J),3,"The End of the Affair (1951), Graham Greene",1951.0,The End of the Affair (1999),1999.0,1,True
https://en.wikipedia.org/wiki/List_of_fiction_works_made_into_feature_films_(D%E2%80%93J),List_of_fiction_works_made_into_feature_films_(D–J),3,"Endless Love (1979), Scott Spencer",1979.0,Endless Love (1981),1981.0,1,True
https://en.wikipedia.org/wiki/List_of_fiction_works_made_into_feature_films_(D%E2%80%93J),List_of_fiction_works_made_into_feature_films_(D–J),3,"Endless Love (1979), Scott Spencer",1979.0,Endless Love (2014),2014.0,1,True
https://en.wikipedia.org/wiki/List_of_fiction_works_made_into_feature_films_(D%E2%80%93J),List_of_fiction_works_made_into_feature_films_(D–J),3,"Enduring Love (1997), Ian McEwan",1997.0,Enduring Love (2004),2004.0,1,True
https://en.wikipedia.org/wiki/List_of_fiction_works_made_into_feature_films_(D%E2%80%93J),List_of_fiction_works_made_into_feature_films_(D–J),3,"The English Patient (1992), Michael Ondaatje",1992.0,The English Patient (1996),1996.0,1,True
https://en.wikipedia.org/wiki/List_of_fiction_works_made_into_feature_films_(D%E2%80%93J),List_of_fiction_works_made_into_feature_films_(D–J),3,"Enigma (1995), Robert Harris",1995.0,Enigma (2001),2001.0,1,True
https://en.wikipedia.org/wiki/List_of_fiction_works_made_into_feature_films_(D%E2%80%93J),List_of_fiction_works_made_into_feature_films_(D–J),3,"The Entity (1978), Frank De Felitta",1978.0,The Entity (1982),1982.0,1,True
https://en.wikipedia.org/wiki/List_of_fiction_works_made_into_feature_films_(D%E2%80%93J),List_of_fiction_works_made_into_feature_films_(D–J),3,"Eragon (2003), Christopher Paolini",2003.0,Eragon (2006),2006.0,1,True
https://en.wikipedia.org/wiki/List_of_fiction_works_made_into_feature_films_(D%E2%80%93J),List_of_fiction_works_made_into_feature_films_(D–J),3,"Escape to Witch Mountain (1968), Alexander Key",1968.0,Beyond Witch Mountain (1982),1982.0,1,True
https://en.wikipedia.org/wiki/List_of_fiction_works_made_into_feature_films_(D%E2%80%93J),List_of_fiction_works_made_into_feature_films_(D–J),3,"Escape to Witch Mountain (1968), Alexander Key",1968.0,Escape to Witch Mountain (1995),1995.0,1,True
https://en.wikipedia.org/wiki/List_of_fiction_works_made_into_feature_films_(D%E2%80%93J),List_of_fiction_works_made_into_feature_films_(D–J),3,"Escape to Witch Mountain (1968), Alexander Key",1968.0,Race to Witch Mountain (2009),2009.0,1,True
https://en.wikipedia.org/wiki/List_of_fiction_works_made_into_feature_films_(D%E2%80%93J),List_of_fiction_works_made_into_feature_films_(D–J),3,"The Evening Star (1992), Larry McMurtry",1992.0,The Evening Star (1996),1996.0,1,True
https://en.wikipedia.org/wiki/List_of_fiction_works_made_into_feature_films_(D%E2%80%93J),List_of_fiction_works_made_into_feature_films_(D–J),3,"Everybody's All-American (1981), Frank Deford",1981.0,Everybody's All-American (1988),1988.0,1,True
https://en.wikipedia.org/wiki/List_of_fiction_works_made_into_feature_films_(D%E2%80%93J),List_of_fiction_works_made_into_feature_films_(D–J),3,"Everything Is Illuminated (2002), Jonathan Safran Foer",2002.0,Everything Is Illuminated (2005),2005.0,1,True
https://en.wikipedia.org/wiki/List_of_fiction_works_made_into_feature_films_(D%E2%80%93J),List_of_fiction_works_made_into_feature_films_(D–J),3,"Evil Angels (French: Lunes de fiel) (1981), Pascal Bruckner",1981.0,Bitter Moon (1992),1992.0,1,True
https://en.wikipedia.org/wiki/List_of_fiction_works_made_into_feature_films_(D%E2%80%93J),List_of_fiction_works_made_into_feature_films_(D–J),3,"Evil Under the Sun (1981), Agatha Christie",1981.0,Evil Under the Sun (1982),1982.0,1,True
https://en.wikipedia.org/wiki/List_of_fiction_works_made_into_feature_films_(D%E2%80%93J),List_of_fiction_works_made_into_feature_films_(D–J),3,"The Executioners (1957), John D. MacDonald",1957.0,Cape Fear (1991),1991.0,1,True
https://en.wikipedia.org/wiki/List_of_fiction_works_made_into_feature_films_(D%E2%80%93J),List_of_fiction_works_made_into_feature_films_(D–J),3,"Exit to Eden (1984), Anne Rice (as Anne Rampling)",1984.0,Exit To Eden (1994),1994.0,1,True
https://en.wikipedia.org/wiki/List_of_fiction_works_made_into_feature_films_(D%E2%80%93J),List_of_fiction_works_made_into_feature_films_(D–J),3,"Exit Wounds (1990), John Westermann",1990.0,Exit Wounds (2001),2001.0,1,True
https://en.wikipedia.org/wiki/List_of_fiction_works_made_into_feature_films_(D%E2%80%93J),List_of_fiction_works_made_into_feature_films_(D–J),3,"The Exorcist (1971), William Peter Blatty",1971.0,The Exorcist III (1990),1990.0,1,True
https://en.wikipedia.org/wiki/List_of_fiction_works_made_into_feature_films_(D%E2%80%93J),List_of_fiction_works_made_into_feature_films_(D–J),3,"The Exorcist (1971), William Peter Blatty",1971.0,Exorcist: The Beginning (2004),2004.0,1,True
https://en.wikipedia.org/wiki/List_of_fiction_works_made_into_feature_films_(D%E2%80%93J),List_of_fiction_works_made_into_feature_films_(D–J),3,"The Exorcist (1971), William Peter Blatty",1971.0,Dominion: Prequel to the Exorcist (2005),2005.0,1,True
https://en.wikipedia.org/wiki/List_of_fiction_works_made_into_feature_films_(D%E2%80%93J),List_of_fiction_works_made_into_feature_films_(D–J),3,"The Exorcist (1971), William Peter Blatty",1971.0,The Exorcist: Believer (2023),2023.0,1,True
https://en.wikipedia.org/wiki/List_of_fiction_works_made_into_feature_films_(D%E2%80%93J),List_of_fiction_works_made_into_feature_films_(D–J),3,"Extremely Loud and Incredibly Close (2005), Jonathan Safran Foer",2005.0,Extremely Loud and Incredibly Close (2012),2012.0,1,True
https://en.wikipedia.org/wiki/List_of_fiction_works_made_into_feature_films_(D%E2%80%93J),List_of_fiction_works_made_into_feature_films_(D–J),3,"The Eye of the Beholder (1980), Marc Behm",1980.0,Deadly Circuit (French: Mortelle Randonnée) (1983),1983.0,1,True
https://en.wikipedia.org/wiki/List_of_fiction_works_made_into_feature_films_(D%E2%80%93J),List_of_fiction_works_made_into_feature_films_(D–J),3,"The Eye of the Beholder (1980), Marc Behm",1980.0,Eye of the Beholder (1999),1999.0,1,True
https://en.wikipedia.org/wiki/List_of_fiction_works_made_into_feature_films_(D%E2%80%93J),List_of_fiction_works_made_into_feature_films_(D–J),3,"Eye of the Needle (1978), Ken Follett",1978.0,Eye of the Needle (1981),1981.0,1,True
https://en.wikipedia.org/wiki/List_of_fiction_works_made_into_feature_films_(D%E2%80%93J),List_of_fiction_works_made_into_feature_films_(D–J),3,"Eye of the Needle (1978), Ken Follett",1978.0,Fanaa (2006),2006.0,1,True
https://en.wikipedia.org/wiki/List_of_fiction_works_made_into_feature_films_(D%E2%80%93J),List_of_fiction_works_made_into_feature_films_(D–J),4,"Fahrenheit 451 (1953), Ray Bradbury",1953.0,Fahrenheit 451 (2018),2018.0,1,True
https://en.wikipedia.org/wiki/List_of_fiction_works_made_into_feature_films_(D%E2%80%93J),List_of_fiction_works_made_into_feature_films_(D–J),4,"Fail-Safe (1962), Eugene Burdick and Harvey Wheeler",1962.0,Fail Safe (2000),2000.0,1,True
https://en.wikipedia.org/wiki/List_of_fiction_works_made_into_feature_films_(D%E2%80%93J),List_of_fiction_works_made_into_feature_films_(D–J),4,"The Fake Fusé: Satomi Hakkenden (伏 贋作・里見八犬伝, Fusé Gansaku: Satomi Hakkenden) (2010), Kazuki Sakuraba",2010.0,"Fusé: Memoirs of the Hunter Girl (伏 鉄砲娘の捕物帳, Fusé: Teppō Musume no Torimonochō) (2012)",2012.0,1,True
https://en.wikipedia.org/wiki/List_of_fiction_works_made_into_feature_films_(D%E2%80%93J),List_of_fiction_works_made_into_feature_films_(D–J),4,"Falling Angel (1978), William Hjortsberg",1978.0,Angel Heart (1987),1987.0,1,True
https://en.wikipedia.org/wiki/List_of_fiction_works_made_into_feature_films_(D%E2%80%93J),List_of_fiction_works_made_into_feature_films_(D–J),4,"False Witness (1981), Dorothy Uhnak",1981.0,False Witness (1989),1989.0,1,True
https://en.wikipedia.org/wiki/List_of_fiction_works_made_into_feature_films_(D%E2%80%93J),List_of_fiction_works_made_into_feature_films_(D–J),4,"Family Business (1985), Vincent Patrick",1985.0,Family Business (1989),1989.0,1,True
https://en.wikipedia.org/wiki/List_of_fiction_works_made_into_feature_films_(D%E2%80%93J),List_of_fiction_works_made_into_feature_films_(D–J),4,"The Fan (1977), Bob Randall",1977.0,The Fan (1981),1981.0,1,True
https://en.wikipedia.org/wiki/List_of_fiction_works_made_into_feature_films_(D%E2%80%93J),List_of_fiction_works_made_into_feature_films_(D–J),4,"The Fan (1995), Peter Abrahams",1995.0,The Fan (1996),1996.0,1,True
https://en.wikipedia.org/wiki/List_of_fiction_works_made_into_feature_films_(D%E2%80%93J),List_of_fiction_works_made_into_feature_films_(D–J),4,"Far from the Madding Crowd (1874), Thomas Hardy",1874.0,Far from the Madding Crowd (1998),1998.0,1,True
https://en.wikipedia.org/wiki/List_of_fiction_works_made_into_feature_films_(D%E2%80%93J),List_of_fiction_works_made_into_feature_films_(D–J),4,"Far from the Madding Crowd (1874), Thomas Hardy",1874.0,Far from the Madding Crowd (2015),2015.0,1,True
https://en.wikipedia.org/wiki/List_of_fiction_works_made_into_feature_films_(D%E2%80%93J),List_of_fiction_works_made_into_feature_films_(D–J),4,"Farewell My Concubine (1991), Lilian Lee",1991.0,Farewell My Concubine (1993),1993.0,1,True
https://en.wikipedia.org/wiki/List_of_fiction_works_made_into_feature_films_(D%E2%80%93J),List_of_fiction_works_made_into_feature_films_(D–J),4,"Farewell to the King (French: L'Adieu au roi) (1969), Pierre Schoendoerffer",1969.0,Farewell to the King (1989),1989.0,1,True
https://en.wikipedia.org/wiki/List_of_fiction_works_made_into_feature_films_(D%E2%80%93J),List_of_fiction_works_made_into_feature_films_(D–J),4,"Fatelessness (Hungarian: Sorstalanság) (1975), Imre Kertész",1975.0,Fateless (2005),2005.0,1,True
https://en.wikipedia.org/wiki/List_of_fiction_works_made_into_feature_films_(D%E2%80%93J),List_of_fiction_works_made_into_feature_films_(D–J),4,"Father of Frankenstein (1995), Christopher Bram",1995.0,Gods and Monsters (1998),1998.0,1,True
https://en.wikipedia.org/wiki/List_of_fiction_works_made_into_feature_films_(D%E2%80%93J),List_of_fiction_works_made_into_feature_films_(D–J),4,"Father of the Bride (1949), Edward Streeter",1949.0,Father of the Bride (1991),1991.0,1,True
https://en.wikipedia.org/wiki/List_of_fiction_works_made_into_feature_films_(D%E2%80%93J),List_of_fiction_works_made_into_feature_films_(D–J),4,"Father of the Bride (1949), Edward Streeter",1949.0,Father of the Bride Part II (1995),1995.0,1,True
https://en.wikipedia.org/wiki/List_of_fiction_works_made_into_feature_films_(D%E2%80%93J),List_of_fiction_works_made_into_feature_films_(D–J),4,"Father of the Bride (1949), Edward Streeter",1949.0,Father of the Bride (2022),2022.0,1,True
https://en.wikipedia.org/wiki/List_of_fiction_works_made_into_feature_films_(D%E2%80%93J),List_of_fiction_works_made_into_feature_films_(D–J),4,"Father Sky (1979), Devery Freeman",1979.0,Taps (1981),1981.0,1,True
https://en.wikipedia.org/wiki/List_of_fiction_works_made_into_feature_films_(D%E2%80%93J),List_of_fiction_works_made_into_feature_films_(D–J),4,"Fear and Loathing in Las Vegas (1971), Hunter S. Thompson",1971.0,Fear and Loathing in Las Vegas (1998),1998.0,1,True
https://en.wikipedia.org/wiki/List_of_fiction_works_made_into_feature_films_(D%E2%80%93J),List_of_fiction_works_made_into_feature_films_(D–J),4,"Fear and Trembling (French: Stupeur et tremblements) (1999), Amélie Nothomb",1999.0,Fear and Trembling (French: Stupeur et Tremblements) (2003),2003.0,1,True
https://en.wikipedia.org/wiki/List_of_fiction_works_made_into_feature_films_(D%E2%80%93J),List_of_fiction_works_made_into_feature_films_(D–J),4,"The Feather Men (1991), Sir Ranulph Fiennes",1991.0,Killer Elite (2011),2011.0,1,True
https://en.wikipedia.org/wiki/List_of_fiction_works_made_into_feature_films_(D%E2%80%93J),List_of_fiction_works_made_into_feature_films_(D–J),4,"Felidae (1989), Akif Pirinçci",1989.0,Felidae (1994),1994.0,1,True
https://en.wikipedia.org/wiki/List_of_fiction_works_made_into_feature_films_(D%E2%80%93J),List_of_fiction_works_made_into_feature_films_(D–J),4,"Femmes de personnes (1983), Christopher Frank",1983.0,Femmes de personne (1984),1984.0,1,True
https://en.wikipedia.org/wiki/List_of_fiction_works_made_into_feature_films_(D%E2%80%93J),List_of_fiction_works_made_into_feature_films_(D–J),4,"Fever Pitch (1992), Nick Hornby",1992.0,Fever Pitch (1997),1997.0,1,True
https://en.wikipedia.org/wiki/List_of_fiction_works_made_into_feature_films_(D%E2%80%93J),List_of_fiction_works_made_into_feature_films_(D–J),4,"Fever Pitch (1992), Nick Hornby",1992.0,Fever Pitch (2005),2005.0,1,True
https://en.wikipedia.org/wiki/List_of_fiction_works_made_into_feature_films_(D%E2%80%93J),List_of_fiction_works_made_into_feature_films_(D–J),4,"Fifty Shades (2011—2012) (series), E. L. James",2011.0,Fifty Shades of Grey (2015),2015.0,1,True
https://en.wikipedia.org/wiki/List_of_fiction_works_made_into_feature_films_(D%E2%80%93J),List_of_fiction_works_made_into_feature_films_(D–J),4,"Fifty Shades (2011—2012) (series), E. L. James",2011.0,Fifty Shades Darker (2017),2017.0,1,True
https://en.wikipedia.org/wiki/List_of_fiction_works_made_into_feature_films_(D%E2%80%93J),List_of_fiction_works_made_into_feature_films_(D–J),4,"Fifty Shades (2011—2012) (series), E. L. James",2011.0,Fifty Shades Freed (2018),2018.0,1,True
https://en.wikipedia.org/wiki/List_of_fiction_works_made_into_feature_films_(D%E2%80%93J),List_of_fiction_works_made_into_feature_films_(D–J),4,"Fight Club (1996), Chuck Palahniuk",1996.0,Fight Club (1999),1999.0,1,True
https://en.wikipedia.org/wiki/List_of_fiction_works_made_into_feature_films_(D%E2%80%93J),List_of_fiction_works_made_into_feature_films_(D–J),4,"Fire on the Mountain (1962), Edward Abbey",1962.0,Fire on the Mountain (1981),1981.0,1,True
https://en.wikipedia.org/wiki/List_of_fiction_works_made_into_feature_films_(D%E2%80%93J),List_of_fiction_works_made_into_feature_films_(D–J),4,"Firefox (1977), Craig Thomas",1977.0,Firefox (1982),1982.0,1,True
https://en.wikipedia.org/wiki/List_of_fiction_works_made_into_feature_films_(D%E2%80%93J),List_of_fiction_works_made_into_feature_films_(D–J),4,"Fires on the Plain (野火, Nobi) (1959), Shōhei Ōoka",1959.0,Fires on the Plain (2014),2014.0,1,True
https://en.wikipedia.org/wiki/List_of_fiction_works_made_into_feature_films_(D%E2%80%93J),List_of_fiction_works_made_into_feature_films_(D–J),4,"Firestarter (1980), Stephen King",1980.0,Firestarter (1984),1984.0,1,True
https://en.wikipedia.org/wiki/List_of_fiction_works_made_into_feature_films_(D%E2%80%93J),List_of_fiction_works_made_into_feature_films_(D–J),4,"Firestarter (1980), Stephen King",1980.0,Firestarter: Rekindled (2002),2002.0,1,True
https://en.wikipedia.org/wiki/List_of_fiction_works_made_into_feature_films_(D%E2%80%93J),List_of_fiction_works_made_into_feature_films_(D–J),4,"Firestarter (1980), Stephen King",1980.0,Firestarter (2022),2022.0,1,True
https://en.wikipedia.org/wiki/List_of_fiction_works_made_into_feature_films_(D%E2%80%93J),List_of_fiction_works_made_into_feature_films_(D–J),4,"The Firm (1991), John Grisham",1991.0,The Firm (1993),1993.0,1,True
https://en.wikipedia.org/wiki/List_of_fiction_works_made_into_feature_films_(D%E2%80%93J),List_of_fiction_works_made_into_feature_films_(D–J),4,"First Blood (1972), David Morrell",1972.0,First Blood (1982),1982.0,1,True
https://en.wikipedia.org/wiki/List_of_fiction_works_made_into_feature_films_(D%E2%80%93J),List_of_fiction_works_made_into_feature_films_(D–J),4,"First Blood (1972), David Morrell",1972.0,Rambo: First Blood Part II (1985),1985.0,1,True
https://en.wikipedia.org/wiki/List_of_fiction_works_made_into_feature_films_(D%E2%80%93J),List_of_fiction_works_made_into_feature_films_(D–J),4,"First Blood (1972), David Morrell",1972.0,Rambo III (1988),1988.0,1,True
https://en.wikipedia.org/wiki/List_of_fiction_works_made_into_feature_films_(D%E2%80%93J),List_of_fiction_works_made_into_feature_films_(D–J),4,"First Blood (1972), David Morrell",1972.0,Rambo (2008),2008.0,1,True
https://en.wikipedia.org/wiki/List_of_fiction_works_made_into_feature_films_(D%E2%80%93J),List_of_fiction_works_made_into_feature_films_(D–J),4,"First Blood (1972), David Morrell",1972.0,Rambo: Last Blood (2019),2019.0,1,True
https://en.wikipedia.org/wiki/List_of_fiction_works_made_into_feature_films_(D%E2%80%93J),List_of_fiction_works_made_into_feature_films_(D–J),4,"First Love, Last Rites (1975), Ian McEwan",1975.0,Schmetterlinge (1988),1988.0,1,True
https://en.wikipedia.org/wiki/List_of_fiction_works_made_into_feature_films_(D%E2%80%93J),List_of_fiction_works_made_into_feature_films_(D–J),4,"First Love, Last Rites (1975), Ian McEwan",1975.0,"First Love, Last Rites (1997)",1997.0,1,True
https://en.wikipedia.org/wiki/List_of_fiction_works_made_into_feature_films_(D%E2%80%93J),List_of_fiction_works_made_into_feature_films_(D–J),4,"First Love, Last Rites (1975), Ian McEwan",1975.0,Butterflies (2005),2005.0,1,True
https://en.wikipedia.org/wiki/List_of_fiction_works_made_into_feature_films_(D%E2%80%93J),List_of_fiction_works_made_into_feature_films_(D–J),4,"The First Men in the Moon (1901), H. G. Wells",1901.0,The First Men in the Moon (2010),2010.0,1,True
https://en.wikipedia.org/wiki/List_of_fiction_works_made_into_feature_films_(D%E2%80%93J),List_of_fiction_works_made_into_feature_films_(D–J),4,"The First Wives Club (1992), Olivia Goldsmith",1992.0,The First Wives Club (1996),1996.0,1,True
https://en.wikipedia.org/wiki/List_of_fiction_works_made_into_feature_films_(D%E2%80%93J),List_of_fiction_works_made_into_feature_films_(D–J),4,"The Five People You Meet in Heaven (2003), Mitch Albom",2003.0,The Five People You Meet in Heaven (2004),2004.0,1,True
https://en.wikipedia.org/wiki/List_of_fiction_works_made_into_feature_films_(D%E2%80%93J),List_of_fiction_works_made_into_feature_films_(D–J),4,"Flashpoint (1976), George LaFountaine",1976.0,Flashpoint (1984),1984.0,1,True
https://en.wikipedia.org/wiki/List_of_fiction_works_made_into_feature_films_(D%E2%80%93J),List_of_fiction_works_made_into_feature_films_(D–J),4,"Fletch (1974), Gregory Mcdonald",1974.0,Fletch (1985),1985.0,1,True
https://en.wikipedia.org/wiki/List_of_fiction_works_made_into_feature_films_(D%E2%80%93J),List_of_fiction_works_made_into_feature_films_(D–J),4,"Fletch (1974), Gregory Mcdonald",1974.0,Fletch Lives (1989),1989.0,1,True
https://en.wikipedia.org/wiki/List_of_fiction_works_made_into_feature_films_(D%E2%80%93J),List_of_fiction_works_made_into_feature_films_(D–J),4,"Fletch (1974), Gregory Mcdonald",1974.0,"Confess, Fletch (2022)",2022.0,1,True
https://en.wikipedia.org/wiki/List_of_fiction_works_made_into_feature_films_(D%E2%80%93J),List_of_fiction_works_made_into_feature_films_(D–J),4,"Flight of the Intruder (1986), Stephen Coonts",1986.0,Flight of the Intruder (1991),1991.0,1,True
https://en.wikipedia.org/wiki/List_of_fiction_works_made_into_feature_films_(D%E2%80%93J),List_of_fiction_works_made_into_feature_films_(D–J),4,"The Flight of the Phoenix (1964), Elleston Trevor",1964.0,Flight of the Phoenix (2004),2004.0,1,True
https://en.wikipedia.org/wiki/List_of_fiction_works_made_into_feature_films_(D%E2%80%93J),List_of_fiction_works_made_into_feature_films_(D–J),4,"Flowers in the Attic (1979), V. C. Andrews",1979.0,Flowers in the Attic (1987),1987.0,1,True
https://en.wikipedia.org/wiki/List_of_fiction_works_made_into_feature_films_(D%E2%80%93J),List_of_fiction_works_made_into_feature_films_(D–J),4,"Flowers in the Attic (1979), V. C. Andrews",1979.0,Flowers in the Attic (2014),2014.0,1,True
https://en.wikipedia.org/wiki/List_of_fiction_works_made_into_feature_films_(D%E2%80%93J),List_of_fiction_works_made_into_feature_films_(D–J),4,"Focus (1945), Arthur Miller",1945.0,Focus (2002),2002.0,1,True
https://en.wikipedia.org/wiki/List_of_fiction_works_made_into_feature_films_(D%E2%80%93J),List_of_fiction_works_made_into_feature_films_(D–J),4,"The Food of the Gods and How It Came to Earth (1904), H. G. Wells",1904.0,Food of the Gods II (1989),1989.0,1,True
https://en.wikipedia.org/wiki/List_of_fiction_works_made_into_feature_films_(D%E2%80%93J),List_of_fiction_works_made_into_feature_films_(D–J),4,"For Love of the Game (1991), Michael Shaara",1991.0,For Love of the Game (1999),1999.0,1,True
https://en.wikipedia.org/wiki/List_of_fiction_works_made_into_feature_films_(D%E2%80%93J),List_of_fiction_works_made_into_feature_films_(D–J),4,"The Forest (Portuguese: A Selva) (1900), José Maria Ferreira de Castro (as Ferreira de Castro)",1900.0,The Forest (2002),2002.0,1,True
https://en.wikipedia.org/wiki/List_of_fiction_works_made_into_feature_films_(D%E2%80%93J),List_of_fiction_works_made_into_feature_films_(D–J),4,"The Formula (1979), Steve Shagan",1979.0,The Formula (1980),1980.0,1,True
https://en.wikipedia.org/wiki/List_of_fiction_works_made_into_feature_films_(D%E2%80%93J),List_of_fiction_works_made_into_feature_films_(D–J),4,"Forrest Gump (1986), Winston Groom",1986.0,Forrest Gump (1994),1994.0,1,True
https://en.wikipedia.org/wiki/List_of_fiction_works_made_into_feature_films_(D%E2%80%93J),List_of_fiction_works_made_into_feature_films_(D–J),4,"The Four Feathers (1902), A. E. W. Mason",1902.0,The Four Feathers (2002),2002.0,1,True
https://en.wikipedia.org/wiki/List_of_fiction_works_made_into_feature_films_(D%E2%80%93J),List_of_fiction_works_made_into_feature_films_(D–J),4,"The Fourth Man (Dutch: De vierde man) (1981), Gerard Reve",1981.0,The Fourth Man (1983),1983.0,1,True
https://en.wikipedia.org/wiki/List_of_fiction_works_made_into_feature_films_(D%E2%80%93J),List_of_fiction_works_made_into_feature_films_(D–J),4,"The Fourth Protocol (1984), Frederick Forsyth",1984.0,The Fourth Protocol (1987),1987.0,1,True
https://en.wikipedia.org/wiki/List_of_fiction_works_made_into_feature_films_(D%E2%80%93J),List_of_fiction_works_made_into_feature_films_(D–J),4,"The Fox and the Hound (1967), Daniel P. Mannix",1967.0,The Fox and the Hound (1981),1981.0,1,True
https://en.wikipedia.org/wiki/List_of_fiction_works_made_into_feature_films_(D%E2%80%93J),List_of_fiction_works_made_into_feature_films_(D–J),4,"The Fox and the Hound (1967), Daniel P. Mannix",1967.0,The Fox and the Hound 2 (2006),2006.0,1,True
https://en.wikipedia.org/wiki/List_of_fiction_works_made_into_feature_films_(D%E2%80%93J),List_of_fiction_works_made_into_feature_films_(D–J),4,"Frankenstein (1818), Mary Shelley",1818.0,"Frankenstein (恐怖伝説 怪奇！フランケンシュタイン, Kyōfu Densetsu: Kaiki! Furankenshutain) (1981)",1981.0,1,True
https://en.wikipedia.org/wiki/List_of_fiction_works_made_into_feature_films_(D%E2%80%93J),List_of_fiction_works_made_into_feature_films_(D–J),4,"Frankenstein (1818), Mary Shelley",1818.0,Frankenstein Island (1981),1981.0,1,True
https://en.wikipedia.org/wiki/List_of_fiction_works_made_into_feature_films_(D%E2%80%93J),List_of_fiction_works_made_into_feature_films_(D–J),4,"Frankenstein (1818), Mary Shelley",1818.0,Frankenstein's Mother-in-Law (German: Frankensteins Schwiegermutter) (1983),1983.0,1,True
https://en.wikipedia.org/wiki/List_of_fiction_works_made_into_feature_films_(D%E2%80%93J),List_of_fiction_works_made_into_feature_films_(D–J),4,"Frankenstein (1818), Mary Shelley",1818.0,Frankenstein (1984),1984.0,1,True
https://en.wikipedia.org/wiki/List_of_fiction_works_made_into_feature_films_(D%E2%80%93J),List_of_fiction_works_made_into_feature_films_(D–J),4,"Frankenstein (1818), Mary Shelley",1818.0,Frankenstein 90 (1984),1984.0,1,True
https://en.wikipedia.org/wiki/List_of_fiction_works_made_into_feature_films_(D%E2%80%93J),List_of_fiction_works_made_into_feature_films_(D–J),4,"Frankenstein (1818), Mary Shelley",1818.0,Frankenstein's Great Aunt Tillie (1984),1984.0,1,True
https://en.wikipedia.org/wiki/List_of_fiction_works_made_into_feature_films_(D%E2%80%93J),List_of_fiction_works_made_into_feature_films_(D–J),4,"Frankenstein (1818), Mary Shelley",1818.0,The Bride (1985),1985.0,1,True
https://en.wikipedia.org/wiki/List_of_fiction_works_made_into_feature_films_(D%E2%80%93J),List_of_fiction_works_made_into_feature_films_(D–J),4,"Frankenstein (1818), Mary Shelley",1818.0,Frankenstein (1986),1986.0,1,True
https://en.wikipedia.org/wiki/List_of_fiction_works_made_into_feature_films_(D%E2%80%93J),List_of_fiction_works_made_into_feature_films_(D–J),4,"Frankenstein (1818), Mary Shelley",1818.0,Frankenstein General Hospital (1988),1988.0,1,True
https://en.wikipedia.org/wiki/List_of_fiction_works_made_into_feature_films_(D%E2%80%93J),List_of_fiction_works_made_into_feature_films_(D–J),4,"Frankenstein (1818), Mary Shelley",1818.0,Frankenhooker (1990),1990.0,1,True
https://en.wikipedia.org/wiki/List_of_fiction_works_made_into_feature_films_(D%E2%80%93J),List_of_fiction_works_made_into_feature_films_(D–J),4,"Frankenstein (1818), Mary Shelley",1818.0,Frankenstein Unbound (1990),1990.0,1,True
https://en.wikipedia.org/wiki/List_of_fiction_works_made_into_feature_films_(D%E2%80%93J),List_of_fiction_works_made_into_feature_films_(D–J),4,"Frankenstein (1818), Mary Shelley",1818.0,Frank Enstein (1991),1991.0,1,True
https://en.wikipedia.org/wiki/List_of_fiction_works_made_into_feature_films_(D%E2%80%93J),List_of_fiction_works_made_into_feature_films_(D–J),4,"Frankenstein (1818), Mary Shelley",1818.0,Frankenstein: The College Years (1991),1991.0,1,True
https://en.wikipedia.org/wiki/List_of_fiction_works_made_into_feature_films_(D%E2%80%93J),List_of_fiction_works_made_into_feature_films_(D–J),4,"Frankenstein (1818), Mary Shelley",1818.0,Frankenstein (1992),1992.0,1,True
https://en.wikipedia.org/wiki/List_of_fiction_works_made_into_feature_films_(D%E2%80%93J),List_of_fiction_works_made_into_feature_films_(D–J),4,"Frankenstein (1818), Mary Shelley",1818.0,Mary Shelley's Frankenstein (1994),1994.0,1,True
https://en.wikipedia.org/wiki/List_of_fiction_works_made_into_feature_films_(D%E2%80%93J),List_of_fiction_works_made_into_feature_films_(D–J),4,"Frankenstein (1818), Mary Shelley",1818.0,Frankenstein and Me (1996),1996.0,1,True
https://en.wikipedia.org/wiki/List_of_fiction_works_made_into_feature_films_(D%E2%80%93J),List_of_fiction_works_made_into_feature_films_(D–J),4,"Frankenstein (1818), Mary Shelley",1818.0,Billy Frankenstein (1998),1998.0,1,True
https://en.wikipedia.org/wiki/List_of_fiction_works_made_into_feature_films_(D%E2%80%93J),List_of_fiction_works_made_into_feature_films_(D–J),4,"Frankenstein (1818), Mary Shelley",1818.0,Lust for Frankenstein (1998),1998.0,1,True
https://en.wikipedia.org/wiki/List_of_fiction_works_made_into_feature_films_(D%E2%80%93J),List_of_fiction_works_made_into_feature_films_(D–J),4,"Frankenstein (1818), Mary Shelley",1818.0,Frankenstein Reborn! (1998),1998.0,1,True
https://en.wikipedia.org/wiki/List_of_fiction_works_made_into_feature_films_(D%E2%80%93J),List_of_fiction_works_made_into_feature_films_(D–J),4,"Frankenstein (1818), Mary Shelley",1818.0,Rock 'N Roll Frankenstein (1999),1999.0,1,True
https://en.wikipedia.org/wiki/List_of_fiction_works_made_into_feature_films_(D%E2%80%93J),List_of_fiction_works_made_into_feature_films_(D–J),4,"Frankenstein (1818), Mary Shelley",1818.0,Alvin and the Chipmunks Meet Frankenstein (1999),1999.0,1,True
https://en.wikipedia.org/wiki/List_of_fiction_works_made_into_feature_films_(D%E2%80%93J),List_of_fiction_works_made_into_feature_films_(D–J),4,"Frankenstein (1818), Mary Shelley",1818.0,Van Helsing (2004),2004.0,1,True
https://en.wikipedia.org/wiki/List_of_fiction_works_made_into_feature_films_(D%E2%80%93J),List_of_fiction_works_made_into_feature_films_(D–J),4,"Frankenstein (1818), Mary Shelley",1818.0,Frankenstein (2004),2004.0,1,True
https://en.wikipedia.org/wiki/List_of_fiction_works_made_into_feature_films_(D%E2%80%93J),List_of_fiction_works_made_into_feature_films_(D–J),4,"Frankenstein (1818), Mary Shelley",1818.0,Frankenstein vs. the Creature from Blood Cove (2005),2005.0,1,True
https://en.wikipedia.org/wiki/List_of_fiction_works_made_into_feature_films_(D%E2%80%93J),List_of_fiction_works_made_into_feature_films_(D–J),4,"Frankenstein (1818), Mary Shelley",1818.0,Frankenstein (2007),2007.0,1,True
https://en.wikipedia.org/wiki/List_of_fiction_works_made_into_feature_films_(D%E2%80%93J),List_of_fiction_works_made_into_feature_films_(D–J),4,"Frankenstein (1818), Mary Shelley",1818.0,Bikini Frankenstein (2011),2011.0,1,True
https://en.wikipedia.org/wiki/List_of_fiction_works_made_into_feature_films_(D%E2%80%93J),List_of_fiction_works_made_into_feature_films_(D–J),4,"Frankenstein (1818), Mary Shelley",1818.0,Frankenstein: Day of the Beast (2011),2011.0,1,True
https://en.wikipedia.org/wiki/List_of_fiction_works_made_into_feature_films_(D%E2%80%93J),List_of_fiction_works_made_into_feature_films_(D–J),4,"Frankenstein (1818), Mary Shelley",1818.0,Frankenweenie (2012),2012.0,1,True
https://en.wikipedia.org/wiki/List_of_fiction_works_made_into_feature_films_(D%E2%80%93J),List_of_fiction_works_made_into_feature_films_(D–J),4,"Frankenstein (1818), Mary Shelley",1818.0,The Frankenstein Theory (2013),2013.0,1,True
https://en.wikipedia.org/wiki/List_of_fiction_works_made_into_feature_films_(D%E2%80%93J),List_of_fiction_works_made_into_feature_films_(D–J),4,"Frankenstein (1818), Mary Shelley",1818.0,"I, Frankenstein (2014)",2014.0,1,True
https://en.wikipedia.org/wiki/List_of_fiction_works_made_into_feature_films_(D%E2%80%93J),List_of_fiction_works_made_into_feature_films_(D–J),4,"Frankenstein (1818), Mary Shelley",1818.0,Army of Frankensteins (2014),2014.0,1,True
https://en.wikipedia.org/wiki/List_of_fiction_works_made_into_feature_films_(D%E2%80%93J),List_of_fiction_works_made_into_feature_films_(D–J),4,"Frankenstein (1818), Mary Shelley",1818.0,Frankenstein vs. The Mummy (2015),2015.0,1,True
https://en.wikipedia.org/wiki/List_of_fiction_works_made_into_feature_films_(D%E2%80%93J),List_of_fiction_works_made_into_feature_films_(D–J),4,"Frankenstein (1818), Mary Shelley",1818.0,FRANKƐN5TƐ1N (2015),2015.0,1,True
https://en.wikipedia.org/wiki/List_of_fiction_works_made_into_feature_films_(D%E2%80%93J),List_of_fiction_works_made_into_feature_films_(D–J),4,"Frankenstein (1818), Mary Shelley",1818.0,Victor Frankenstein (2015),2015.0,1,True
https://en.wikipedia.org/wiki/List_of_fiction_works_made_into_feature_films_(D%E2%80%93J),List_of_fiction_works_made_into_feature_films_(D–J),4,"Freaky Friday (1972), Mary Rodgers",1972.0,Freaky Friday (1995),1995.0,1,True
https://en.wikipedia.org/wiki/List_of_fiction_works_made_into_feature_films_(D%E2%80%93J),List_of_fiction_works_made_into_feature_films_(D–J),4,"Freaky Friday (1972), Mary Rodgers",1972.0,Freaky Friday (2003),2003.0,1,True
https://en.wikipedia.org/wiki/List_of_fiction_works_made_into_feature_films_(D%E2%80%93J),List_of_fiction_works_made_into_feature_films_(D–J),4,"Freaky Friday (1972), Mary Rodgers",1972.0,Freaky Friday (2018),2018.0,1,True
https://en.wikipedia.org/wiki/List_of_fiction_works_made_into_feature_films_(D%E2%80%93J),List_of_fiction_works_made_into_feature_films_(D–J),4,"Freedomland (1998), Richard Price",1998.0,Freedomland (2006),2006.0,1,True
https://en.wikipedia.org/wiki/List_of_fiction_works_made_into_feature_films_(D%E2%80%93J),List_of_fiction_works_made_into_feature_films_(D–J),4,"The French Lieutenant's Woman (1969), John Fowles",1969.0,The French Lieutenant's Woman (1981),1981.0,1,True
https://en.wikipedia.org/wiki/List_of_fiction_works_made_into_feature_films_(D%E2%80%93J),List_of_fiction_works_made_into_feature_films_(D–J),4,"Fried Green Tomatoes at the Whistle Stop Cafe (1987), Fannie Flagg",1987.0,Fried Green Tomatoes (1991),1991.0,1,True
https://en.wikipedia.org/wiki/List_of_fiction_works_made_into_feature_films_(D%E2%80%93J),List_of_fiction_works_made_into_feature_films_(D–J),4,"Friend (1985), Diana Henstell",1985.0,Deadly Friend (1986),1986.0,1,True
https://en.wikipedia.org/wiki/List_of_fiction_works_made_into_feature_films_(D%E2%80%93J),List_of_fiction_works_made_into_feature_films_(D–J),4,"Funny Farm (1985), Jay Cronley",1985.0,Funny Farm (1988),1988.0,1,True
https://en.wikipedia.org/wiki/List_of_fiction_works_made_into_feature_films_(D%E2%80%93J),List_of_fiction_works_made_into_feature_films_(D–J),5,"The Game of X (1965), Robert Sheckley",1965.0,Condorman (1981),1981.0,1,True
https://en.wikipedia.org/wiki/List_of_fiction_works_made_into_feature_films_(D%E2%80%93J),List_of_fiction_works_made_into_feature_films_(D–J),5,"The Garden of God (1923), Henry De Vere Stacpoole",1923.0,Return to the Blue Lagoon (1991),1991.0,1,True
https://en.wikipedia.org/wiki/List_of_fiction_works_made_into_feature_films_(D%E2%80%93J),List_of_fiction_works_made_into_feature_films_(D–J),5,"The Garden of Sinners (空の境界, Kara no Kyōkai) (1998–1999) (series), Kinoko Nasu",1998.0,The Garden of Sinners: Overlooking View (2007),2007.0,1,True
https://en.wikipedia.org/wiki/List_of_fiction_works_made_into_feature_films_(D%E2%80%93J),List_of_fiction_works_made_into_feature_films_(D–J),5,"The Garden of Sinners (空の境界, Kara no Kyōkai) (1998–1999) (series), Kinoko Nasu",1998.0,The Garden of Sinners: A Study in Murder – Part 1 (2007),2007.0,1,True
https://en.wikipedia.org/wiki/List_of_fiction_works_made_into_feature_films_(D%E2%80%93J),List_of_fiction_works_made_into_feature_films_(D–J),5,"The Garden of Sinners (空の境界, Kara no Kyōkai) (1998–1999) (series), Kinoko Nasu",1998.0,The Garden of Sinners: Remaining Sense of Pain (2008),2008.0,1,True
https://en.wikipedia.org/wiki/List_of_fiction_works_made_into_feature_films_(D%E2%80%93J),List_of_fiction_works_made_into_feature_films_(D–J),5,"The Garden of Sinners (空の境界, Kara no Kyōkai) (1998–1999) (series), Kinoko Nasu",1998.0,The Garden of Sinners: The Hollow Shrine (2008),2008.0,1,True
https://en.wikipedia.org/wiki/List_of_fiction_works_made_into_feature_films_(D%E2%80%93J),List_of_fiction_works_made_into_feature_films_(D–J),5,"The Garden of Sinners (空の境界, Kara no Kyōkai) (1998–1999) (series), Kinoko Nasu",1998.0,The Garden of Sinners: Paradox Spiral (2008),2008.0,1,True
https://en.wikipedia.org/wiki/List_of_fiction_works_made_into_feature_films_(D%E2%80%93J),List_of_fiction_works_made_into_feature_films_(D–J),5,"The Garden of Sinners (空の境界, Kara no Kyōkai) (1998–1999) (series), Kinoko Nasu",1998.0,The Garden of Sinners: Oblivion Recording (2008),2008.0,1,True
https://en.wikipedia.org/wiki/List_of_fiction_works_made_into_feature_films_(D%E2%80%93J),List_of_fiction_works_made_into_feature_films_(D–J),5,"The Garden of Sinners (空の境界, Kara no Kyōkai) (1998–1999) (series), Kinoko Nasu",1998.0,The Garden of Sinners: A Study in Murder – Part 2 (2009),2009.0,1,True
https://en.wikipedia.org/wiki/List_of_fiction_works_made_into_feature_films_(D%E2%80%93J),List_of_fiction_works_made_into_feature_films_(D–J),5,"The Garden of Sinners (空の境界, Kara no Kyōkai) (1998–1999) (series), Kinoko Nasu",1998.0,The Garden of Sinners: Future Gospel (2013),2013.0,1,True
https://en.wikipedia.org/wiki/List_of_fiction_works_made_into_feature_films_(D%E2%80%93J),List_of_fiction_works_made_into_feature_films_(D–J),5,"Gardens of Stone (1983), Nicholas Proffitt",1983.0,Gardens of Stone (1987),1987.0,1,True
https://en.wikipedia.org/wiki/List_of_fiction_works_made_into_feature_films_(D%E2%80%93J),List_of_fiction_works_made_into_feature_films_(D–J),5,"Gasoline (Italian: Benzina) (1998), Elena Stancanelli",1998.0,Gasoline (2001),2001.0,1,True
https://en.wikipedia.org/wiki/List_of_fiction_works_made_into_feature_films_(D%E2%80%93J),List_of_fiction_works_made_into_feature_films_(D–J),5,"Gate of Flesh (肉体の門, Nikutai no mo) (1947), Taijiro Tamura",1947.0,Gate of Flesh (1988),1988.0,1,True
https://en.wikipedia.org/wiki/List_of_fiction_works_made_into_feature_films_(D%E2%80%93J),List_of_fiction_works_made_into_feature_films_(D–J),5,"Get Shorty (1990), Elmore Leonard",1990.0,Get Shorty (1995),1995.0,1,True
https://en.wikipedia.org/wiki/List_of_fiction_works_made_into_feature_films_(D%E2%80%93J),List_of_fiction_works_made_into_feature_films_(D–J),5,"The Getaway (1959), Jim Thompson",1959.0,The Getaway (1994),1994.0,1,True
https://en.wikipedia.org/wiki/List_of_fiction_works_made_into_feature_films_(D%E2%80%93J),List_of_fiction_works_made_into_feature_films_(D–J),5,"The Ghost (2007), Robert Harris",2007.0,The Ghost Writer (2010),2010.0,1,True
https://en.wikipedia.org/wiki/List_of_fiction_works_made_into_feature_films_(D%E2%80%93J),List_of_fiction_works_made_into_feature_films_(D–J),5,"The Girl in the Spider's Web (2015), David Lagercrantz",2015.0,The Girl in the Spider's Web (2018),2018.0,1,True
https://en.wikipedia.org/wiki/List_of_fiction_works_made_into_feature_films_(D%E2%80%93J),List_of_fiction_works_made_into_feature_films_(D–J),5,"The Girl Who Leapt Through Time (時をかける少女, Toki o Kakeru Shōjo) (serialised 1966–1967, published as a book 1967), Yasutaka Tsutsui",1966.0,The Girl Who Leapt Through Time (1983),1983.0,1,True
https://en.wikipedia.org/wiki/List_of_fiction_works_made_into_feature_films_(D%E2%80%93J),List_of_fiction_works_made_into_feature_films_(D–J),5,"The Girl Who Leapt Through Time (時をかける少女, Toki o Kakeru Shōjo) (serialised 1966–1967, published as a book 1967), Yasutaka Tsutsui",1966.0,The Girl Who Leapt Through Time (1997),1997.0,1,True
https://en.wikipedia.org/wiki/List_of_fiction_works_made_into_feature_films_(D%E2%80%93J),List_of_fiction_works_made_into_feature_films_(D–J),5,"The Girl Who Leapt Through Time (時をかける少女, Toki o Kakeru Shōjo) (serialised 1966–1967, published as a book 1967), Yasutaka Tsutsui",1966.0,Morning Musume: Shinshun! Love Stories (新春! LOVEストーリーズ) (2002),2002.0,1,True
https://en.wikipedia.org/wiki/List_of_fiction_works_made_into_feature_films_(D%E2%80%93J),List_of_fiction_works_made_into_feature_films_(D–J),5,"The Girl Who Leapt Through Time (時をかける少女, Toki o Kakeru Shōjo) (serialised 1966–1967, published as a book 1967), Yasutaka Tsutsui",1966.0,The Girl Who Leapt Through Time (2006),2006.0,1,True
https://en.wikipedia.org/wiki/List_of_fiction_works_made_into_feature_films_(D%E2%80%93J),List_of_fiction_works_made_into_feature_films_(D–J),5,"The Girl Who Leapt Through Time (時をかける少女, Toki o Kakeru Shōjo) (serialised 1966–1967, published as a book 1967), Yasutaka Tsutsui",1966.0,Time Traveller: The Girl Who Leapt Through Time (2010),2010.0,1,True
https://en.wikipedia.org/wiki/List_of_fiction_works_made_into_feature_films_(D%E2%80%93J),List_of_fiction_works_made_into_feature_films_(D–J),5,"Girl with a Pearl Earring (1999), Tracy Chevalier",1999.0,Girl with a Pearl Earring (2003),2003.0,1,True
https://en.wikipedia.org/wiki/List_of_fiction_works_made_into_feature_films_(D%E2%80%93J),List_of_fiction_works_made_into_feature_films_(D–J),5,"The Girls' Guide to Hunting and Fishing (2000), Melissa Bank",2000.0,Suburban Girl (2008),2008.0,1,True
https://en.wikipedia.org/wiki/List_of_fiction_works_made_into_feature_films_(D%E2%80%93J),List_of_fiction_works_made_into_feature_films_(D–J),5,"The Glass Rabbit (ガラスのうさぎ, Garasu no Usagi) (1977), Toshiko Takagi",1977.0,Glass no Usagi (2005),2005.0,1,True
https://en.wikipedia.org/wiki/List_of_fiction_works_made_into_feature_films_(D%E2%80%93J),List_of_fiction_works_made_into_feature_films_(D–J),5,"Glitz (1985), Elmore Leonard",1985.0,Glitz (1988),1988.0,1,True
https://en.wikipedia.org/wiki/List_of_fiction_works_made_into_feature_films_(D%E2%80%93J),List_of_fiction_works_made_into_feature_films_(D–J),5,"Gnomes (Dutch: Leven en werken van de Kabouter) (1977), Wil Huygen and Rien Poortvliet",1977.0,Gnomes (1980),1980.0,1,True
https://en.wikipedia.org/wiki/List_of_fiction_works_made_into_feature_films_(D%E2%80%93J),List_of_fiction_works_made_into_feature_films_(D–J),5,"The Go-Between (1953), L. P. Hartley",1953.0,The Go-Between (2015),2015.0,1,True
https://en.wikipedia.org/wiki/List_of_fiction_works_made_into_feature_films_(D%E2%80%93J),List_of_fiction_works_made_into_feature_films_(D–J),5,"God's Mischief (Malayalam: ദൈവത്തിന്റെ വികൃതികള്‍) (1989), M. Mukundan",1989.0,Daivathinte Vikrithikal (1992),1992.0,1,True
https://en.wikipedia.org/wiki/List_of_fiction_works_made_into_feature_films_(D%E2%80%93J),List_of_fiction_works_made_into_feature_films_(D–J),5,"God's Puzzle (神様のパズル, Kamisama no pazuru) (2002), Shinji Kimoto",2002.0,God's Puzzle (2008),2008.0,1,True
https://en.wikipedia.org/wiki/List_of_fiction_works_made_into_feature_films_(D%E2%80%93J),List_of_fiction_works_made_into_feature_films_(D–J),5,"The Godfather (1969), Mario Puzo",1969.0,The Godfather Part III (1990),1990.0,1,True
https://en.wikipedia.org/wiki/List_of_fiction_works_made_into_feature_films_(D%E2%80%93J),List_of_fiction_works_made_into_feature_films_(D–J),5,"Gods and Generals (1996), Jeffrey Shaara",1996.0,Gods and Generals (2003),2003.0,1,True
https://en.wikipedia.org/wiki/List_of_fiction_works_made_into_feature_films_(D%E2%80%93J),List_of_fiction_works_made_into_feature_films_(D–J),5,"Gold Coast (1980), Elmore Leonard",1980.0,Gold Coast (1997),1997.0,1,True
https://en.wikipedia.org/wiki/List_of_fiction_works_made_into_feature_films_(D%E2%80%93J),List_of_fiction_works_made_into_feature_films_(D–J),5,"The Golden Bowl (1904), Henry James",1904.0,The Golden Bowl (2000),2000.0,1,True
https://en.wikipedia.org/wiki/List_of_fiction_works_made_into_feature_films_(D%E2%80%93J),List_of_fiction_works_made_into_feature_films_(D–J),5,"Golden Slumber (ゴールデンスランバー, Gōruden Surambā) (2007), Kōtarō Isaka",2007.0,Golden Slumber (2018),2018.0,1,True
https://en.wikipedia.org/wiki/List_of_fiction_works_made_into_feature_films_(D%E2%80%93J),List_of_fiction_works_made_into_feature_films_(D–J),5,"The Good German (2001), Joseph Kanon",2001.0,The Good German (2006),2006.0,1,True
https://en.wikipedia.org/wiki/List_of_fiction_works_made_into_feature_films_(D%E2%80%93J),List_of_fiction_works_made_into_feature_films_(D–J),5,"Good Morning, Midnight (2016), Lily Brooks-Dalton",2016.0,The Midnight Sky (2020),2020.0,1,True
https://en.wikipedia.org/wiki/List_of_fiction_works_made_into_feature_films_(D%E2%80%93J),List_of_fiction_works_made_into_feature_films_(D–J),5,"A Good Year (2004), Peter Mayle",2004.0,A Good Year (2006),2006.0,1,True
https://en.wikipedia.org/wiki/List_of_fiction_works_made_into_feature_films_(D%E2%80%93J),List_of_fiction_works_made_into_feature_films_(D–J),5,"Gorky Park (1981), Martin Cruz Smith",1981.0,Gorky Park (1983),1983.0,1,True
https://en.wikipedia.org/wiki/List_of_fiction_works_made_into_feature_films_(D%E2%80%93J),List_of_fiction_works_made_into_feature_films_(D–J),5,"Great Expectations (serialised 1860–1861, published as a book 1861), Charles Dickens",1860.0,Great Expectations (1983),1983.0,1,True
https://en.wikipedia.org/wiki/List_of_fiction_works_made_into_feature_films_(D%E2%80%93J),List_of_fiction_works_made_into_feature_films_(D–J),5,"Great Expectations (serialised 1860–1861, published as a book 1861), Charles Dickens",1860.0,Great Expectations (1998),1998.0,1,True
https://en.wikipedia.org/wiki/List_of_fiction_works_made_into_feature_films_(D%E2%80%93J),List_of_fiction_works_made_into_feature_films_(D–J),5,"Great Expectations (serialised 1860–1861, published as a book 1861), Charles Dickens",1860.0,Great Expectations (1999) (TV),1999.0,1,True
https://en.wikipedia.org/wiki/List_of_fiction_works_made_into_feature_films_(D%E2%80%93J),List_of_fiction_works_made_into_feature_films_(D–J),5,"Great Expectations (serialised 1860–1861, published as a book 1861), Charles Dickens",1860.0,Great Expectations (2012),2012.0,1,True
https://en.wikipedia.org/wiki/List_of_fiction_works_made_into_feature_films_(D%E2%80%93J),List_of_fiction_works_made_into_feature_films_(D–J),5,"Great Expectations (serialised 1860–1861, published as a book 1861), Charles Dickens",1860.0,Fitoor (2016),2016.0,1,True
https://en.wikipedia.org/wiki/List_of_fiction_works_made_into_feature_films_(D%E2%80%93J),List_of_fiction_works_made_into_feature_films_(D–J),5,"The Great Gatsby (1925), F. Scott Fitzgerald",1925.0,The Great Gatsby (2000),2000.0,1,True
https://en.wikipedia.org/wiki/List_of_fiction_works_made_into_feature_films_(D%E2%80%93J),List_of_fiction_works_made_into_feature_films_(D–J),5,"The Great Gatsby (1925), F. Scott Fitzgerald",1925.0,G (2002),2002.0,1,True
https://en.wikipedia.org/wiki/List_of_fiction_works_made_into_feature_films_(D%E2%80%93J),List_of_fiction_works_made_into_feature_films_(D–J),5,"The Great Gatsby (1925), F. Scott Fitzgerald",1925.0,The Great Gatsby (2007),2007.0,1,True
https://en.wikipedia.org/wiki/List_of_fiction_works_made_into_feature_films_(D%E2%80%93J),List_of_fiction_works_made_into_feature_films_(D–J),5,"The Great Gatsby (1925), F. Scott Fitzgerald",1925.0,The Great Gatsby (2013),2013.0,1,True
https://en.wikipedia.org/wiki/List_of_fiction_works_made_into_feature_films_(D%E2%80%93J),List_of_fiction_works_made_into_feature_films_(D–J),5,"The Green Mile (1996), Stephen King",1996.0,The Green Mile (1999),1999.0,1,True
https://en.wikipedia.org/wiki/List_of_fiction_works_made_into_feature_films_(D%E2%80%93J),List_of_fiction_works_made_into_feature_films_(D–J),5,"Grendel (1971), John Gardner",1971.0,Grendel Grendel Grendel (1981),1981.0,1,True
https://en.wikipedia.org/wiki/List_of_fiction_works_made_into_feature_films_(D%E2%80%93J),List_of_fiction_works_made_into_feature_films_(D–J),5,"The Grifters (1963), Jim Thompson",1963.0,The Grifters (1990),1990.0,1,True
https://en.wikipedia.org/wiki/List_of_fiction_works_made_into_feature_films_(D%E2%80%93J),List_of_fiction_works_made_into_feature_films_(D–J),5,"The Grizzly King (1916), James Oliver Curwood",1916.0,The Bear (French: L'Ours) (1988),1988.0,1,True
https://en.wikipedia.org/wiki/List_of_fiction_works_made_into_feature_films_(D%E2%80%93J),List_of_fiction_works_made_into_feature_films_(D–J),5,"The Grotesque (1989), Patrick McGrath",1989.0,"The Grotesque (1995) (a. k. a. Grave Indiscretion, Gentlemen Don't Eat Poets)",1995.0,1,True
https://en.wikipedia.org/wiki/List_of_fiction_works_made_into_feature_films_(D%E2%80%93J),List_of_fiction_works_made_into_feature_films_(D–J),5,"The Guilty Head (1969), Romain Gary",1969.0,Les faussaires (1994),1994.0,1,True
https://en.wikipedia.org/wiki/List_of_fiction_works_made_into_feature_films_(D%E2%80%93J),List_of_fiction_works_made_into_feature_films_(D–J),5,"Gulliver's Travels (1726), Jonathan Swift",1726.0,Gulliver in the Country of Giants (Hungarian: Gulliver az óriások országában) (1980),1980.0,1,True
https://en.wikipedia.org/wiki/List_of_fiction_works_made_into_feature_films_(D%E2%80%93J),List_of_fiction_works_made_into_feature_films_(D–J),5,"Gulliver's Travels (1726), Jonathan Swift",1726.0,Gulliver's Travels (Spanish: Los viajes de Gulliver) (1983),1983.0,1,True
https://en.wikipedia.org/wiki/List_of_fiction_works_made_into_feature_films_(D%E2%80%93J),List_of_fiction_works_made_into_feature_films_(D–J),5,"Gulliver's Travels (1726), Jonathan Swift",1726.0,Gulliver's Travels (1996) (V),1996.0,1,True
https://en.wikipedia.org/wiki/List_of_fiction_works_made_into_feature_films_(D%E2%80%93J),List_of_fiction_works_made_into_feature_films_(D–J),5,"Gulliver's Travels (1726), Jonathan Swift",1726.0,Crayola Kids Adventures: Tales of Gulliver's Travels (1997),1997.0,1,True
https://en.wikipedia.org/wiki/List_of_fiction_works_made_into_feature_films_(D%E2%80%93J),List_of_fiction_works_made_into_feature_films_(D–J),5,"Gulliver's Travels (1726), Jonathan Swift",1726.0,Jajantaram Mamantaram (2003),2003.0,1,True
https://en.wikipedia.org/wiki/List_of_fiction_works_made_into_feature_films_(D%E2%80%93J),List_of_fiction_works_made_into_feature_films_(D–J),5,"Gulliver's Travels (1726), Jonathan Swift",1726.0,Gulliver's Travel (2005),2005.0,1,True
https://en.wikipedia.org/wiki/List_of_fiction_works_made_into_feature_films_(D%E2%80%93J),List_of_fiction_works_made_into_feature_films_(D–J),5,"Gulliver's Travels (1726), Jonathan Swift",1726.0,Gulliver's Travels (2010),2010.0,1,True
https://en.wikipedia.org/wiki/List_of_fiction_works_made_into_feature_films_(D%E2%80%93J),List_of_fiction_works_made_into_feature_films_(D–J),6,"Hammers Over the Anvil (1952), Alan Marshall",1952.0,Hammers Over the Anvil (1991),1991.0,1,True
https://en.wikipedia.org/wiki/List_of_fiction_works_made_into_feature_films_(D%E2%80%93J),List_of_fiction_works_made_into_feature_films_(D–J),6,"Hana no Furu Gogo (花の降る午後) (1988), Teru Miyamoto",1988.0,Hana no Furu Gogo (1989),1989.0,1,True
https://en.wikipedia.org/wiki/List_of_fiction_works_made_into_feature_films_(D%E2%80%93J),List_of_fiction_works_made_into_feature_films_(D–J),6,"The Handmaid's Tale (1985), Margaret Atwood",1985.0,The Handmaid's Tale (1990),1990.0,1,True
https://en.wikipedia.org/wiki/List_of_fiction_works_made_into_feature_films_(D%E2%80%93J),List_of_fiction_works_made_into_feature_films_(D–J),6,"Hannibal (1999), Thomas Harris",1999.0,Hannibal (2001),2001.0,1,True
https://en.wikipedia.org/wiki/List_of_fiction_works_made_into_feature_films_(D%E2%80%93J),List_of_fiction_works_made_into_feature_films_(D–J),6,"Hard to Be a God (Russian: Трудно быть богом) (1964), Arkady and Boris Strugatsky",1964.0,Hard to Be a God (1989),1989.0,1,True
https://en.wikipedia.org/wiki/List_of_fiction_works_made_into_feature_films_(D%E2%80%93J),List_of_fiction_works_made_into_feature_films_(D–J),6,"Hard to Be a God (Russian: Трудно быть богом) (1964), Arkady and Boris Strugatsky",1964.0,Hard to Be a God (2008),2008.0,1,True
https://en.wikipedia.org/wiki/List_of_fiction_works_made_into_feature_films_(D%E2%80%93J),List_of_fiction_works_made_into_feature_films_(D–J),6,"Harry Potter (1997–2007) (series), J. K. Rowling",1997.0,Harry Potter and the Philosopher's Stone (2001),2001.0,1,True
https://en.wikipedia.org/wiki/List_of_fiction_works_made_into_feature_films_(D%E2%80%93J),List_of_fiction_works_made_into_feature_films_(D–J),6,"Harry Potter (1997–2007) (series), J. K. Rowling",1997.0,Harry Potter and the Chamber of Secrets (2002),2002.0,1,True
https://en.wikipedia.org/wiki/List_of_fiction_works_made_into_feature_films_(D%E2%80%93J),List_of_fiction_works_made_into_feature_films_(D–J),6,"Harry Potter (1997–2007) (series), J. K. Rowling",1997.0,Harry Potter and the Prisoner of Azkaban (2004),2004.0,1,True
https://en.wikipedia.org/wiki/List_of_fiction_works_made_into_feature_films_(D%E2%80%93J),List_of_fiction_works_made_into_feature_films_(D–J),6,"Harry Potter (1997–2007) (series), J. K. Rowling",1997.0,Harry Potter and the Goblet of Fire (2005),2005.0,1,True
https://en.wikipedia.org/wiki/List_of_fiction_works_made_into_feature_films_(D%E2%80%93J),List_of_fiction_works_made_into_feature_films_(D–J),6,"Harry Potter (1997–2007) (series), J. K. Rowling",1997.0,Harry Potter and the Order of the Phoenix (2007),2007.0,1,True
https://en.wikipedia.org/wiki/List_of_fiction_works_made_into_feature_films_(D%E2%80%93J),List_of_fiction_works_made_into_feature_films_(D–J),6,"Harry Potter (1997–2007) (series), J. K. Rowling",1997.0,Harry Potter and the Half-Blood Prince (2009),2009.0,1,True
https://en.wikipedia.org/wiki/List_of_fiction_works_made_into_feature_films_(D%E2%80%93J),List_of_fiction_works_made_into_feature_films_(D–J),6,"Harry Potter (1997–2007) (series), J. K. Rowling",1997.0,Harry Potter and the Deathly Hallows – Part 1 (2010),2010.0,1,True
https://en.wikipedia.org/wiki/List_of_fiction_works_made_into_feature_films_(D%E2%80%93J),List_of_fiction_works_made_into_feature_films_(D–J),6,"Harry Potter (1997–2007) (series), J. K. Rowling",1997.0,Harry Potter and the Deathly Hallows – Part 2 (2011),2011.0,1,True
https://en.wikipedia.org/wiki/List_of_fiction_works_made_into_feature_films_(D%E2%80%93J),List_of_fiction_works_made_into_feature_films_(D–J),6,"Hart's War (1999), John Katzenbach",1999.0,Hart's War (2002),2002.0,1,True
https://en.wikipedia.org/wiki/List_of_fiction_works_made_into_feature_films_(D%E2%80%93J),List_of_fiction_works_made_into_feature_films_(D–J),6,"Haruchika (ハルチカ) (2008–present) (series), Sei Hatsuno",2008.0,Haruta & Chika (2017),2017.0,1,True
https://en.wikipedia.org/wiki/List_of_fiction_works_made_into_feature_films_(D%E2%80%93J),List_of_fiction_works_made_into_feature_films_(D–J),6,"Hating Alison Ashley (1984), Robin Klein",1984.0,Hating Alison Ashley (2005),2005.0,1,True
https://en.wikipedia.org/wiki/List_of_fiction_works_made_into_feature_films_(D%E2%80%93J),List_of_fiction_works_made_into_feature_films_(D–J),6,"The Haunting of Hill House (1959), Shirley Jackson",1959.0,The Haunting (1999),1999.0,1,True
https://en.wikipedia.org/wiki/List_of_fiction_works_made_into_feature_films_(D%E2%80%93J),List_of_fiction_works_made_into_feature_films_(D–J),6,"Header (1995), Edward Lee",1995.0,Header (2006),2006.0,1,True
https://en.wikipedia.org/wiki/List_of_fiction_works_made_into_feature_films_(D%E2%80%93J),List_of_fiction_works_made_into_feature_films_(D–J),6,"Headhunters (2001), Jules Bass",2001.0,Monte Carlo (2011),2011.0,1,True
https://en.wikipedia.org/wiki/List_of_fiction_works_made_into_feature_films_(D%E2%80%93J),List_of_fiction_works_made_into_feature_films_(D–J),6,"Hear the Wind Sing (風の歌を聴け, Kaze no uta o kike) (1979), Haruki Murakami",1979.0,Hear the Wind Sing (1981),1981.0,1,True
https://en.wikipedia.org/wiki/List_of_fiction_works_made_into_feature_films_(D%E2%80%93J),List_of_fiction_works_made_into_feature_films_(D–J),6,"The Heart of the Matter (1948), Graham Greene",1948.0,The Heart of the Matter (1983),1983.0,1,True
https://en.wikipedia.org/wiki/List_of_fiction_works_made_into_feature_films_(D%E2%80%93J),List_of_fiction_works_made_into_feature_films_(D–J),6,"The Heaven Sword and Dragon Saber (Chinese: 倚天屠龙记) (1961), Jin Yong",1961.0,The Hidden Power of the Dragon Sabre (1984),1984.0,1,True
https://en.wikipedia.org/wiki/List_of_fiction_works_made_into_feature_films_(D%E2%80%93J),List_of_fiction_works_made_into_feature_films_(D–J),6,"The Heaven Sword and Dragon Saber (Chinese: 倚天屠龙记) (1961), Jin Yong",1961.0,Kung Fu Cult Master (1993),1993.0,1,True
https://en.wikipedia.org/wiki/List_of_fiction_works_made_into_feature_films_(D%E2%80%93J),List_of_fiction_works_made_into_feature_films_(D–J),6,"Heidi (1880–81), Johanna Spyri",1880.0,Heidi's Song (1982),1982.0,1,True
https://en.wikipedia.org/wiki/List_of_fiction_works_made_into_feature_films_(D%E2%80%93J),List_of_fiction_works_made_into_feature_films_(D–J),6,"Heidi (1880–81), Johanna Spyri",1880.0,Courage Mountain (1990),1990.0,1,True
https://en.wikipedia.org/wiki/List_of_fiction_works_made_into_feature_films_(D%E2%80%93J),List_of_fiction_works_made_into_feature_films_(D–J),6,"Heidi (1880–81), Johanna Spyri",1880.0,Heidi (1995),1995.0,1,True
https://en.wikipedia.org/wiki/List_of_fiction_works_made_into_feature_films_(D%E2%80%93J),List_of_fiction_works_made_into_feature_films_(D–J),6,"Heidi (1880–81), Johanna Spyri",1880.0,Heidi (2005; produced by Nelvana),2005.0,1,True
https://en.wikipedia.org/wiki/List_of_fiction_works_made_into_feature_films_(D%E2%80%93J),List_of_fiction_works_made_into_feature_films_(D–J),6,"Heidi (1880–81), Johanna Spyri",1880.0,Heidi (2005; directed by Paul Marcus),2005.0,1,True
https://en.wikipedia.org/wiki/List_of_fiction_works_made_into_feature_films_(D%E2%80%93J),List_of_fiction_works_made_into_feature_films_(D–J),6,"Heidi (1880–81), Johanna Spyri",1880.0,Heidi 4 Paws (2008),2008.0,1,True
https://en.wikipedia.org/wiki/List_of_fiction_works_made_into_feature_films_(D%E2%80%93J),List_of_fiction_works_made_into_feature_films_(D–J),6,"Heidi (1880–81), Johanna Spyri",1880.0,Heidi (2015),2015.0,1,True
https://en.wikipedia.org/wiki/List_of_fiction_works_made_into_feature_films_(D%E2%80%93J),List_of_fiction_works_made_into_feature_films_(D–J),6,"The Help (2009), Kathryn Stockett",2009.0,The Help (2011),2011.0,1,True
https://en.wikipedia.org/wiki/List_of_fiction_works_made_into_feature_films_(D%E2%80%93J),List_of_fiction_works_made_into_feature_films_(D–J),6,"High Fidelity (1995), Nick Hornby",1995.0,High Fidelity (2000),2000.0,1,True
https://en.wikipedia.org/wiki/List_of_fiction_works_made_into_feature_films_(D%E2%80%93J),List_of_fiction_works_made_into_feature_films_(D–J),6,"The History of Tom Jones, a Foundling (1749), Henry Fielding",1749.0,Tom Jones (1996),1996.0,1,True
https://en.wikipedia.org/wiki/List_of_fiction_works_made_into_feature_films_(D%E2%80%93J),List_of_fiction_works_made_into_feature_films_(D–J),6,"A History of Violence (1997), John Wagner",1997.0,A History of Violence (2005),2005.0,1,True
https://en.wikipedia.org/wiki/List_of_fiction_works_made_into_feature_films_(D%E2%80%93J),List_of_fiction_works_made_into_feature_films_(D–J),6,"The Hitchhiker's Guide to the Galaxy (1979), Douglas Adams",1979.0,The Hitchhiker's Guide to the Galaxy (2004),2004.0,1,True
https://en.wikipedia.org/wiki/List_of_fiction_works_made_into_feature_films_(D%E2%80%93J),List_of_fiction_works_made_into_feature_films_(D–J),6,"The Hobbit (1937), J. R. R. Tolkien",1937.0,The Hobbit (1985),1985.0,1,True
https://en.wikipedia.org/wiki/List_of_fiction_works_made_into_feature_films_(D%E2%80%93J),List_of_fiction_works_made_into_feature_films_(D–J),6,"The Hobbit (1937), J. R. R. Tolkien",1937.0,The Hobbit: An Unexpected Journey (2012),2012.0,1,True
https://en.wikipedia.org/wiki/List_of_fiction_works_made_into_feature_films_(D%E2%80%93J),List_of_fiction_works_made_into_feature_films_(D–J),6,"The Hobbit (1937), J. R. R. Tolkien",1937.0,The Hobbit: The Desolation of Smaug (2013),2013.0,1,True
https://en.wikipedia.org/wiki/List_of_fiction_works_made_into_feature_films_(D%E2%80%93J),List_of_fiction_works_made_into_feature_films_(D–J),6,"The Hobbit (1937), J. R. R. Tolkien",1937.0,The Hobbit: The Battle of the Five Armies (2014),2014.0,1,True
https://en.wikipedia.org/wiki/List_of_fiction_works_made_into_feature_films_(D%E2%80%93J),List_of_fiction_works_made_into_feature_films_(D–J),6,"The Holcroft Covenant (1978), Robert Ludlum",1978.0,The Holcroft Covenant (1985),1985.0,1,True
https://en.wikipedia.org/wiki/List_of_fiction_works_made_into_feature_films_(D%E2%80%93J),List_of_fiction_works_made_into_feature_films_(D–J),6,"The Holy Innocents (1988), Gilbert Adair",1988.0,The Dreamers (2003),2003.0,1,True
https://en.wikipedia.org/wiki/List_of_fiction_works_made_into_feature_films_(D%E2%80%93J),List_of_fiction_works_made_into_feature_films_(D–J),6,"The Home and the World (Bengali: ঘরে বাইরে, Ghôre Baire) (1916), Rabindranath Tagore",1916.0,Ghare Baire (1984),1984.0,1,True
https://en.wikipedia.org/wiki/List_of_fiction_works_made_into_feature_films_(D%E2%80%93J),List_of_fiction_works_made_into_feature_films_(D–J),6,"The Honorary Consul (1973), Graham Greene",1973.0,The Honorary Consul (1983),1983.0,1,True
https://en.wikipedia.org/wiki/List_of_fiction_works_made_into_feature_films_(D%E2%80%93J),List_of_fiction_works_made_into_feature_films_(D–J),6,"The Host (2008), Stephenie Meyer",2008.0,The Host (2013),2013.0,1,True
https://en.wikipedia.org/wiki/List_of_fiction_works_made_into_feature_films_(D%E2%80%93J),List_of_fiction_works_made_into_feature_films_(D–J),6,"The Hound of Florence (German: Der Hund von Florenz) (1923), Felix Salten",1923.0,The Return of the Shaggy Dog (1987),1987.0,1,True
https://en.wikipedia.org/wiki/List_of_fiction_works_made_into_feature_films_(D%E2%80%93J),List_of_fiction_works_made_into_feature_films_(D–J),6,"The Hound of Florence (German: Der Hund von Florenz) (1923), Felix Salten",1923.0,The Shaggy Dog (1994),1994.0,1,True
https://en.wikipedia.org/wiki/List_of_fiction_works_made_into_feature_films_(D%E2%80%93J),List_of_fiction_works_made_into_feature_films_(D–J),6,"The Hound of Florence (German: Der Hund von Florenz) (1923), Felix Salten",1923.0,The Shaggy Dog (2006),2006.0,1,True
https://en.wikipedia.org/wiki/List_of_fiction_works_made_into_feature_films_(D%E2%80%93J),List_of_fiction_works_made_into_feature_films_(D–J),6,"The Hound of the Baskervilles (serialised 1901—1902, published as a book 1902), Arthur Conan Doyle",1901.0,The Hound of the Baskervilles (1981),1981.0,1,True
https://en.wikipedia.org/wiki/List_of_fiction_works_made_into_feature_films_(D%E2%80%93J),List_of_fiction_works_made_into_feature_films_(D–J),6,"The Hound of the Baskervilles (serialised 1901—1902, published as a book 1902), Arthur Conan Doyle",1901.0,Sherlock Holmes and the Baskerville Curse (1983),1983.0,1,True
https://en.wikipedia.org/wiki/List_of_fiction_works_made_into_feature_films_(D%E2%80%93J),List_of_fiction_works_made_into_feature_films_(D–J),6,"The Hound of the Baskervilles (serialised 1901—1902, published as a book 1902), Arthur Conan Doyle",1901.0,The Hound of the Baskervilles (1983),1983.0,1,True
https://en.wikipedia.org/wiki/List_of_fiction_works_made_into_feature_films_(D%E2%80%93J),List_of_fiction_works_made_into_feature_films_(D–J),6,"The Hound of the Baskervilles (serialised 1901—1902, published as a book 1902), Arthur Conan Doyle",1901.0,The Hound of the Baskervilles (2000),2000.0,1,True
https://en.wikipedia.org/wiki/List_of_fiction_works_made_into_feature_films_(D%E2%80%93J),List_of_fiction_works_made_into_feature_films_(D–J),6,"The Hound of the Baskervilles (serialised 1901—1902, published as a book 1902), Arthur Conan Doyle",1901.0,The Hound of the Baskervilles (2002),2002.0,1,True
https://en.wikipedia.org/wiki/List_of_fiction_works_made_into_feature_films_(D%E2%80%93J),List_of_fiction_works_made_into_feature_films_(D–J),6,"The Hours (1998), Michael Cunningham",1998.0,The Hours (2002),2002.0,1,True
https://en.wikipedia.org/wiki/List_of_fiction_works_made_into_feature_films_(D%E2%80%93J),List_of_fiction_works_made_into_feature_films_(D–J),6,"The House of the Lost on the Cape (岬のマヨイガ, Misaki no Mayoiga) (2015), Sachiko Kashiwaba",2015.0,The House of the Lost on the Cape (2021),2021.0,1,True
https://en.wikipedia.org/wiki/List_of_fiction_works_made_into_feature_films_(D%E2%80%93J),List_of_fiction_works_made_into_feature_films_(D–J),6,"The House of the Spirits (Spanish: La casa de los espíritus) (1982), Isabel Allende",1982.0,The House of the Spirits (1993),1993.0,1,True
https://en.wikipedia.org/wiki/List_of_fiction_works_made_into_feature_films_(D%E2%80%93J),List_of_fiction_works_made_into_feature_films_(D–J),6,"The Housekeeper and the Professor (博士の愛した数式, hakase no ai shita suushiki) (2003), Yōko Ogawa",2003.0,The Professor's Beloved Equation (2006),2006.0,1,True
https://en.wikipedia.org/wiki/List_of_fiction_works_made_into_feature_films_(D%E2%80%93J),List_of_fiction_works_made_into_feature_films_(D–J),6,"Howards End (1910), E. M. Forster",1910.0,Howards End (1992),1992.0,1,True
https://en.wikipedia.org/wiki/List_of_fiction_works_made_into_feature_films_(D%E2%80%93J),List_of_fiction_works_made_into_feature_films_(D–J),6,"The Howling (1977), Gary Brandner",1977.0,The Howling (1981),1981.0,1,True
https://en.wikipedia.org/wiki/List_of_fiction_works_made_into_feature_films_(D%E2%80%93J),List_of_fiction_works_made_into_feature_films_(D–J),6,"The Howling (1977), Gary Brandner",1977.0,Howling II: Stirba - Werewolf Bitch (1985),1985.0,1,True
https://en.wikipedia.org/wiki/List_of_fiction_works_made_into_feature_films_(D%E2%80%93J),List_of_fiction_works_made_into_feature_films_(D–J),6,"The Howling (1977), Gary Brandner",1977.0,Howling III (1987),1987.0,1,True
https://en.wikipedia.org/wiki/List_of_fiction_works_made_into_feature_films_(D%E2%80%93J),List_of_fiction_works_made_into_feature_films_(D–J),6,"The Howling (1977), Gary Brandner",1977.0,Howling IV: The Original Nightmare (1988),1988.0,1,True
https://en.wikipedia.org/wiki/List_of_fiction_works_made_into_feature_films_(D%E2%80%93J),List_of_fiction_works_made_into_feature_films_(D–J),6,"The Howling (1977), Gary Brandner",1977.0,Howling V: The Rebirth (1990),1990.0,1,True
https://en.wikipedia.org/wiki/List_of_fiction_works_made_into_feature_films_(D%E2%80%93J),List_of_fiction_works_made_into_feature_films_(D–J),6,"The Howling (1977), Gary Brandner",1977.0,Howling VI: The Freaks (1992),1992.0,1,True
https://en.wikipedia.org/wiki/List_of_fiction_works_made_into_feature_films_(D%E2%80%93J),List_of_fiction_works_made_into_feature_films_(D–J),6,"The Howling (1977), Gary Brandner",1977.0,Howling: New Moon Rising (1994),1994.0,1,True
https://en.wikipedia.org/wiki/List_of_fiction_works_made_into_feature_films_(D%E2%80%93J),List_of_fiction_works_made_into_feature_films_(D–J),6,"The Howling (1977), Gary Brandner",1977.0,The Howling: Reborn (2011),2011.0,1,True
https://en.wikipedia.org/wiki/List_of_fiction_works_made_into_feature_films_(D%E2%80%93J),List_of_fiction_works_made_into_feature_films_(D–J),6,"The Human Stain (2000), Philip Roth",2000.0,The Human Stain (2003),2003.0,1,True
https://en.wikipedia.org/wiki/List_of_fiction_works_made_into_feature_films_(D%E2%80%93J),List_of_fiction_works_made_into_feature_films_(D–J),6,"The Hunchback of Notre-Dame (French: Notre-Dame de Paris. 1482) (1831), Victor Hugo",1831.0,The Hunchback of Notre Dame (1982),1982.0,1,True
https://en.wikipedia.org/wiki/List_of_fiction_works_made_into_feature_films_(D%E2%80%93J),List_of_fiction_works_made_into_feature_films_(D–J),6,"The Hunchback of Notre-Dame (French: Notre-Dame de Paris. 1482) (1831), Victor Hugo",1831.0,The Hunchback of Notre Dame (1986),1986.0,1,True
https://en.wikipedia.org/wiki/List_of_fiction_works_made_into_feature_films_(D%E2%80%93J),List_of_fiction_works_made_into_feature_films_(D–J),6,"The Hunchback of Notre-Dame (French: Notre-Dame de Paris. 1482) (1831), Victor Hugo",1831.0,The Secret of the Hunchback (1996),1996.0,1,True
https://en.wikipedia.org/wiki/List_of_fiction_works_made_into_feature_films_(D%E2%80%93J),List_of_fiction_works_made_into_feature_films_(D–J),6,"The Hunchback of Notre-Dame (French: Notre-Dame de Paris. 1482) (1831), Victor Hugo",1831.0,The Hunchback of Notre Dame (1996; Golden Films),1996.0,1,True
https://en.wikipedia.org/wiki/List_of_fiction_works_made_into_feature_films_(D%E2%80%93J),List_of_fiction_works_made_into_feature_films_(D–J),6,"The Hunchback of Notre-Dame (French: Notre-Dame de Paris. 1482) (1831), Victor Hugo",1831.0,The Hunchback of Notre Dame (1996; Jetlag Productions),1996.0,1,True
https://en.wikipedia.org/wiki/List_of_fiction_works_made_into_feature_films_(D%E2%80%93J),List_of_fiction_works_made_into_feature_films_(D–J),6,"The Hunchback of Notre-Dame (French: Notre-Dame de Paris. 1482) (1831), Victor Hugo",1831.0,The Hunchback of Notre Dame (1996; Burbank Animation Studios),1996.0,1,True
https://en.wikipedia.org/wiki/List_of_fiction_works_made_into_feature_films_(D%E2%80%93J),List_of_fiction_works_made_into_feature_films_(D–J),6,"The Hunchback of Notre-Dame (French: Notre-Dame de Paris. 1482) (1831), Victor Hugo",1831.0,The Hunchback of Notre Dame (1996; Walt Disney Animation Studios),1996.0,1,True
https://en.wikipedia.org/wiki/List_of_fiction_works_made_into_feature_films_(D%E2%80%93J),List_of_fiction_works_made_into_feature_films_(D–J),6,"The Hunchback of Notre-Dame (French: Notre-Dame de Paris. 1482) (1831), Victor Hugo",1831.0,The Hunchback of Notre Dame (1996; Dingo Pictures),1996.0,1,True
https://en.wikipedia.org/wiki/List_of_fiction_works_made_into_feature_films_(D%E2%80%93J),List_of_fiction_works_made_into_feature_films_(D–J),6,"The Hunchback of Notre-Dame (French: Notre-Dame de Paris. 1482) (1831), Victor Hugo",1831.0,The Hunchback (1997),1997.0,1,True
https://en.wikipedia.org/wiki/List_of_fiction_works_made_into_feature_films_(D%E2%80%93J),List_of_fiction_works_made_into_feature_films_(D–J),6,"The Hunchback of Notre-Dame (French: Notre-Dame de Paris. 1482) (1831), Victor Hugo",1831.0,Quasimodo d'El Paris (1999),1999.0,1,True
https://en.wikipedia.org/wiki/List_of_fiction_works_made_into_feature_films_(D%E2%80%93J),List_of_fiction_works_made_into_feature_films_(D–J),6,"The Hunchback of Notre-Dame (French: Notre-Dame de Paris. 1482) (1831), Victor Hugo",1831.0,The Hunchback of Notre Dame II (2002),2002.0,1,True
https://en.wikipedia.org/wiki/List_of_fiction_works_made_into_feature_films_(D%E2%80%93J),List_of_fiction_works_made_into_feature_films_(D–J),6,"The Hunchback of Notre-Dame (French: Notre-Dame de Paris. 1482) (1831), Victor Hugo",1831.0,Quasi (2023),2023.0,1,True
https://en.wikipedia.org/wiki/List_of_fiction_works_made_into_feature_films_(D%E2%80%93J),List_of_fiction_works_made_into_feature_films_(D–J),6,"The Hundred and One Dalmatians (1956), Dodie Smith",1956.0,101 Dalmatians (1996),1996.0,1,True
https://en.wikipedia.org/wiki/List_of_fiction_works_made_into_feature_films_(D%E2%80%93J),List_of_fiction_works_made_into_feature_films_(D–J),6,"The Hundred and One Dalmatians (1956), Dodie Smith",1956.0,102 Dalmatians (2000),2000.0,1,True
https://en.wikipedia.org/wiki/List_of_fiction_works_made_into_feature_films_(D%E2%80%93J),List_of_fiction_works_made_into_feature_films_(D–J),6,"The Hundred and One Dalmatians (1956), Dodie Smith",1956.0,101 Dalmatians II: Patch's London Adventure (2003),2003.0,1,True
https://en.wikipedia.org/wiki/List_of_fiction_works_made_into_feature_films_(D%E2%80%93J),List_of_fiction_works_made_into_feature_films_(D–J),6,"The Hundred and One Dalmatians (1956), Dodie Smith",1956.0,Cruella (2021),2021.0,1,True
https://en.wikipedia.org/wiki/List_of_fiction_works_made_into_feature_films_(D%E2%80%93J),List_of_fiction_works_made_into_feature_films_(D–J),6,"The Hunger Games (2008–2010, 2020–2025) (series), Suzanne Collins",2008.0,The Hunger Games (2012),2012.0,1,True
https://en.wikipedia.org/wiki/List_of_fiction_works_made_into_feature_films_(D%E2%80%93J),List_of_fiction_works_made_into_feature_films_(D–J),6,"The Hunger Games (2008–2010, 2020–2025) (series), Suzanne Collins",2008.0,The Hunger Games: Catching Fire (2013),2013.0,1,True
https://en.wikipedia.org/wiki/List_of_fiction_works_made_into_feature_films_(D%E2%80%93J),List_of_fiction_works_made_into_feature_films_(D–J),6,"The Hunger Games (2008–2010, 2020–2025) (series), Suzanne Collins",2008.0,The Hunger Games: Mockingjay - Part 1 (2014),2014.0,1,True
https://en.wikipedia.org/wiki/List_of_fiction_works_made_into_feature_films_(D%E2%80%93J),List_of_fiction_works_made_into_feature_films_(D–J),6,"The Hunger Games (2008–2010, 2020–2025) (series), Suzanne Collins",2008.0,The Hunger Games: Mockingjay - Part 2 (2015),2015.0,1,True
https://en.wikipedia.org/wiki/List_of_fiction_works_made_into_feature_films_(D%E2%80%93J),List_of_fiction_works_made_into_feature_films_(D–J),6,"The Hunger Games (2008–2010, 2020–2025) (series), Suzanne Collins",2008.0,The Hunger Games: The Ballad of Songbirds & Snakes (2023),2023.0,1,True
https://en.wikipedia.org/wiki/List_of_fiction_works_made_into_feature_films_(D%E2%80%93J),List_of_fiction_works_made_into_feature_films_(D–J),6,"The Hunt for Red October (1984), Tom Clancy",1984.0,The Hunt for Red October (1990),1990.0,1,True
https://en.wikipedia.org/wiki/List_of_fiction_works_made_into_feature_films_(D%E2%80%93J),List_of_fiction_works_made_into_feature_films_(D–J),6,"The Hunter (1962), Donald E. Westlake",1962.0,Payback (1999),1999.0,1,True
https://en.wikipedia.org/wiki/List_of_fiction_works_made_into_feature_films_(D%E2%80%93J),List_of_fiction_works_made_into_feature_films_(D–J),7,"I Am Legend (1954), Richard Matheson",1954.0,I Am Legend (2007),2007.0,1,True
https://en.wikipedia.org/wiki/List_of_fiction_works_made_into_feature_films_(D%E2%80%93J),List_of_fiction_works_made_into_feature_films_(D–J),7,"I Am Legend (1954), Richard Matheson",1954.0,I Am Ωmega (2007),2007.0,1,True
https://en.wikipedia.org/wiki/List_of_fiction_works_made_into_feature_films_(D%E2%80%93J),List_of_fiction_works_made_into_feature_films_(D–J),7,"I Am Number Four (2010), Pittacus Lore",2010.0,I Am Number Four (2011),2011.0,1,True
https://en.wikipedia.org/wiki/List_of_fiction_works_made_into_feature_films_(D%E2%80%93J),List_of_fiction_works_made_into_feature_films_(D–J),7,"I Know What You Did Last Summer (1973), Lois Duncan",1973.0,I Know What You Did Last Summer (1997),1997.0,1,True
https://en.wikipedia.org/wiki/List_of_fiction_works_made_into_feature_films_(D%E2%80%93J),List_of_fiction_works_made_into_feature_films_(D–J),7,"I Know What You Did Last Summer (1973), Lois Duncan",1973.0,I Still Know What You Did Last Summer (2000),2000.0,1,True
https://en.wikipedia.org/wiki/List_of_fiction_works_made_into_feature_films_(D%E2%80%93J),List_of_fiction_works_made_into_feature_films_(D–J),7,"I Know What You Did Last Summer (1973), Lois Duncan",1973.0,I'll Always Know What You Did Last Summer (2006),2006.0,1,True
https://en.wikipedia.org/wiki/List_of_fiction_works_made_into_feature_films_(D%E2%80%93J),List_of_fiction_works_made_into_feature_films_(D–J),7,"I Love You, Beth Cooper (2007), Larry Doyle",2007.0,"I Love You, Beth Cooper (2009)",2009.0,1,True
https://en.wikipedia.org/wiki/List_of_fiction_works_made_into_feature_films_(D%E2%80%93J),List_of_fiction_works_made_into_feature_films_(D–J),7,"I Want to Eat Your Pancreas (君の膵臓をたべたい, Kimi no Suizō o Tabetai) (2014), Yoru Sumino",2014.0,Let Me Eat Your Pancreas (2017),2017.0,1,True
https://en.wikipedia.org/wiki/List_of_fiction_works_made_into_feature_films_(D%E2%80%93J),List_of_fiction_works_made_into_feature_films_(D–J),7,"I Want to Eat Your Pancreas (君の膵臓をたべたい, Kimi no Suizō o Tabetai) (2014), Yoru Sumino",2014.0,I Want to Eat Your Pancreas (2018),2018.0,1,True
https://en.wikipedia.org/wiki/List_of_fiction_works_made_into_feature_films_(D%E2%80%93J),List_of_fiction_works_made_into_feature_films_(D–J),7,"I'm Thinking of Ending Things (2016), Iain Reid",2016.0,I'm Thinking of Ending Things (2020),2020.0,1,True
https://en.wikipedia.org/wiki/List_of_fiction_works_made_into_feature_films_(D%E2%80%93J),List_of_fiction_works_made_into_feature_films_(D–J),7,"Imagining Argentina (1987), Lawrence Thornton",1987.0,Imagining Argentina (2003),2003.0,1,True
https://en.wikipedia.org/wiki/List_of_fiction_works_made_into_feature_films_(D%E2%80%93J),List_of_fiction_works_made_into_feature_films_(D–J),7,"Immortality, Inc. (1959), Robert Sheckley",1959.0,Freejack (1992),1992.0,1,True
https://en.wikipedia.org/wiki/List_of_fiction_works_made_into_feature_films_(D%E2%80%93J),List_of_fiction_works_made_into_feature_films_(D–J),7,"In Country (1985), Bobbie Ann Mason",1985.0,In Country (1989),1989.0,1,True
https://en.wikipedia.org/wiki/List_of_fiction_works_made_into_feature_films_(D%E2%80%93J),List_of_fiction_works_made_into_feature_films_(D–J),7,"The Incredible Journey (1961), Sheila Burnford",1961.0,Homeward Bound: The Incredible Journey (1993),1993.0,1,True
https://en.wikipedia.org/wiki/List_of_fiction_works_made_into_feature_films_(D%E2%80%93J),List_of_fiction_works_made_into_feature_films_(D–J),7,"The Incredible Journey (1961), Sheila Burnford",1961.0,Homeward Bound II: Lost in San Francisco (1996),1996.0,1,True
https://en.wikipedia.org/wiki/List_of_fiction_works_made_into_feature_films_(D%E2%80%93J),List_of_fiction_works_made_into_feature_films_(D–J),7,"Incubus (1976), Ray Russell",1976.0,The Incubus (1981),1981.0,1,True
https://en.wikipedia.org/wiki/List_of_fiction_works_made_into_feature_films_(D%E2%80%93J),List_of_fiction_works_made_into_feature_films_(D–J),7,"The Innocent (1990), Ian McEwan",1990.0,The Innocent (1993),1993.0,1,True
https://en.wikipedia.org/wiki/List_of_fiction_works_made_into_feature_films_(D%E2%80%93J),List_of_fiction_works_made_into_feature_films_(D–J),7,"Interview with the Vampire (1976), Anne Rice",1976.0,Interview with the Vampire (1994),1994.0,1,True
https://en.wikipedia.org/wiki/List_of_fiction_works_made_into_feature_films_(D%E2%80%93J),List_of_fiction_works_made_into_feature_films_(D–J),7,"The Investigation (1977), Dorothy Uhnak",1977.0,Kojak: The Price of Justice (1987),1987.0,1,True
https://en.wikipedia.org/wiki/List_of_fiction_works_made_into_feature_films_(D%E2%80%93J),List_of_fiction_works_made_into_feature_films_(D–J),7,"The Invisible Man (1897), H. G. Wells",1897.0,"The Invisible Man (Russian: Человек-невидимка, romanized: Chelovek-nevidimka) (1984)",1984.0,1,True
https://en.wikipedia.org/wiki/List_of_fiction_works_made_into_feature_films_(D%E2%80%93J),List_of_fiction_works_made_into_feature_films_(D–J),7,"The Invisible Man (1897), H. G. Wells",1897.0,The Invisible Man (2020),2020.0,1,True
https://en.wikipedia.org/wiki/List_of_fiction_works_made_into_feature_films_(D%E2%80%93J),List_of_fiction_works_made_into_feature_films_(D–J),7,"Ironweed (1983), William Kennedy",1983.0,Ironweed (1987),1987.0,1,True
https://en.wikipedia.org/wiki/List_of_fiction_works_made_into_feature_films_(D%E2%80%93J),List_of_fiction_works_made_into_feature_films_(D–J),7,"The Island (1979), Peter Benchley",1979.0,The Island (1980),1980.0,1,True
https://en.wikipedia.org/wiki/List_of_fiction_works_made_into_feature_films_(D%E2%80%93J),List_of_fiction_works_made_into_feature_films_(D–J),7,"The Island of Doctor Moreau (1896), H. G. Wells",1896.0,The Island of Dr. Moreau (1996),1996.0,1,True
https://en.wikipedia.org/wiki/List_of_fiction_works_made_into_feature_films_(D%E2%80%93J),List_of_fiction_works_made_into_feature_films_(D–J),7,"The Island of Doctor Moreau (1896), H. G. Wells",1896.0,Dr. Moreau's House of Pain (2004),2004.0,1,True
https://en.wikipedia.org/wiki/List_of_fiction_works_made_into_feature_films_(D%E2%80%93J),List_of_fiction_works_made_into_feature_films_(D–J),7,"It (1986), Stephen King",1986.0,It Chapter One (2017),2017.0,1,True
https://en.wikipedia.org/wiki/List_of_fiction_works_made_into_feature_films_(D%E2%80%93J),List_of_fiction_works_made_into_feature_films_(D–J),7,"It (1986), Stephen King",1986.0,It Chapter Two (2019),2019.0,1,True
https://en.wikipedia.org/wiki/List_of_fiction_works_made_into_feature_films_(D%E2%80%93J),List_of_fiction_works_made_into_feature_films_(D–J),7,"It Ends with Us (2016), Colleen Hoover",2016.0,It Ends with Us (2024),2024.0,1,True
https://en.wikipedia.org/wiki/List_of_fiction_works_made_into_feature_films_(D%E2%80%93J),List_of_fiction_works_made_into_feature_films_(D–J),7,"Ivanhoe (1820), Sir Walter Scott",1820.0,Ivanhoe (1982),1982.0,1,True
https://en.wikipedia.org/wiki/List_of_fiction_works_made_into_feature_films_(D%E2%80%93J),List_of_fiction_works_made_into_feature_films_(D–J),7,"Ivanhoe (1820), Sir Walter Scott",1820.0,The Ballad of the Valiant Knight Ivanhoe (Russian: Баллада о доблестном рыцаре Айвенго) (1983),1983.0,1,True
https://en.wikipedia.org/wiki/List_of_fiction_works_made_into_feature_films_(D%E2%80%93J),List_of_fiction_works_made_into_feature_films_(D–J),7,"Ivanhoe (1820), Sir Walter Scott",1820.0,Ivanhoe (1986),1986.0,1,True
https://en.wikipedia.org/wiki/List_of_fiction_works_made_into_feature_films_(D%E2%80%93J),List_of_fiction_works_made_into_feature_films_(D–J),7,"Ivanhoe (1820), Sir Walter Scott",1820.0,Young Ivanhoe (1995),1995.0,1,True
https://en.wikipedia.org/wiki/List_of_fiction_works_made_into_feature_films_(D%E2%80%93J),List_of_fiction_works_made_into_feature_films_(D–J),7,"Ivanhoe (1820), Sir Walter Scott",1820.0,The Legend of Ivanhoe (1999),1999.0,1,True
https://en.wikipedia.org/wiki/List_of_fiction_works_made_into_feature_films_(D%E2%80%93J),List_of_fiction_works_made_into_feature_films_(D–J),8,"Jack in the Box (1980), William Kotzwinkle",1980.0,Book of Love (1990),1990.0,1,True
https://en.wikipedia.org/wiki/List_of_fiction_works_made_into_feature_films_(D%E2%80%93J),List_of_fiction_works_made_into_feature_films_(D–J),8,"Jack's Return Home (1970), Ted Lewis",1970.0,Get Carter (2000),2000.0,1,True
https://en.wikipedia.org/wiki/List_of_fiction_works_made_into_feature_films_(D%E2%80%93J),List_of_fiction_works_made_into_feature_films_(D–J),8,"Jane Eyre (1847), Charlotte Brontë",1847.0,Jane Eyre (1996),1996.0,1,True
https://en.wikipedia.org/wiki/List_of_fiction_works_made_into_feature_films_(D%E2%80%93J),List_of_fiction_works_made_into_feature_films_(D–J),8,"Jane Eyre (1847), Charlotte Brontë",1847.0,Jane Eyre (1997),1997.0,1,True
https://en.wikipedia.org/wiki/List_of_fiction_works_made_into_feature_films_(D%E2%80%93J),List_of_fiction_works_made_into_feature_films_(D–J),8,"Jane Eyre (1847), Charlotte Brontë",1847.0,Jane Eyre (2011),2011.0,1,True
https://en.wikipedia.org/wiki/List_of_fiction_works_made_into_feature_films_(D%E2%80%93J),List_of_fiction_works_made_into_feature_films_(D–J),8,"Japan Sinks (日本沈没, Nippon Chinbotsu) (1973), Sakyo Komatsu",1973.0,Sinking of Japan (2006),2006.0,1,True
https://en.wikipedia.org/wiki/List_of_fiction_works_made_into_feature_films_(D%E2%80%93J),List_of_fiction_works_made_into_feature_films_(D–J),8,"Jaws (1974), Peter Benchley",1974.0,Jaws 3-D (1983),1983.0,1,True
https://en.wikipedia.org/wiki/List_of_fiction_works_made_into_feature_films_(D%E2%80%93J),List_of_fiction_works_made_into_feature_films_(D–J),8,"Jaws (1974), Peter Benchley",1974.0,Jaws: The Revenge (1987),1987.0,1,True
https://en.wikipedia.org/wiki/List_of_fiction_works_made_into_feature_films_(D%E2%80%93J),List_of_fiction_works_made_into_feature_films_(D–J),8,"The Jewel of Seven Stars (1903), Bram Stoker",1903.0,The Awakening (1980),1980.0,1,True
https://en.wikipedia.org/wiki/List_of_fiction_works_made_into_feature_films_(D%E2%80%93J),List_of_fiction_works_made_into_feature_films_(D–J),8,"The Jewel of Seven Stars (1903), Bram Stoker",1903.0,Bram Stoker's Legend of the Mummy (1997),1997.0,1,True
https://en.wikipedia.org/wiki/List_of_fiction_works_made_into_feature_films_(D%E2%80%93J),List_of_fiction_works_made_into_feature_films_(D–J),8,"Jimmy the Kid (1967), Donald E. Westlake",1967.0,Jimmy the Kid (1982),1982.0,1,True
https://en.wikipedia.org/wiki/List_of_fiction_works_made_into_feature_films_(D%E2%80%93J),List_of_fiction_works_made_into_feature_films_(D–J),8,"Jimmy the Kid (1967), Donald E. Westlake",1967.0,Jimmy the Kid (1998),1998.0,1,True
https://en.wikipedia.org/wiki/List_of_fiction_works_made_into_feature_films_(D%E2%80%93J),List_of_fiction_works_made_into_feature_films_(D–J),8,"Jitter Joint (1999), Howard Swindle",1999.0,D-Tox (2002),2002.0,1,True
https://en.wikipedia.org/wiki/List_of_fiction_works_made_into_feature_films_(D%E2%80%93J),List_of_fiction_works_made_into_feature_films_(D–J),8,"Joker Game (ジョーカー・ゲーム, Jōkā Gēmu) (2008), Koji Yanagi",2008.0,Joker Game (2015),2015.0,1,True
https://en.wikipedia.org/wiki/List_of_fiction_works_made_into_feature_films_(D%E2%80%93J),List_of_fiction_works_made_into_feature_films_(D–J),8,"Josepha (1981), Christopher Frank",1981.0,Josepha (1982),1982.0,1,True
https://en.wikipedia.org/wiki/List_of_fiction_works_made_into_feature_films_(D%E2%80%93J),List_of_fiction_works_made_into_feature_films_(D–J),8,"Journey to the Center of the Earth (French: Voyage au centre de la Terre) (1864), Jules Verne",1864.0,Journey to the Center of the Earth (1989),1989.0,1,True
https://en.wikipedia.org/wiki/List_of_fiction_works_made_into_feature_films_(D%E2%80%93J),List_of_fiction_works_made_into_feature_films_(D–J),8,"Journey to the Center of the Earth (French: Voyage au centre de la Terre) (1864), Jules Verne",1864.0,Journey to the Center of the Earth (1993),1993.0,1,True
https://en.wikipedia.org/wiki/List_of_fiction_works_made_into_feature_films_(D%E2%80%93J),List_of_fiction_works_made_into_feature_films_(D–J),8,"Journey to the Center of the Earth (French: Voyage au centre de la Terre) (1864), Jules Verne",1864.0,Journey to the Center of the Earth (2008),2008.0,1,True
https://en.wikipedia.org/wiki/List_of_fiction_works_made_into_feature_films_(D%E2%80%93J),List_of_fiction_works_made_into_feature_films_(D–J),8,"Journey to the West (Chinese: 西遊記, Xī Yóu Jì) (c. 1592), Wu Cheng'en",,Ginseng Fruit (人参果; Renshenguo) (1981),1981.0,1,True
https://en.wikipedia.org/wiki/List_of_fiction_works_made_into_feature_films_(D%E2%80%93J),List_of_fiction_works_made_into_feature_films_(D–J),8,"Journey to the West (Chinese: 西遊記, Xī Yóu Jì) (c. 1592), Wu Cheng'en",,New Pilgrims to the West (新西遊記; Xīnxīyóujì) (1982),1982.0,1,True
https://en.wikipedia.org/wiki/List_of_fiction_works_made_into_feature_films_(D%E2%80%93J),List_of_fiction_works_made_into_feature_films_(D–J),8,"Journey to the West (Chinese: 西遊記, Xī Yóu Jì) (c. 1592), Wu Cheng'en",,Monkey War (新西遊記續集 孫悟空大戰飛人國; Sun Wu Kong dai zhan fei ren kuo) (1982),1982.0,1,True
https://en.wikipedia.org/wiki/List_of_fiction_works_made_into_feature_films_(D%E2%80%93J),List_of_fiction_works_made_into_feature_films_(D–J),8,"Journey to the West (Chinese: 西遊記, Xī Yóu Jì) (c. 1592), Wu Cheng'en",,The Monkey King Conquers the Demon (金猴降妖; Jīn hóu jiàng yāo) (1985),1985.0,1,True
https://en.wikipedia.org/wiki/List_of_fiction_works_made_into_feature_films_(D%E2%80%93J),List_of_fiction_works_made_into_feature_films_(D–J),8,"Journey to the West (Chinese: 西遊記, Xī Yóu Jì) (c. 1592), Wu Cheng'en",,Go West to Subdue Demons (西行平妖; Xi Xing Ping Yao) (1992),1992.0,1,True
https://en.wikipedia.org/wiki/List_of_fiction_works_made_into_feature_films_(D%E2%80%93J),List_of_fiction_works_made_into_feature_films_(D–J),8,"Journey to the West (Chinese: 西遊記, Xī Yóu Jì) (c. 1592), Wu Cheng'en",,A Chinese Odyssey Part One: Pandora's Box (西遊記第壹佰零壹回之月光寶盒; Xīyóujì Dì Yībǎilíngyī Huí Zhī Yuèguāng Bǎohé) (1995),1995.0,1,True
https://en.wikipedia.org/wiki/List_of_fiction_works_made_into_feature_films_(D%E2%80%93J),List_of_fiction_works_made_into_feature_films_(D–J),8,"Journey to the West (Chinese: 西遊記, Xī Yóu Jì) (c. 1592), Wu Cheng'en",,A Chinese Odyssey Part Two: Cinderella (西遊記大結局之仙履奇緣; Xīyóujì Dà Jiéjú Zhī Xiānlǚ Qíyuán) (1995),1995.0,1,True
https://en.wikipedia.org/wiki/List_of_fiction_works_made_into_feature_films_(D%E2%80%93J),List_of_fiction_works_made_into_feature_films_(D–J),8,"Journey to the West (Chinese: 西遊記, Xī Yóu Jì) (c. 1592), Wu Cheng'en",,Heavenly Legend (1998),1998.0,1,True
https://en.wikipedia.org/wiki/List_of_fiction_works_made_into_feature_films_(D%E2%80%93J),List_of_fiction_works_made_into_feature_films_(D–J),8,"Journey to the West (Chinese: 西遊記, Xī Yóu Jì) (c. 1592), Wu Cheng'en",,My Son Goku (ぼくの孫悟空) (2003),2003.0,1,True
https://en.wikipedia.org/wiki/List_of_fiction_works_made_into_feature_films_(D%E2%80%93J),List_of_fiction_works_made_into_feature_films_(D–J),8,"Journey to the West (Chinese: 西遊記, Xī Yóu Jì) (c. 1592), Wu Cheng'en",,A Chinese Tall Story (Chinese: 情癲大聖; Cantonese Yale: Ching din dai sing) (2005),2005.0,1,True
https://en.wikipedia.org/wiki/List_of_fiction_works_made_into_feature_films_(D%E2%80%93J),List_of_fiction_works_made_into_feature_films_(D–J),8,"Journey to the West (Chinese: 西遊記, Xī Yóu Jì) (c. 1592), Wu Cheng'en",,Fire Ball (紅孩兒：決戰火焰山) (2005),2005.0,1,True
https://en.wikipedia.org/wiki/List_of_fiction_works_made_into_feature_films_(D%E2%80%93J),List_of_fiction_works_made_into_feature_films_(D–J),8,"Journey to the West (Chinese: 西遊記, Xī Yóu Jì) (c. 1592), Wu Cheng'en",,Monkey King vs. Er Lang Shen (孙悟空大战二郎神) (2007),2007.0,1,True
https://en.wikipedia.org/wiki/List_of_fiction_works_made_into_feature_films_(D%E2%80%93J),List_of_fiction_works_made_into_feature_films_(D–J),8,"Journey to the West (Chinese: 西遊記, Xī Yóu Jì) (c. 1592), Wu Cheng'en",,Monkey Magic: The Movie (2007),2007.0,1,True
https://en.wikipedia.org/wiki/List_of_fiction_works_made_into_feature_films_(D%E2%80%93J),List_of_fiction_works_made_into_feature_films_(D–J),8,"Journey to the West (Chinese: 西遊記, Xī Yóu Jì) (c. 1592), Wu Cheng'en",,The Forbidden Kingdom (2008),2008.0,1,True
https://en.wikipedia.org/wiki/List_of_fiction_works_made_into_feature_films_(D%E2%80%93J),List_of_fiction_works_made_into_feature_films_(D–J),8,"Journey to the West (Chinese: 西遊記, Xī Yóu Jì) (c. 1592), Wu Cheng'en",,Journey to the West: Conquering the Demons (西遊·降魔篇) (2013),2013.0,1,True
https://en.wikipedia.org/wiki/List_of_fiction_works_made_into_feature_films_(D%E2%80%93J),List_of_fiction_works_made_into_feature_films_(D–J),8,"Journey to the West (Chinese: 西遊記, Xī Yóu Jì) (c. 1592), Wu Cheng'en",,The Monkey King (西游記之大鬧天宮; Xī Yóu Jì Dà Nào Tiān Gōng) (2014),2014.0,1,True
https://en.wikipedia.org/wiki/List_of_fiction_works_made_into_feature_films_(D%E2%80%93J),List_of_fiction_works_made_into_feature_films_(D–J),8,"Journey to the West (Chinese: 西遊記, Xī Yóu Jì) (c. 1592), Wu Cheng'en",,Monkey King: Hero Is Back (西游记之大圣归来; Xīyóu jì zhī dà shèng guīlái) (2015),2015.0,1,True
https://en.wikipedia.org/wiki/List_of_fiction_works_made_into_feature_films_(D%E2%80%93J),List_of_fiction_works_made_into_feature_films_(D–J),8,"Journey to the West (Chinese: 西遊記, Xī Yóu Jì) (c. 1592), Wu Cheng'en",,The Monkey King 2 (西遊記之孫悟空三打白骨精; Xī yóu jì Sūn Wùkōng sān dǎ báigǔjīng) (2016),2016.0,1,True
https://en.wikipedia.org/wiki/List_of_fiction_works_made_into_feature_films_(D%E2%80%93J),List_of_fiction_works_made_into_feature_films_(D–J),8,"Journey to the West (Chinese: 西遊記, Xī Yóu Jì) (c. 1592), Wu Cheng'en",,A Chinese Odyssey Part Three (大话西游3) (2016),2016.0,1,True
https://en.wikipedia.org/wiki/List_of_fiction_works_made_into_feature_films_(D%E2%80%93J),List_of_fiction_works_made_into_feature_films_(D–J),8,"Journey to the West (Chinese: 西遊記, Xī Yóu Jì) (c. 1592), Wu Cheng'en",,Journey to the West: The Demons Strike Back (西遊伏妖篇) (2017),2017.0,1,True
https://en.wikipedia.org/wiki/List_of_fiction_works_made_into_feature_films_(D%E2%80%93J),List_of_fiction_works_made_into_feature_films_(D–J),8,"Journey to the West (Chinese: 西遊記, Xī Yóu Jì) (c. 1592), Wu Cheng'en",,The Monkey King 3 (西遊記女兒國; Xī yóu jì nǚ'ér guó) (2018),2018.0,1,True
https://en.wikipedia.org/wiki/List_of_fiction_works_made_into_feature_films_(D%E2%80%93J),List_of_fiction_works_made_into_feature_films_(D–J),8,"Journey to the West (Chinese: 西遊記, Xī Yóu Jì) (c. 1592), Wu Cheng'en",,The Monkey King (2023),2023.0,1,True
https://en.wikipedia.org/wiki/List_of_fiction_works_made_into_feature_films_(D%E2%80%93J),List_of_fiction_works_made_into_feature_films_(D–J),8,"Journey Under the Midnight Sun (白夜行, Byakuyakō) (1999), Keigo Higashino",1999.0,White Night (Korean: 백야행: 하얀 어둠 속을 걷다; RR: Baek-yahaeng: Ha-yan Eodum Sok-eul Geotda) (2009),2009.0,1,True
https://en.wikipedia.org/wiki/List_of_fiction_works_made_into_feature_films_(D%E2%80%93J),List_of_fiction_works_made_into_feature_films_(D–J),8,"Journey Under the Midnight Sun (白夜行, Byakuyakō) (1999), Keigo Higashino",1999.0,Into the White Night (2010),2010.0,1,True
https://en.wikipedia.org/wiki/List_of_fiction_works_made_into_feature_films_(D%E2%80%93J),List_of_fiction_works_made_into_feature_films_(D–J),8,"The Joy Luck Club (1989), Amy Tan",1989.0,The Joy Luck Club (1993),1993.0,1,True
https://en.wikipedia.org/wiki/List_of_fiction_works_made_into_feature_films_(D%E2%80%93J),List_of_fiction_works_made_into_feature_films_(D–J),8,"Jude the Obscure (1895), Thomas Hardy",1895.0,Jude (1996),1996.0,1,True
https://en.wikipedia.org/wiki/List_of_fiction_works_made_into_feature_films_(D%E2%80%93J),List_of_fiction_works_made_into_feature_films_(D–J),8,"The Judgment (Thai: คำพิพากษา) (1981), Chart Korbjitti",1981.0,Ai-Fak (Thai: ไอ้ฟัก) (2004),2004.0,1,True
https://en.wikipedia.org/wiki/List_of_fiction_works_made_into_feature_films_(D%E2%80%93J),List_of_fiction_works_made_into_feature_films_(D–J),8,"A Judgement in Stone (1977), Ruth Rendell",1977.0,La Cérémonie (1995),1995.0,1,True
https://en.wikipedia.org/wiki/List_of_fiction_works_made_into_feature_films_(D%E2%80%93J),List_of_fiction_works_made_into_feature_films_(D–J),8,"The Jungle Books (1894–1895), Rudyard Kipling",1894.0,The Jungle Book (1992),1992.0,1,True
https://en.wikipedia.org/wiki/List_of_fiction_works_made_into_feature_films_(D%E2%80%93J),List_of_fiction_works_made_into_feature_films_(D–J),8,"The Jungle Books (1894–1895), Rudyard Kipling",1894.0,Rudyard Kipling's The Jungle Book (1994),1994.0,1,True
https://en.wikipedia.org/wiki/List_of_fiction_works_made_into_feature_films_(D%E2%80%93J),List_of_fiction_works_made_into_feature_films_(D–J),8,"The Jungle Books (1894–1895), Rudyard Kipling",1894.0,Jungle Book (1995),1995.0,1,True
https://en.wikipedia.org/wiki/List_of_fiction_works_made_into_feature_films_(D%E2%80%93J),List_of_fiction_works_made_into_feature_films_(D–J),8,"The Jungle Books (1894–1895), Rudyard Kipling",1894.0,The Second Jungle Book: Mowgli & Baloo (1997),1997.0,1,True
https://en.wikipedia.org/wiki/List_of_fiction_works_made_into_feature_films_(D%E2%80%93J),List_of_fiction_works_made_into_feature_films_(D–J),8,"The Jungle Books (1894–1895), Rudyard Kipling",1894.0,Jungle Book: Mowgli's Story (1998),1998.0,1,True
https://en.wikipedia.org/wiki/List_of_fiction_works_made_into_feature_films_(D%E2%80%93J),List_of_fiction_works_made_into_feature_films_(D–J),8,"The Jungle Books (1894–1895), Rudyard Kipling",1894.0,The Jungle Book 2 (2003),2003.0,1,True
https://en.wikipedia.org/wiki/List_of_fiction_works_made_into_feature_films_(D%E2%80%93J),List_of_fiction_works_made_into_feature_films_(D–J),8,"The Jungle Books (1894–1895), Rudyard Kipling",1894.0,The Jungle Book (2016),2016.0,1,True
https://en.wikipedia.org/wiki/List_of_fiction_works_made_into_feature_films_(D%E2%80%93J),List_of_fiction_works_made_into_feature_films_(D–J),8,"The Jungle Books (1894–1895), Rudyard Kipling",1894.0,Mowgli: Legend of the Jungle (2018),2018.0,1,True
https://en.wikipedia.org/wiki/List_of_fiction_works_made_into_feature_films_(D%E2%80%93J),List_of_fiction_works_made_into_feature_films_(D–J),8,"Jurassic Park (1990), Michael Crichton",1990.0,Jurassic Park (1993),1993.0,1,True
https://en.wikipedia.org/wiki/List_of_fiction_works_made_into_feature_films_(D%E2%80%93J),List_of_fiction_works_made_into_feature_films_(D–J),8,"Jurassic Park (1990), Michael Crichton",1990.0,The Lost World: Jurassic Park (1997),1997.0,1,True
https://en.wikipedia.org/wiki/List_of_fiction_works_made_into_feature_films_(D%E2%80%93J),List_of_fiction_works_made_into_feature_films_(D–J),8,"Jurassic Park (1990), Michael Crichton",1990.0,Jurassic Park III (2001),2001.0,1,True
https://en.wikipedia.org/wiki/List_of_fiction_works_made_into_feature_films_(D%E2%80%93J),List_of_fiction_works_made_into_feature_films_(D–J),8,"Jurassic Park (1990), Michael Crichton",1990.0,Jurassic World (2015),2015.0,1,True
https://en.wikipedia.org/wiki/List_of_fiction_works_made_into_feature_films_(D%E2%80%93J),List_of_fiction_works_made_into_feature_films_(D–J),8,"Jurassic Park (1990), Michael Crichton",1990.0,Jurassic World: Fallen Kingdom (2018),2018.0,1,True
https://en.wikipedia.org/wiki/List_of_fiction_works_made_into_feature_films_(D%E2%80%93J),List_of_fiction_works_made_into_feature_films_(D–J),8,"Jurassic Park (1990), Michael Crichton",1990.0,Jurassic World Dominion (2022),2022.0,1,True
https://en.wikipedia.org/wiki/List_of_fiction_works_made_into_feature_films_(K%E2%80%93R),List_of_fiction_works_made_into_feature_films_(K–R),3,"Kami no Tsuki (2012), Mitsuyo Kakuta",2012.0,Pale Moon (2014),2014.0,1,True
https://en.wikipedia.org/wiki/List_of_fiction_works_made_into_feature_films_(K%E2%80%93R),List_of_fiction_works_made_into_feature_films_(K–R),3,"The Key (鍵, Kagi) (1956), Jun'ichirō Tanizaki",1956.0,The Key (Italian: La chiave) (1983),1983.0,1,True
https://en.wikipedia.org/wiki/List_of_fiction_works_made_into_feature_films_(K%E2%80%93R),List_of_fiction_works_made_into_feature_films_(K–R),3,"The Key (鍵, Kagi) (1956), Jun'ichirō Tanizaki",1956.0,The Key (2014),2014.0,1,True
https://en.wikipedia.org/wiki/List_of_fiction_works_made_into_feature_films_(K%E2%80%93R),List_of_fiction_works_made_into_feature_films_(K–R),3,"Kidnapped (1886), Robert Louis Stevenson",1886.0,Kidnapped (1986),1986.0,1,True
https://en.wikipedia.org/wiki/List_of_fiction_works_made_into_feature_films_(K%E2%80%93R),List_of_fiction_works_made_into_feature_films_(K–R),3,"Kidnapped (1886), Robert Louis Stevenson",1886.0,Kidnapped (1995),1995.0,1,True
https://en.wikipedia.org/wiki/List_of_fiction_works_made_into_feature_films_(K%E2%80%93R),List_of_fiction_works_made_into_feature_films_(K–R),3,"King Solomon's Mines (1885), Sir H. Rider Haggard",1885.0,King Solomon's Mines (1985),1985.0,1,True
https://en.wikipedia.org/wiki/List_of_fiction_works_made_into_feature_films_(K%E2%80%93R),List_of_fiction_works_made_into_feature_films_(K–R),3,"King Solomon's Mines (1885), Sir H. Rider Haggard",1885.0,Allan Quatermain and the Lost City of Gold (1986),1986.0,1,True
https://en.wikipedia.org/wiki/List_of_fiction_works_made_into_feature_films_(K%E2%80%93R),List_of_fiction_works_made_into_feature_films_(K–R),3,"King Solomon's Mines (1885), Sir H. Rider Haggard",1885.0,King Solomon's Mines (1986),1986.0,1,True
https://en.wikipedia.org/wiki/List_of_fiction_works_made_into_feature_films_(K%E2%80%93R),List_of_fiction_works_made_into_feature_films_(K–R),3,"King Solomon's Mines (1885), Sir H. Rider Haggard",1885.0,Allan Quatermain and the Temple of Skulls (2008),2008.0,1,True
https://en.wikipedia.org/wiki/List_of_fiction_works_made_into_feature_films_(K%E2%80%93R),List_of_fiction_works_made_into_feature_films_(K–R),3,"King Solomon's Mines (1885), Sir H. Rider Haggard",1885.0,Allan Quatermain and the Spear of Destiny (2023),2023.0,1,True
https://en.wikipedia.org/wiki/List_of_fiction_works_made_into_feature_films_(K%E2%80%93R),List_of_fiction_works_made_into_feature_films_(K–R),3,"The King's Damosel (1976), Vera Chapman",1976.0,Quest for Camelot (1998),1998.0,1,True
https://en.wikipedia.org/wiki/List_of_fiction_works_made_into_feature_films_(K%E2%80%93R),List_of_fiction_works_made_into_feature_films_(K–R),3,"The Killer Angels (1974), Michael Shaara",1974.0,Gettysburg (1993),1993.0,1,True
https://en.wikipedia.org/wiki/List_of_fiction_works_made_into_feature_films_(K%E2%80%93R),List_of_fiction_works_made_into_feature_films_(K–R),3,"The Killer Inside Me (1952), Jim Thompson",1952.0,The Killer Inside Me (2010),2010.0,1,True
https://en.wikipedia.org/wiki/List_of_fiction_works_made_into_feature_films_(K%E2%80%93R),List_of_fiction_works_made_into_feature_films_(K–R),3,"Kirishima, bukatsu yamerutteyo (2010), Ryo Asai",2010.0,The Kirishima Thing (2012),2012.0,1,True
https://en.wikipedia.org/wiki/List_of_fiction_works_made_into_feature_films_(K%E2%80%93R),List_of_fiction_works_made_into_feature_films_(K–R),3,"Kiss of the Spider Woman (1976), Manuel Puig",1976.0,Kiss of the Spider Woman (1985),1985.0,1,True
https://en.wikipedia.org/wiki/List_of_fiction_works_made_into_feature_films_(K%E2%80%93R),List_of_fiction_works_made_into_feature_films_(K–R),3,"Kiss the Girls (1995), James Patterson",1995.0,Kiss the Girls (1997),1997.0,1,True
https://en.wikipedia.org/wiki/List_of_fiction_works_made_into_feature_films_(K%E2%80%93R),List_of_fiction_works_made_into_feature_films_(K–R),3,"Kitchen (キッチン, Kitchin) (1988), Banana Yoshimoto",1988.0,Kitchen (1989),1989.0,1,True
https://en.wikipedia.org/wiki/List_of_fiction_works_made_into_feature_films_(K%E2%80%93R),List_of_fiction_works_made_into_feature_films_(K–R),3,"Kitchen (キッチン, Kitchin) (1988), Banana Yoshimoto",1988.0,Kitchen (Chinese: 我愛廚房; pinyin: Wo ai chu fang) (1997),1997.0,1,True
https://en.wikipedia.org/wiki/List_of_fiction_works_made_into_feature_films_(K%E2%80%93R),List_of_fiction_works_made_into_feature_films_(K–R),3,"The Kites (French: Les Cerfs-volants) (1980), Romain Gary",1980.0,Les cerfs-volants (2007),2007.0,1,True
https://en.wikipedia.org/wiki/List_of_fiction_works_made_into_feature_films_(K%E2%80%93R),List_of_fiction_works_made_into_feature_films_(K–R),3,"Kowloon Tong (1997), Paul Theroux",1997.0,Chinese Box (1997),1997.0,1,True
https://en.wikipedia.org/wiki/List_of_fiction_works_made_into_feature_films_(K%E2%80%93R),List_of_fiction_works_made_into_feature_films_(K–R),4,"L.A. Confidential (1990), James Ellroy",1990.0,L.A. Confidential (1997),1997.0,1,True
https://en.wikipedia.org/wiki/List_of_fiction_works_made_into_feature_films_(K%E2%80%93R),List_of_fiction_works_made_into_feature_films_(K–R),4,"Lady Audley's Secret (1862), Mary Elizabeth Braddon",1862.0,Lady Audley's Secret (2000),2000.0,1,True
https://en.wikipedia.org/wiki/List_of_fiction_works_made_into_feature_films_(K%E2%80%93R),List_of_fiction_works_made_into_feature_films_(K–R),4,"The Lady of the Camellias (French: La Dame aux Camélias) (1848), Alexandre Dumas, fils",1848.0,Camille 2000 (1969),2000.0,1,True
https://en.wikipedia.org/wiki/List_of_fiction_works_made_into_feature_films_(K%E2%80%93R),List_of_fiction_works_made_into_feature_films_(K–R),4,"The Lady of the Camellias (French: La Dame aux Camélias) (1848), Alexandre Dumas, fils",1848.0,The Lady of the Camellias (1981),1981.0,1,True
https://en.wikipedia.org/wiki/List_of_fiction_works_made_into_feature_films_(K%E2%80%93R),List_of_fiction_works_made_into_feature_films_(K–R),4,"The Lady of the Camellias (French: La Dame aux Camélias) (1848), Alexandre Dumas, fils",1848.0,Camille (1984),1984.0,1,True
https://en.wikipedia.org/wiki/List_of_fiction_works_made_into_feature_films_(K%E2%80%93R),List_of_fiction_works_made_into_feature_films_(K–R),4,"The Lady of the Camellias (French: La Dame aux Camélias) (1848), Alexandre Dumas, fils",1848.0,The Lady of the Camellias (Polish: Dama kameliowa) (1994),1994.0,1,True
https://en.wikipedia.org/wiki/List_of_fiction_works_made_into_feature_films_(K%E2%80%93R),List_of_fiction_works_made_into_feature_films_(K–R),4,"The Lair of the White Worm (1911), Bram Stoker",1911.0,The Lair of the White Worm (1988),1988.0,1,True
https://en.wikipedia.org/wiki/List_of_fiction_works_made_into_feature_films_(K%E2%80%93R),List_of_fiction_works_made_into_feature_films_(K–R),4,"La lampe dans la fenêtre (1972), Pauline Cadieux",1972.0,Cordélia (1980),1980.0,1,True
https://en.wikipedia.org/wiki/List_of_fiction_works_made_into_feature_films_(K%E2%80%93R),List_of_fiction_works_made_into_feature_films_(K–R),4,"The Land That Time Forgot (1918), Edgar Rice Burroughs",1918.0,The Land That Time Forgot (2009),2009.0,1,True
https://en.wikipedia.org/wiki/List_of_fiction_works_made_into_feature_films_(K%E2%80%93R),List_of_fiction_works_made_into_feature_films_(K–R),4,"The Lands of Risk (Portuguese: As Terras Do Risco) (1994), Agustina Bessa-Luís",1994.0,The Convent (1995),1995.0,1,True
https://en.wikipedia.org/wiki/List_of_fiction_works_made_into_feature_films_(K%E2%80%93R),List_of_fiction_works_made_into_feature_films_(K–R),4,"Lassie Come-Home (1940), Eric Knight",1940.0,Lassie (1994),1994.0,1,True
https://en.wikipedia.org/wiki/List_of_fiction_works_made_into_feature_films_(K%E2%80%93R),List_of_fiction_works_made_into_feature_films_(K–R),4,"Lassie Come-Home (1940), Eric Knight",1940.0,Lassie (2005),2005.0,1,True
https://en.wikipedia.org/wiki/List_of_fiction_works_made_into_feature_films_(K%E2%80%93R),List_of_fiction_works_made_into_feature_films_(K–R),4,"Lassie Come-Home (1940), Eric Knight",1940.0,Lassie Come Home (2020),2020.0,1,True
https://en.wikipedia.org/wiki/List_of_fiction_works_made_into_feature_films_(K%E2%80%93R),List_of_fiction_works_made_into_feature_films_(K–R),4,"Lassie Come-Home (1940), Eric Knight",1940.0,Lassie: A New Adventure (German: Lassie – Ein neues Abenteuer) (2023),2023.0,1,True
https://en.wikipedia.org/wiki/List_of_fiction_works_made_into_feature_films_(K%E2%80%93R),List_of_fiction_works_made_into_feature_films_(K–R),4,"The Last of the Mohicans (1826), James Fenimore Cooper",1826.0,The Last of the Mohicans (1987),1987.0,1,True
https://en.wikipedia.org/wiki/List_of_fiction_works_made_into_feature_films_(K%E2%80%93R),List_of_fiction_works_made_into_feature_films_(K–R),4,"The Last of the Mohicans (1826), James Fenimore Cooper",1826.0,The Last of the Mohicans (1992),1992.0,1,True
https://en.wikipedia.org/wiki/List_of_fiction_works_made_into_feature_films_(K%E2%80%93R),List_of_fiction_works_made_into_feature_films_(K–R),4,"The Last Ride (1996), Thomas Eidson",1996.0,The Missing (2003),2003.0,1,True
https://en.wikipedia.org/wiki/List_of_fiction_works_made_into_feature_films_(K%E2%80%93R),List_of_fiction_works_made_into_feature_films_(K–R),4,"The Last Song (2009), Nicholas Sparks",2009.0,The Last Song (2010),2010.0,1,True
https://en.wikipedia.org/wiki/List_of_fiction_works_made_into_feature_films_(K%E2%80%93R),List_of_fiction_works_made_into_feature_films_(K–R),4,"Last Stand at Saber River (1959), Elmore Leonard",1959.0,Last Stand at Saber River (1997),1997.0,1,True
https://en.wikipedia.org/wiki/List_of_fiction_works_made_into_feature_films_(K%E2%80%93R),List_of_fiction_works_made_into_feature_films_(K–R),4,"The Last Thing He Wanted (1996), Joan Didion",1996.0,The Last Thing He Wanted (2020),2020.0,1,True
https://en.wikipedia.org/wiki/List_of_fiction_works_made_into_feature_films_(K%E2%80%93R),List_of_fiction_works_made_into_feature_films_(K–R),4,"The Last Unicorn (1968), Peter S. Beagle",1968.0,The Last Unicorn (1982),1982.0,1,True
https://en.wikipedia.org/wiki/List_of_fiction_works_made_into_feature_films_(K%E2%80%93R),List_of_fiction_works_made_into_feature_films_(K–R),4,"The Law at Randado (1954), Elmore Leonard",1954.0,Border Shootout (1990),1990.0,1,True
https://en.wikipedia.org/wiki/List_of_fiction_works_made_into_feature_films_(K%E2%80%93R),List_of_fiction_works_made_into_feature_films_(K–R),4,"Lay This Laurel (1973), Lincoln Kirstein",1973.0,Glory (1989),1989.0,1,True
https://en.wikipedia.org/wiki/List_of_fiction_works_made_into_feature_films_(K%E2%80%93R),List_of_fiction_works_made_into_feature_films_(K–R),4,"Layer Cake (2000), J. J. Connolly",2000.0,Layer Cake (2004),2004.0,1,True
https://en.wikipedia.org/wiki/List_of_fiction_works_made_into_feature_films_(K%E2%80%93R),List_of_fiction_works_made_into_feature_films_(K–R),4,"Left Behind (1995–2007) (series), Tim LaHaye and Jerry B. Jenkins",1995.0,Left Behind: The Movie (2000),2000.0,1,True
https://en.wikipedia.org/wiki/List_of_fiction_works_made_into_feature_films_(K%E2%80%93R),List_of_fiction_works_made_into_feature_films_(K–R),4,"Left Behind (1995–2007) (series), Tim LaHaye and Jerry B. Jenkins",1995.0,Left Behind II: Tribulation Force (2002),2002.0,1,True
https://en.wikipedia.org/wiki/List_of_fiction_works_made_into_feature_films_(K%E2%80%93R),List_of_fiction_works_made_into_feature_films_(K–R),4,"Left Behind (1995–2007) (series), Tim LaHaye and Jerry B. Jenkins",1995.0,Left Behind: World at War (2005),2005.0,1,True
https://en.wikipedia.org/wiki/List_of_fiction_works_made_into_feature_films_(K%E2%80%93R),List_of_fiction_works_made_into_feature_films_(K–R),4,"Left Behind (1995–2007) (series), Tim LaHaye and Jerry B. Jenkins",1995.0,Left Behind (2014),2014.0,1,True
https://en.wikipedia.org/wiki/List_of_fiction_works_made_into_feature_films_(K%E2%80%93R),List_of_fiction_works_made_into_feature_films_(K–R),4,"The Legend of the Condor Heroes (Chinese: 射鵰英雄傳, Shè Diāo Yīng Xióng Zhuàn) (1957–1959), Jin Yong",1957.0,The Brave Archer 3 (1981),1981.0,1,True
https://en.wikipedia.org/wiki/List_of_fiction_works_made_into_feature_films_(K%E2%80%93R),List_of_fiction_works_made_into_feature_films_(K–R),4,"The Legend of the Condor Heroes (Chinese: 射鵰英雄傳, Shè Diāo Yīng Xióng Zhuàn) (1957–1959), Jin Yong",1957.0,The Brave Archer and His Mate (1982),1982.0,1,True
https://en.wikipedia.org/wiki/List_of_fiction_works_made_into_feature_films_(K%E2%80%93R),List_of_fiction_works_made_into_feature_films_(K–R),4,"The Legend of the Condor Heroes (Chinese: 射鵰英雄傳, Shè Diāo Yīng Xióng Zhuàn) (1957–1959), Jin Yong",1957.0,"The Eagle Shooting Heroes (Chinese: 射鵰英雄傳之東成西就, Se diu ying hung ji dung sing sai jau) (1993)",1993.0,1,True
https://en.wikipedia.org/wiki/List_of_fiction_works_made_into_feature_films_(K%E2%80%93R),List_of_fiction_works_made_into_feature_films_(K–R),4,"The Legend of the Condor Heroes (Chinese: 射鵰英雄傳, Shè Diāo Yīng Xióng Zhuàn) (1957–1959), Jin Yong",1957.0,"Ashes of Time (Chinese: 東邪西毒, Dongxié Xidú) (1994)",1994.0,1,True
https://en.wikipedia.org/wiki/List_of_fiction_works_made_into_feature_films_(K%E2%80%93R),List_of_fiction_works_made_into_feature_films_(K–R),4,"Legend of the Galactic Heroes (Japanese: 銀河英雄伝説, Hepburn: Ginga Eiyū Densetsu) (1982–1987), Yoshiki Tanaka",1982.0,Legend of the Galactic Heroes: My Conquest is the Sea of Stars (1988),1988.0,1,True
https://en.wikipedia.org/wiki/List_of_fiction_works_made_into_feature_films_(K%E2%80%93R),List_of_fiction_works_made_into_feature_films_(K–R),4,"Legend of the Galactic Heroes (Japanese: 銀河英雄伝説, Hepburn: Ginga Eiyū Densetsu) (1982–1987), Yoshiki Tanaka",1982.0,Legend of the Galactic Heroes: Golden Wings (1992),1992.0,1,True
https://en.wikipedia.org/wiki/List_of_fiction_works_made_into_feature_films_(K%E2%80%93R),List_of_fiction_works_made_into_feature_films_(K–R),4,"Legend of the Galactic Heroes (Japanese: 銀河英雄伝説, Hepburn: Ginga Eiyū Densetsu) (1982–1987), Yoshiki Tanaka",1982.0,Legend of the Galactic Heroes: Overture to a New War (1993),1993.0,1,True
https://en.wikipedia.org/wiki/List_of_fiction_works_made_into_feature_films_(K%E2%80%93R),List_of_fiction_works_made_into_feature_films_(K–R),4,"Legend of the Galactic Heroes (Japanese: 銀河英雄伝説, Hepburn: Ginga Eiyū Densetsu) (1982–1987), Yoshiki Tanaka",1982.0,Legend of the Galactic Heroes: Die Neue These - Stellar War (2019),2019.0,1,True
https://en.wikipedia.org/wiki/List_of_fiction_works_made_into_feature_films_(K%E2%80%93R),List_of_fiction_works_made_into_feature_films_(K–R),4,"Legend of the Galactic Heroes (Japanese: 銀河英雄伝説, Hepburn: Ginga Eiyū Densetsu) (1982–1987), Yoshiki Tanaka",1982.0,Legend of the Galactic Heroes: Die Neue These - Clash (2021),2021.0,1,True
https://en.wikipedia.org/wiki/List_of_fiction_works_made_into_feature_films_(K%E2%80%93R),List_of_fiction_works_made_into_feature_films_(K–R),4,"Legend of the Galactic Heroes (Japanese: 銀河英雄伝説, Hepburn: Ginga Eiyū Densetsu) (1982–1987), Yoshiki Tanaka",1982.0,Legend of the Galactic Heroes: Die Neue These - Intrigue (2022),2022.0,1,True
https://en.wikipedia.org/wiki/List_of_fiction_works_made_into_feature_films_(K%E2%80%93R),List_of_fiction_works_made_into_feature_films_(K–R),4,"Legion (1983), William Peter Blatty",1983.0,The Exorcist III (1990),1990.0,1,True
https://en.wikipedia.org/wiki/List_of_fiction_works_made_into_feature_films_(K%E2%80%93R),List_of_fiction_works_made_into_feature_films_(K–R),4,"Lemonade Mouth (2007), Mark Peter Hughes",2007.0,Lemonade Mouth (2011),2011.0,1,True
https://en.wikipedia.org/wiki/List_of_fiction_works_made_into_feature_films_(K%E2%80%93R),List_of_fiction_works_made_into_feature_films_(K–R),4,"Less than Zero (1985), Bret Easton Ellis",1985.0,Less than Zero (1987),1987.0,1,True
https://en.wikipedia.org/wiki/List_of_fiction_works_made_into_feature_films_(K%E2%80%93R),List_of_fiction_works_made_into_feature_films_(K–R),4,"Let the Right One In (Swedish: Låt den rätte komma in) (2004), John Ajvide Lindqvist",2004.0,Let the Right One In (2008),2008.0,1,True
https://en.wikipedia.org/wiki/List_of_fiction_works_made_into_feature_films_(K%E2%80%93R),List_of_fiction_works_made_into_feature_films_(K–R),4,"Let the Right One In (Swedish: Låt den rätte komma in) (2004), John Ajvide Lindqvist",2004.0,Let Me In (2010),2010.0,1,True
https://en.wikipedia.org/wiki/List_of_fiction_works_made_into_feature_films_(K%E2%80%93R),List_of_fiction_works_made_into_feature_films_(K–R),4,"A Letter to Five Wives (1945), John Klempner",1945.0,A Letter to Three Wives (1985),1985.0,1,True
https://en.wikipedia.org/wiki/List_of_fiction_works_made_into_feature_films_(K%E2%80%93R),List_of_fiction_works_made_into_feature_films_(K–R),4,"The Life and Opinions of Tristram Shandy, Gentleman (1759–1767), Laurence Sterne",1759.0,A Cock and Bull Story (2006),2006.0,1,True
https://en.wikipedia.org/wiki/List_of_fiction_works_made_into_feature_films_(K%E2%80%93R),List_of_fiction_works_made_into_feature_films_(K–R),4,"The Life Before Us (French: La vie devant soi) (1975), Romain Gary (as Émile Ajar)",1975.0,The Life Before Us (2010),2010.0,1,True
https://en.wikipedia.org/wiki/List_of_fiction_works_made_into_feature_films_(K%E2%80%93R),List_of_fiction_works_made_into_feature_films_(K–R),4,"The Life Before Us (French: La vie devant soi) (1975), Romain Gary (as Émile Ajar)",1975.0,The Life Ahead (2020),2020.0,1,True
https://en.wikipedia.org/wiki/List_of_fiction_works_made_into_feature_films_(K%E2%80%93R),List_of_fiction_works_made_into_feature_films_(K–R),4,"Life of Pi (2001), Yann Martel",2001.0,Life of Pi (2012),2012.0,1,True
https://en.wikipedia.org/wiki/List_of_fiction_works_made_into_feature_films_(K%E2%80%93R),List_of_fiction_works_made_into_feature_films_(K–R),4,"Like a Fire is Burning (1991), Gerald N. Lund",1991.0,The Work and the Glory: American Zion (2005),2005.0,1,True
https://en.wikipedia.org/wiki/List_of_fiction_works_made_into_feature_films_(K%E2%80%93R),List_of_fiction_works_made_into_feature_films_(K–R),4,"Like Water for Chocolate (Spanish: Como agua para chocolate) (1989), Laura Esquivel",1989.0,Like Water for Chocolate (1992),1992.0,1,True
https://en.wikipedia.org/wiki/List_of_fiction_works_made_into_feature_films_(K%E2%80%93R),List_of_fiction_works_made_into_feature_films_(K–R),4,"The Lincoln Lawyer (2005), Michael Connelly",2005.0,The Lincoln Lawyer (2011),2011.0,1,True
https://en.wikipedia.org/wiki/List_of_fiction_works_made_into_feature_films_(K%E2%80%93R),List_of_fiction_works_made_into_feature_films_(K–R),4,"Lisa and Lottie (German: Das doppelte Lottchen) (1949), Erich Kästner",1949.0,"Cheeky Little Angels (Korean: 개구장이 천사들, Gaegujangi Cheonsadeul) (1980)",1980.0,1,True
https://en.wikipedia.org/wiki/List_of_fiction_works_made_into_feature_films_(K%E2%80%93R),List_of_fiction_works_made_into_feature_films_(K–R),4,"Lisa and Lottie (German: Das doppelte Lottchen) (1949), Erich Kästner",1949.0,Pyaar Ke Do Pal (1986),1986.0,1,True
https://en.wikipedia.org/wiki/List_of_fiction_works_made_into_feature_films_(K%E2%80%93R),List_of_fiction_works_made_into_feature_films_(K–R),4,"Lisa and Lottie (German: Das doppelte Lottchen) (1949), Erich Kästner",1949.0,The Parent Trap II (1987),1987.0,1,True
https://en.wikipedia.org/wiki/List_of_fiction_works_made_into_feature_films_(K%E2%80%93R),List_of_fiction_works_made_into_feature_films_(K–R),4,"Lisa and Lottie (German: Das doppelte Lottchen) (1949), Erich Kästner",1949.0,Parent Trap III (1988),1988.0,1,True
https://en.wikipedia.org/wiki/List_of_fiction_works_made_into_feature_films_(K%E2%80%93R),List_of_fiction_works_made_into_feature_films_(K–R),4,"Lisa and Lottie (German: Das doppelte Lottchen) (1949), Erich Kästner",1949.0,Parent Trap: Hawaiian Honeymoon (1989),1989.0,1,True
https://en.wikipedia.org/wiki/List_of_fiction_works_made_into_feature_films_(K%E2%80%93R),List_of_fiction_works_made_into_feature_films_(K–R),4,"Lisa and Lottie (German: Das doppelte Lottchen) (1949), Erich Kästner",1949.0,Charlie & Louise – Das doppelte Lottchen (1994),1994.0,1,True
https://en.wikipedia.org/wiki/List_of_fiction_works_made_into_feature_films_(K%E2%80%93R),List_of_fiction_works_made_into_feature_films_(K–R),4,"Lisa and Lottie (German: Das doppelte Lottchen) (1949), Erich Kästner",1949.0,Dvynukės (1994),1994.0,1,True
https://en.wikipedia.org/wiki/List_of_fiction_works_made_into_feature_films_(K%E2%80%93R),List_of_fiction_works_made_into_feature_films_(K–R),4,"Lisa and Lottie (German: Das doppelte Lottchen) (1949), Erich Kästner",1949.0,Strange Sisters (خواهران غریب) (1995),1995.0,1,True
https://en.wikipedia.org/wiki/List_of_fiction_works_made_into_feature_films_(K%E2%80%93R),List_of_fiction_works_made_into_feature_films_(K–R),4,"Lisa and Lottie (German: Das doppelte Lottchen) (1949), Erich Kästner",1949.0,The Parent Trap (1998),1998.0,1,True
https://en.wikipedia.org/wiki/List_of_fiction_works_made_into_feature_films_(K%E2%80%93R),List_of_fiction_works_made_into_feature_films_(K–R),4,"Lisa and Lottie (German: Das doppelte Lottchen) (1949), Erich Kästner",1949.0,Kuch Khatti Kuch Meethi (2001),2001.0,1,True
https://en.wikipedia.org/wiki/List_of_fiction_works_made_into_feature_films_(K%E2%80%93R),List_of_fiction_works_made_into_feature_films_(K–R),4,"Lisa and Lottie (German: Das doppelte Lottchen) (1949), Erich Kästner",1949.0,Tur & retur (2003),2003.0,1,True
https://en.wikipedia.org/wiki/List_of_fiction_works_made_into_feature_films_(K%E2%80%93R),List_of_fiction_works_made_into_feature_films_(K–R),4,"Lisa and Lottie (German: Das doppelte Lottchen) (1949), Erich Kästner",1949.0,Two Times Lotte (2007),2007.0,1,True
https://en.wikipedia.org/wiki/List_of_fiction_works_made_into_feature_films_(K%E2%80%93R),List_of_fiction_works_made_into_feature_films_(K–R),4,"Lisa and Lottie (German: Das doppelte Lottchen) (1949), Erich Kästner",1949.0,Das doppelte Lottchen (2017),2017.0,1,True
https://en.wikipedia.org/wiki/List_of_fiction_works_made_into_feature_films_(K%E2%80%93R),List_of_fiction_works_made_into_feature_films_(K–R),4,"Little Dorrit (serialised 1855–1857, published as a book 1857), Charles Dickens",1855.0,Little Dorrit (1987),1987.0,1,True
https://en.wikipedia.org/wiki/List_of_fiction_works_made_into_feature_films_(K%E2%80%93R),List_of_fiction_works_made_into_feature_films_(K–R),4,"The Little Drummer Girl (1983), John le Carré",1983.0,The Little Drummer Girl (1984),1984.0,1,True
https://en.wikipedia.org/wiki/List_of_fiction_works_made_into_feature_films_(K%E2%80%93R),List_of_fiction_works_made_into_feature_films_(K–R),4,"The Little White Horse (1946), Elizabeth Goudge",1946.0,The Secret of Moonacre (2009),2009.0,1,True
https://en.wikipedia.org/wiki/List_of_fiction_works_made_into_feature_films_(K%E2%80%93R),List_of_fiction_works_made_into_feature_films_(K–R),4,"Live Flesh (1986), Ruth Rendell",1986.0,Live Flesh (Spanish: Carne trémula) (1997),1997.0,1,True
https://en.wikipedia.org/wiki/List_of_fiction_works_made_into_feature_films_(K%E2%80%93R),List_of_fiction_works_made_into_feature_films_(K–R),4,"The Lizard's Tail (1979), Marc Brandell",1979.0,The Hand (1981),1981.0,1,True
https://en.wikipedia.org/wiki/List_of_fiction_works_made_into_feature_films_(K%E2%80%93R),List_of_fiction_works_made_into_feature_films_(K–R),4,"Loaded (1995), Christos Tsiolkas",1995.0,Head On (1998),1998.0,1,True
https://en.wikipedia.org/wiki/List_of_fiction_works_made_into_feature_films_(K%E2%80%93R),List_of_fiction_works_made_into_feature_films_(K–R),4,"Lolita (1955), Vladimir Nabokov",1955.0,Lolita (1997),1997.0,1,True
https://en.wikipedia.org/wiki/List_of_fiction_works_made_into_feature_films_(K%E2%80%93R),List_of_fiction_works_made_into_feature_films_(K–R),4,"Lonely Castle in the Mirror (かがみの孤城, Kagami no Kojō) (2017), Mizuki Tsujimura",2017.0,Lonely Castle in the Mirror (2022),2022.0,1,True
https://en.wikipedia.org/wiki/List_of_fiction_works_made_into_feature_films_(K%E2%80%93R),List_of_fiction_works_made_into_feature_films_(K–R),4,"Longarm (1978–2006) (series), Lou Cameron",1978.0,Longarm (1987),1987.0,1,True
https://en.wikipedia.org/wiki/List_of_fiction_works_made_into_feature_films_(K%E2%80%93R),List_of_fiction_works_made_into_feature_films_(K–R),4,"Lord of the Flies (1954), William Golding",1954.0,Lord of the Flies (1990),1990.0,1,True
https://en.wikipedia.org/wiki/List_of_fiction_works_made_into_feature_films_(K%E2%80%93R),List_of_fiction_works_made_into_feature_films_(K–R),4,"The Lord of the Rings (1954–1955), J. R. R. Tolkien",1954.0,The Return of the King (1980),1980.0,1,True
https://en.wikipedia.org/wiki/List_of_fiction_works_made_into_feature_films_(K%E2%80%93R),List_of_fiction_works_made_into_feature_films_(K–R),4,"The Lord of the Rings (1954–1955), J. R. R. Tolkien",1954.0,The Lord of the Rings: The Fellowship of the Ring (2001),2001.0,1,True
https://en.wikipedia.org/wiki/List_of_fiction_works_made_into_feature_films_(K%E2%80%93R),List_of_fiction_works_made_into_feature_films_(K–R),4,"The Lord of the Rings (1954–1955), J. R. R. Tolkien",1954.0,The Lord of the Rings: The Two Towers (2002),2002.0,1,True
https://en.wikipedia.org/wiki/List_of_fiction_works_made_into_feature_films_(K%E2%80%93R),List_of_fiction_works_made_into_feature_films_(K–R),4,"The Lord of the Rings (1954–1955), J. R. R. Tolkien",1954.0,The Lord of the Rings: The Return of the King (2003),2003.0,1,True
https://en.wikipedia.org/wiki/List_of_fiction_works_made_into_feature_films_(K%E2%80%93R),List_of_fiction_works_made_into_feature_films_(K–R),4,"The Lords of Discipline (1980), Pat Conroy",1980.0,The Lords of Discipline (1983),1983.0,1,True
https://en.wikipedia.org/wiki/List_of_fiction_works_made_into_feature_films_(K%E2%80%93R),List_of_fiction_works_made_into_feature_films_(K–R),4,"A Lost Paradise (失楽園, Shitsurakuen) (1997), Junichi Watanabe",1997.0,Lost Paradise (1997),1997.0,1,True
https://en.wikipedia.org/wiki/List_of_fiction_works_made_into_feature_films_(K%E2%80%93R),List_of_fiction_works_made_into_feature_films_(K–R),4,"The Lost World (1912), Arthur Conan Doyle",1912.0,The Lost World (1992),1992.0,1,True
https://en.wikipedia.org/wiki/List_of_fiction_works_made_into_feature_films_(K%E2%80%93R),List_of_fiction_works_made_into_feature_films_(K–R),4,"The Lost World (1912), Arthur Conan Doyle",1912.0,Return to the Lost World (1992),1992.0,1,True
https://en.wikipedia.org/wiki/List_of_fiction_works_made_into_feature_films_(K%E2%80%93R),List_of_fiction_works_made_into_feature_films_(K–R),4,"The Lost World (1912), Arthur Conan Doyle",1912.0,The Lost World (1998),1998.0,1,True
https://en.wikipedia.org/wiki/List_of_fiction_works_made_into_feature_films_(K%E2%80%93R),List_of_fiction_works_made_into_feature_films_(K–R),4,"The Lost World (1912), Arthur Conan Doyle",1912.0,The Lost World (2001),2001.0,1,True
https://en.wikipedia.org/wiki/List_of_fiction_works_made_into_feature_films_(K%E2%80%93R),List_of_fiction_works_made_into_feature_films_(K–R),4,"The Lost World (1912), Arthur Conan Doyle",1912.0,King of the Lost World (2005),2005.0,1,True
https://en.wikipedia.org/wiki/List_of_fiction_works_made_into_feature_films_(K%E2%80%93R),List_of_fiction_works_made_into_feature_films_(K–R),4,"The Lost World (1995), Michael Crichton",1995.0,The Lost World: Jurassic Park (1997),1997.0,1,True
https://en.wikipedia.org/wiki/List_of_fiction_works_made_into_feature_films_(K%E2%80%93R),List_of_fiction_works_made_into_feature_films_(K–R),4,"A Love in Germany (German: Eine Liebe in Deutschland) (1978), Rolf Hochhuth",1978.0,A Love in Germany (1983),1983.0,1,True
https://en.wikipedia.org/wiki/List_of_fiction_works_made_into_feature_films_(K%E2%80%93R),List_of_fiction_works_made_into_feature_films_(K–R),4,"The Lovely Bones (2002), Alice Sebold",2002.0,The Lovely Bones (2009),2009.0,1,True
https://en.wikipedia.org/wiki/List_of_fiction_works_made_into_feature_films_(K%E2%80%93R),List_of_fiction_works_made_into_feature_films_(K–R),4,"The Lucky One (2008), Nicholas Sparks",2008.0,The Lucky One (2012),2012.0,1,True
https://en.wikipedia.org/wiki/List_of_fiction_works_made_into_feature_films_(K%E2%80%93R),List_of_fiction_works_made_into_feature_films_(K–R),5,"Madame Doubtfire (1987), Anne Fine",1987.0,Mrs. Doubtfire (1993),1993.0,1,True
https://en.wikipedia.org/wiki/List_of_fiction_works_made_into_feature_films_(K%E2%80%93R),List_of_fiction_works_made_into_feature_films_(K–R),5,"The Maddening (1987), Andrew Neiderman",1987.0,The Maddening (1995),1995.0,1,True
https://en.wikipedia.org/wiki/List_of_fiction_works_made_into_feature_films_(K%E2%80%93R),List_of_fiction_works_made_into_feature_films_(K–R),5,"Man on Fire (1980), A. J. Quinnell",1980.0,Man on Fire (1987),1987.0,1,True
https://en.wikipedia.org/wiki/List_of_fiction_works_made_into_feature_films_(K%E2%80%93R),List_of_fiction_works_made_into_feature_films_(K–R),5,"Man on Fire (1980), A. J. Quinnell",1980.0,Man on Fire (2004),2004.0,1,True
https://en.wikipedia.org/wiki/List_of_fiction_works_made_into_feature_films_(K%E2%80%93R),List_of_fiction_works_made_into_feature_films_(K–R),5,"The Man Who Fell to Earth (1963), Walter Tevis",1963.0,The Man Who Fell to Earth (1987),1987.0,1,True
https://en.wikipedia.org/wiki/List_of_fiction_works_made_into_feature_films_(K%E2%80%93R),List_of_fiction_works_made_into_feature_films_(K–R),5,"The Man Without a Face (1972), Isabelle Holland",1972.0,The Man Without a Face (1993),1993.0,1,True
https://en.wikipedia.org/wiki/List_of_fiction_works_made_into_feature_films_(K%E2%80%93R),List_of_fiction_works_made_into_feature_films_(K–R),5,"The Manchurian Candidate (1959), Richard Condon",1959.0,The Manchurian Candidate (2004),2004.0,1,True
https://en.wikipedia.org/wiki/List_of_fiction_works_made_into_feature_films_(K%E2%80%93R),List_of_fiction_works_made_into_feature_films_(K–R),5,"The Martian (2011), Andy Weir",2011.0,The Martian (2015),2015.0,1,True
https://en.wikipedia.org/wiki/List_of_fiction_works_made_into_feature_films_(K%E2%80%93R),List_of_fiction_works_made_into_feature_films_(K–R),5,"Martin Eden (1909), Jack London",1909.0,Martin Eden (2019),2019.0,1,True
https://en.wikipedia.org/wiki/List_of_fiction_works_made_into_feature_films_(K%E2%80%93R),List_of_fiction_works_made_into_feature_films_(K–R),5,"Martin Eden (1909), Jack London",1909.0,Jack London's Martin Eden (2021),2021.0,1,True
https://en.wikipedia.org/wiki/List_of_fiction_works_made_into_feature_films_(K%E2%80%93R),List_of_fiction_works_made_into_feature_films_(K–R),5,"Mary Poppins (1934–1988) (series), P. L. Travers",1934.0,Mary Poppins Returns (2018),2018.0,1,True
https://en.wikipedia.org/wiki/List_of_fiction_works_made_into_feature_films_(K%E2%80%93R),List_of_fiction_works_made_into_feature_films_(K–R),5,"Maurice (1971), E. M. Forster",1971.0,Maurice (1987),1987.0,1,True
https://en.wikipedia.org/wiki/List_of_fiction_works_made_into_feature_films_(K%E2%80%93R),List_of_fiction_works_made_into_feature_films_(K–R),5,"The Mayor of Casterbridge (1886), Thomas Hardy",1886.0,The Claim (2000),2000.0,1,True
https://en.wikipedia.org/wiki/List_of_fiction_works_made_into_feature_films_(K%E2%80%93R),List_of_fiction_works_made_into_feature_films_(K–R),5,"The Mayor of Casterbridge (1886), Thomas Hardy",1886.0,The Mayor of Casterbridge (2003),2003.0,1,True
https://en.wikipedia.org/wiki/List_of_fiction_works_made_into_feature_films_(K%E2%80%93R),List_of_fiction_works_made_into_feature_films_(K–R),5,"Me and Earl and the Dying Girl (2012), Jesse Andrews",2012.0,Me and Earl and the Dying Girl (2015),2015.0,1,True
https://en.wikipedia.org/wiki/List_of_fiction_works_made_into_feature_films_(K%E2%80%93R),List_of_fiction_works_made_into_feature_films_(K–R),5,"Memoirs of an Invisible Man (1987), H.F. Saint",1987.0,Memoirs of an Invisible Man (1992),1992.0,1,True
https://en.wikipedia.org/wiki/List_of_fiction_works_made_into_feature_films_(K%E2%80%93R),List_of_fiction_works_made_into_feature_films_(K–R),5,"Message in a Bottle (1998), Nicholas Sparks",1998.0,Message in a Bottle (1999),1999.0,1,True
https://en.wikipedia.org/wiki/List_of_fiction_works_made_into_feature_films_(K%E2%80%93R),List_of_fiction_works_made_into_feature_films_(K–R),5,"Midaq Alley (Arabic: زقاق المدق, romanized: Zuqāq al-Midaqq) (1947), Naguib Mahfouz",1947.0,Midaq Alley (Spanish: El callejón de los milagros) (1995),1995.0,1,True
https://en.wikipedia.org/wiki/List_of_fiction_works_made_into_feature_films_(K%E2%80%93R),List_of_fiction_works_made_into_feature_films_(K–R),5,"A Midnight Clear (1982), William Wharton",1982.0,A Midnight Clear (1992),1992.0,1,True
https://en.wikipedia.org/wiki/List_of_fiction_works_made_into_feature_films_(K%E2%80%93R),List_of_fiction_works_made_into_feature_films_(K–R),5,"The Midwich Cuckoos (1957), John Wyndham",1957.0,Village of the Damned (1995),1995.0,1,True
https://en.wikipedia.org/wiki/List_of_fiction_works_made_into_feature_films_(K%E2%80%93R),List_of_fiction_works_made_into_feature_films_(K–R),5,"Millennium (1983), John Varley",1983.0,Millennium (1989),1989.0,1,True
https://en.wikipedia.org/wiki/List_of_fiction_works_made_into_feature_films_(K%E2%80%93R),List_of_fiction_works_made_into_feature_films_(K–R),5,"Millennium (2005–2007) (series), Stieg Larsson",2005.0,The Girl with the Dragon Tattoo (2009),2009.0,1,True
https://en.wikipedia.org/wiki/List_of_fiction_works_made_into_feature_films_(K%E2%80%93R),List_of_fiction_works_made_into_feature_films_(K–R),5,"Millennium (2005–2007) (series), Stieg Larsson",2005.0,The Girl Who Played with Fire (2009),2009.0,1,True
https://en.wikipedia.org/wiki/List_of_fiction_works_made_into_feature_films_(K%E2%80%93R),List_of_fiction_works_made_into_feature_films_(K–R),5,"Millennium (2005–2007) (series), Stieg Larsson",2005.0,The Girl Who Kicked the Hornets' Nest (2009),2009.0,1,True
https://en.wikipedia.org/wiki/List_of_fiction_works_made_into_feature_films_(K%E2%80%93R),List_of_fiction_works_made_into_feature_films_(K–R),5,"Millennium (2005–2007) (series), Stieg Larsson",2005.0,The Girl with the Dragon Tattoo (2011),2011.0,1,True
https://en.wikipedia.org/wiki/List_of_fiction_works_made_into_feature_films_(K%E2%80%93R),List_of_fiction_works_made_into_feature_films_(K–R),5,"Mine-Haha, or On the Bodily Education of Young Girls (1903), Frank Wedekind",1903.0,Innocence (2004),2004.0,1,True
https://en.wikipedia.org/wiki/List_of_fiction_works_made_into_feature_films_(K%E2%80%93R),List_of_fiction_works_made_into_feature_films_(K–R),5,"Mine-Haha, or On the Bodily Education of Young Girls (1903), Frank Wedekind",1903.0,The Fine Art of Love: Mine Ha-Ha (2005),2005.0,1,True
https://en.wikipedia.org/wiki/List_of_fiction_works_made_into_feature_films_(K%E2%80%93R),List_of_fiction_works_made_into_feature_films_(K–R),5,"The Mirror Crack'd from Side to Side (1962), Agatha Christie",1962.0,The Mirror Crack'd (1980),1980.0,1,True
https://en.wikipedia.org/wiki/List_of_fiction_works_made_into_feature_films_(K%E2%80%93R),List_of_fiction_works_made_into_feature_films_(K–R),5,"The Mirror Crack'd from Side to Side (1962), Agatha Christie",1962.0,Shubho Mahurat (Bengali: শুভ মহরৎ) (2003),2003.0,1,True
https://en.wikipedia.org/wiki/List_of_fiction_works_made_into_feature_films_(K%E2%80%93R),List_of_fiction_works_made_into_feature_films_(K–R),5,"Les Misérables (1862), Victor Hugo",1862.0,Les Misérables (1982),1982.0,1,True
https://en.wikipedia.org/wiki/List_of_fiction_works_made_into_feature_films_(K%E2%80%93R),List_of_fiction_works_made_into_feature_films_(K–R),5,"Les Misérables (1862), Victor Hugo",1862.0,Les Misérables (1988),1988.0,1,True
https://en.wikipedia.org/wiki/List_of_fiction_works_made_into_feature_films_(K%E2%80%93R),List_of_fiction_works_made_into_feature_films_(K–R),5,"Les Misérables (1862), Victor Hugo",1862.0,Les Misérables (1995),1995.0,1,True
https://en.wikipedia.org/wiki/List_of_fiction_works_made_into_feature_films_(K%E2%80%93R),List_of_fiction_works_made_into_feature_films_(K–R),5,"Les Misérables (1862), Victor Hugo",1862.0,Les Misérables: The Dream Cast in Concert (1995),1995.0,1,True
https://en.wikipedia.org/wiki/List_of_fiction_works_made_into_feature_films_(K%E2%80%93R),List_of_fiction_works_made_into_feature_films_(K–R),5,"Les Misérables (1862), Victor Hugo",1862.0,Les Misérables (1998),1998.0,1,True
https://en.wikipedia.org/wiki/List_of_fiction_works_made_into_feature_films_(K%E2%80%93R),List_of_fiction_works_made_into_feature_films_(K–R),5,"Les Misérables (1862), Victor Hugo",1862.0,Les Misérables in Concert: The 25th Anniversary (2010),2010.0,1,True
https://en.wikipedia.org/wiki/List_of_fiction_works_made_into_feature_films_(K%E2%80%93R),List_of_fiction_works_made_into_feature_films_(K–R),5,"Les Misérables (1862), Victor Hugo",1862.0,Les Misérables (2011),2011.0,1,True
https://en.wikipedia.org/wiki/List_of_fiction_works_made_into_feature_films_(K%E2%80%93R),List_of_fiction_works_made_into_feature_films_(K–R),5,"Les Misérables (1862), Victor Hugo",1862.0,Les Misérables (2012),2012.0,1,True
https://en.wikipedia.org/wiki/List_of_fiction_works_made_into_feature_films_(K%E2%80%93R),List_of_fiction_works_made_into_feature_films_(K–R),5,"Les Misérables (1862), Victor Hugo",1862.0,Les Misérables (2019),2019.0,1,True
https://en.wikipedia.org/wiki/List_of_fiction_works_made_into_feature_films_(K%E2%80%93R),List_of_fiction_works_made_into_feature_films_(K–R),5,"Misery (1987), Stephen King",1987.0,Misery (1990),1990.0,1,True
https://en.wikipedia.org/wiki/List_of_fiction_works_made_into_feature_films_(K%E2%80%93R),List_of_fiction_works_made_into_feature_films_(K–R),5,"Miss Lonelyhearts (1933), Nathanael West",1933.0,Miss Lonelyhearts (1983),1983.0,1,True
https://en.wikipedia.org/wiki/List_of_fiction_works_made_into_feature_films_(K%E2%80%93R),List_of_fiction_works_made_into_feature_films_(K–R),5,"Moby-Dick (1851), Herman Melville",1851.0,The Adventures of Moby Dick (1996),1996.0,1,True
https://en.wikipedia.org/wiki/List_of_fiction_works_made_into_feature_films_(K%E2%80%93R),List_of_fiction_works_made_into_feature_films_(K–R),5,"Moby-Dick (1851), Herman Melville",1851.0,Captain Ahab (French: Capitaine Achab) (2007),2007.0,1,True
https://en.wikipedia.org/wiki/List_of_fiction_works_made_into_feature_films_(K%E2%80%93R),List_of_fiction_works_made_into_feature_films_(K–R),5,"Moby-Dick (1851), Herman Melville",1851.0,Moby Dick (2010),2010.0,1,True
https://en.wikipedia.org/wiki/List_of_fiction_works_made_into_feature_films_(K%E2%80%93R),List_of_fiction_works_made_into_feature_films_(K–R),5,"Moby-Dick (1851), Herman Melville",1851.0,Moby Dick (2011),2011.0,1,True
https://en.wikipedia.org/wiki/List_of_fiction_works_made_into_feature_films_(K%E2%80%93R),List_of_fiction_works_made_into_feature_films_(K–R),5,"Moby-Dick (1851), Herman Melville",1851.0,Age of the Dragons (2011),2011.0,1,True
https://en.wikipedia.org/wiki/List_of_fiction_works_made_into_feature_films_(K%E2%80%93R),List_of_fiction_works_made_into_feature_films_(K–R),5,"The Moonstone (1868), Wilkie Collins",1868.0,The Moonstone (1996),1996.0,1,True
https://en.wikipedia.org/wiki/List_of_fiction_works_made_into_feature_films_(K%E2%80%93R),List_of_fiction_works_made_into_feature_films_(K–R),5,"Morpho Eugenia (1992), A. S. Byatt",1992.0,Angels & Insects (1996),1996.0,1,True
https://en.wikipedia.org/wiki/List_of_fiction_works_made_into_feature_films_(K%E2%80%93R),List_of_fiction_works_made_into_feature_films_(K–R),5,"The Mortal Instruments – Book One: City of Bones (2007), Cassandra Clare",2007.0,The Mortal Instruments: City of Bones (2013),2013.0,1,True
https://en.wikipedia.org/wiki/List_of_fiction_works_made_into_feature_films_(K%E2%80%93R),List_of_fiction_works_made_into_feature_films_(K–R),5,"The Mosquito Coast (1981), Paul Theroux",1981.0,The Mosquito Coast (1986),1986.0,1,True
https://en.wikipedia.org/wiki/List_of_fiction_works_made_into_feature_films_(K%E2%80%93R),List_of_fiction_works_made_into_feature_films_(K–R),5,"Mother Night (1961), Kurt Vonnegut",1961.0,Mother Night (1996),1996.0,1,True
https://en.wikipedia.org/wiki/List_of_fiction_works_made_into_feature_films_(K%E2%80%93R),List_of_fiction_works_made_into_feature_films_(K–R),5,"Mother of Mine (Finnish: Äideistä parhain) (1999), Heikki Hietamies",1999.0,"Mother of Mine (Finnish: Äideistä parhain, Swedish: Den bästa av mödrar) (2005)",2005.0,1,True
https://en.wikipedia.org/wiki/List_of_fiction_works_made_into_feature_films_(K%E2%80%93R),List_of_fiction_works_made_into_feature_films_(K–R),5,"A Mother's Gift (2001), Britney Spears and Lynne Spears",2001.0,Brave New Girl (2004),2004.0,1,True
https://en.wikipedia.org/wiki/List_of_fiction_works_made_into_feature_films_(K%E2%80%93R),List_of_fiction_works_made_into_feature_films_(K–R),5,"Mrs. Frisby and the Rats of NIMH (1971), Robert C. O'Brien",1971.0,The Secret of NIMH (1982),1982.0,1,True
https://en.wikipedia.org/wiki/List_of_fiction_works_made_into_feature_films_(K%E2%80%93R),List_of_fiction_works_made_into_feature_films_(K–R),5,"Mrs. Frisby and the Rats of NIMH (1971), Robert C. O'Brien",1971.0,The Secret of NIMH 2: Timmy to the Rescue (1999),1999.0,1,True
https://en.wikipedia.org/wiki/List_of_fiction_works_made_into_feature_films_(K%E2%80%93R),List_of_fiction_works_made_into_feature_films_(K–R),5,"Murder in Amityville (1979), Hans Holzer",1979.0,Amityville II: The Possession (1982),1982.0,1,True
https://en.wikipedia.org/wiki/List_of_fiction_works_made_into_feature_films_(K%E2%80%93R),List_of_fiction_works_made_into_feature_films_(K–R),5,"Murder on the Orient Express (1934), Agatha Christie",1934.0,Murder on the Orient Express (2001),2001.0,1,True
https://en.wikipedia.org/wiki/List_of_fiction_works_made_into_feature_films_(K%E2%80%93R),List_of_fiction_works_made_into_feature_films_(K–R),5,"Murder on the Orient Express (1934), Agatha Christie",1934.0,Murder on the Orient Express (2017),2017.0,1,True
https://en.wikipedia.org/wiki/List_of_fiction_works_made_into_feature_films_(K%E2%80%93R),List_of_fiction_works_made_into_feature_films_(K–R),5,"Murphy's Romance: A Novel (1980), Max Schott",1980.0,Murphy's Romance (1985),1985.0,1,True
https://en.wikipedia.org/wiki/List_of_fiction_works_made_into_feature_films_(K%E2%80%93R),List_of_fiction_works_made_into_feature_films_(K–R),5,"My Ántonia (1918), Willa Cather",1918.0,My Antonia (1995),1995.0,1,True
https://en.wikipedia.org/wiki/List_of_fiction_works_made_into_feature_films_(K%E2%80%93R),List_of_fiction_works_made_into_feature_films_(K–R),5,"My Brother's Wife (Spanish: La mujer de mi hermano) (2002), Jaime Bayly",2002.0,My Brother's Wife (2005),2005.0,1,True
https://en.wikipedia.org/wiki/List_of_fiction_works_made_into_feature_films_(K%E2%80%93R),List_of_fiction_works_made_into_feature_films_(K–R),5,"My Friend Flicka (1941), Mary O'Hara",1941.0,Flicka (2006),2006.0,1,True
https://en.wikipedia.org/wiki/List_of_fiction_works_made_into_feature_films_(K%E2%80%93R),List_of_fiction_works_made_into_feature_films_(K–R),5,"My Friend Flicka (1941), Mary O'Hara",1941.0,Flicka 2 (2010),2010.0,1,True
https://en.wikipedia.org/wiki/List_of_fiction_works_made_into_feature_films_(K%E2%80%93R),List_of_fiction_works_made_into_feature_films_(K–R),5,"My Friend Flicka (1941), Mary O'Hara",1941.0,Flicka: Country Pride (2012),2012.0,1,True
https://en.wikipedia.org/wiki/List_of_fiction_works_made_into_feature_films_(K%E2%80%93R),List_of_fiction_works_made_into_feature_films_(K–R),5,"The Mystery of Edwin Drood (1870), Charles Dickens",1870.0,The Mystery of Edwin Drood (1993),1993.0,1,True
https://en.wikipedia.org/wiki/List_of_fiction_works_made_into_feature_films_(K%E2%80%93R),List_of_fiction_works_made_into_feature_films_(K–R),5,"The Mysterious Island (French: L'Île mystérieuse) (1874), Jules Verne",1874.0,Mysterious Island (1982),1982.0,1,True
https://en.wikipedia.org/wiki/List_of_fiction_works_made_into_feature_films_(K%E2%80%93R),List_of_fiction_works_made_into_feature_films_(K–R),5,"The Mysterious Island (French: L'Île mystérieuse) (1874), Jules Verne",1874.0,Mysterious Island (2005),2005.0,1,True
https://en.wikipedia.org/wiki/List_of_fiction_works_made_into_feature_films_(K%E2%80%93R),List_of_fiction_works_made_into_feature_films_(K–R),5,"The Mysterious Island (French: L'Île mystérieuse) (1874), Jules Verne",1874.0,Journey 2: The Mysterious Island (2012),2012.0,1,True
https://en.wikipedia.org/wiki/List_of_fiction_works_made_into_feature_films_(K%E2%80%93R),List_of_fiction_works_made_into_feature_films_(K–R),5,"The Mysterious Island (French: L'Île mystérieuse) (1874), Jules Verne",1874.0,Jules Verne's Mysterious Island (2012),2012.0,1,True
https://en.wikipedia.org/wiki/List_of_fiction_works_made_into_feature_films_(K%E2%80%93R),List_of_fiction_works_made_into_feature_films_(K–R),5,"Mystic River (2001), Dennis Lehane",2001.0,Mystic River (2003),2003.0,1,True
https://en.wikipedia.org/wiki/List_of_fiction_works_made_into_feature_films_(K%E2%80%93R),List_of_fiction_works_made_into_feature_films_(K–R),6,"The Naked Country (1960), Morris West",1960.0,The Naked Country (1985),1985.0,1,True
https://en.wikipedia.org/wiki/List_of_fiction_works_made_into_feature_films_(K%E2%80%93R),List_of_fiction_works_made_into_feature_films_(K–R),6,"The Naked Face (1970), Sidney Sheldon",1970.0,The Naked Face (1984),1984.0,1,True
https://en.wikipedia.org/wiki/List_of_fiction_works_made_into_feature_films_(K%E2%80%93R),List_of_fiction_works_made_into_feature_films_(K–R),6,"Naked Lunch (1959), William S. Burroughs",1959.0,Naked Lunch (1991),1991.0,1,True
https://en.wikipedia.org/wiki/List_of_fiction_works_made_into_feature_films_(K%E2%80%93R),List_of_fiction_works_made_into_feature_films_(K–R),6,"The Name of the Game is Kidnapping (ゲームの名は誘拐, Gēmu no Na wa Yūkai) (2002), Keigo Higashino",2002.0,G@me (2003),2003.0,1,True
https://en.wikipedia.org/wiki/List_of_fiction_works_made_into_feature_films_(K%E2%80%93R),List_of_fiction_works_made_into_feature_films_(K–R),6,"The Name of the Rose (1980), Umberto Eco",1980.0,The Name of the Rose (1986),1986.0,1,True
https://en.wikipedia.org/wiki/List_of_fiction_works_made_into_feature_films_(K%E2%80%93R),List_of_fiction_works_made_into_feature_films_(K–R),6,"The Nanny (1987), Dan Greenburg",1987.0,The Guardian (1990),1990.0,1,True
https://en.wikipedia.org/wiki/List_of_fiction_works_made_into_feature_films_(K%E2%80%93R),List_of_fiction_works_made_into_feature_films_(K–R),6,"The Nanny Diaries (2002), Emma McLaughlin and Nicola Kraus",2002.0,The Nanny Diaries (2007),2007.0,1,True
https://en.wikipedia.org/wiki/List_of_fiction_works_made_into_feature_films_(K%E2%80%93R),List_of_fiction_works_made_into_feature_films_(K–R),6,"The Natural (1952), Bernard Malamud",1952.0,The Natural (1984),1984.0,1,True
https://en.wikipedia.org/wiki/List_of_fiction_works_made_into_feature_films_(K%E2%80%93R),List_of_fiction_works_made_into_feature_films_(K–R),6,"Never Cry Wolf (1963), Farley Mowat",1963.0,Never Cry Wolf (1983),1983.0,1,True
https://en.wikipedia.org/wiki/List_of_fiction_works_made_into_feature_films_(K%E2%80%93R),List_of_fiction_works_made_into_feature_films_(K–R),6,"The Neverending Story (1979), Michael Ende",1979.0,The NeverEnding Story (1984),1984.0,1,True
https://en.wikipedia.org/wiki/List_of_fiction_works_made_into_feature_films_(K%E2%80%93R),List_of_fiction_works_made_into_feature_films_(K–R),6,"The Neverending Story (1979), Michael Ende",1979.0,The NeverEnding Story II: The Next Chapter (1990),1990.0,1,True
https://en.wikipedia.org/wiki/List_of_fiction_works_made_into_feature_films_(K%E2%80%93R),List_of_fiction_works_made_into_feature_films_(K–R),6,"The Neverending Story (1979), Michael Ende",1979.0,The NeverEnding Story III (1994),1994.0,1,True
https://en.wikipedia.org/wiki/List_of_fiction_works_made_into_feature_films_(K%E2%80%93R),List_of_fiction_works_made_into_feature_films_(K–R),6,"News of the World (2016), Paulette Jiles",2016.0,News of the World (2020),2020.0,1,True
https://en.wikipedia.org/wiki/List_of_fiction_works_made_into_feature_films_(K%E2%80%93R),List_of_fiction_works_made_into_feature_films_(K–R),6,"Nicholas Nickleby (serialised 1838–1839, published as a book 1839), Charles Dickens",1838.0,Nicholas Nickleby (1985),1985.0,1,True
https://en.wikipedia.org/wiki/List_of_fiction_works_made_into_feature_films_(K%E2%80%93R),List_of_fiction_works_made_into_feature_films_(K–R),6,"Nicholas Nickleby (serialised 1838–1839, published as a book 1839), Charles Dickens",1838.0,The Life and Adventures of Nicholas Nickleby (2001),2001.0,1,True
https://en.wikipedia.org/wiki/List_of_fiction_works_made_into_feature_films_(K%E2%80%93R),List_of_fiction_works_made_into_feature_films_(K–R),6,"Nicholas Nickleby (serialised 1838–1839, published as a book 1839), Charles Dickens",1838.0,Nicholas Nickleby (2002),2002.0,1,True
https://en.wikipedia.org/wiki/List_of_fiction_works_made_into_feature_films_(K%E2%80%93R),List_of_fiction_works_made_into_feature_films_(K–R),6,"Night and the City (1938), Gerald Kersh",1938.0,Night and the City (1992),1992.0,1,True
https://en.wikipedia.org/wiki/List_of_fiction_works_made_into_feature_films_(K%E2%80%93R),List_of_fiction_works_made_into_feature_films_(K–R),6,"The Night of the Hunter (1953), Davis Grubb",1953.0,Night of the Hunter (1991),1991.0,1,True
https://en.wikipedia.org/wiki/List_of_fiction_works_made_into_feature_films_(K%E2%80%93R),List_of_fiction_works_made_into_feature_films_(K–R),6,"Night Watch (Russian: «Ночной Дозор») (1998), Sergey Lukyanenko",1998.0,Night Watch (2004),2004.0,1,True
https://en.wikipedia.org/wiki/List_of_fiction_works_made_into_feature_films_(K%E2%80%93R),List_of_fiction_works_made_into_feature_films_(K–R),6,"Night Watch (Russian: «Ночной Дозор») (1998), Sergey Lukyanenko",1998.0,Day Watch (2006),2006.0,1,True
https://en.wikipedia.org/wiki/List_of_fiction_works_made_into_feature_films_(K%E2%80%93R),List_of_fiction_works_made_into_feature_films_(K–R),6,"Nightmare Alley (1946), William Lindsay Gresham",1946.0,Nightmare Alley (2021),2021.0,1,True
https://en.wikipedia.org/wiki/List_of_fiction_works_made_into_feature_films_(K%E2%80%93R),List_of_fiction_works_made_into_feature_films_(K–R),6,"Nights in Rodanthe (2002), Nicholas Sparks",2002.0,Nights in Rodanthe (2008),2008.0,1,True
https://en.wikipedia.org/wiki/List_of_fiction_works_made_into_feature_films_(K%E2%80%93R),List_of_fiction_works_made_into_feature_films_(K–R),6,"Nine and a Half Weeks: A Memoir of a Love Affair (1978), Elizabeth McNeill",1978.0,9½ Weeks (1986),1986.0,1,True
https://en.wikipedia.org/wiki/List_of_fiction_works_made_into_feature_films_(K%E2%80%93R),List_of_fiction_works_made_into_feature_films_(K–R),6,"Nine and a Half Weeks: A Memoir of a Love Affair (1978), Elizabeth McNeill",1978.0,Another 9½ Weeks (1997),1997.0,1,True
https://en.wikipedia.org/wiki/List_of_fiction_works_made_into_feature_films_(K%E2%80%93R),List_of_fiction_works_made_into_feature_films_(K–R),6,"Nine and a Half Weeks: A Memoir of a Love Affair (1978), Elizabeth McNeill",1978.0,The First 9½ Weeks (1998),1998.0,1,True
https://en.wikipedia.org/wiki/List_of_fiction_works_made_into_feature_films_(K%E2%80%93R),List_of_fiction_works_made_into_feature_films_(K–R),6,"Nineteen Eighty-Four (1949), George Orwell",1949.0,1984 (1956),1984.0,1,True
https://en.wikipedia.org/wiki/List_of_fiction_works_made_into_feature_films_(K%E2%80%93R),List_of_fiction_works_made_into_feature_films_(K–R),6,"Nineteen Eighty-Four (1949), George Orwell",1949.0,Nineteen Eighty-Four (1984),1984.0,1,True
https://en.wikipedia.org/wiki/List_of_fiction_works_made_into_feature_films_(K%E2%80%93R),List_of_fiction_works_made_into_feature_films_(K–R),6,"Nineteen Eighty-Four (1949), George Orwell",1949.0,1984 (2023),1984.0,1,True
https://en.wikipedia.org/wiki/List_of_fiction_works_made_into_feature_films_(K%E2%80%93R),List_of_fiction_works_made_into_feature_films_(K–R),6,"The Ninth Configuration (1978), William Peter Blatty",1978.0,The Ninth Configuration (1980),1980.0,1,True
https://en.wikipedia.org/wiki/List_of_fiction_works_made_into_feature_films_(K%E2%80%93R),List_of_fiction_works_made_into_feature_films_(K–R),6,"No Country for Old Men (2005), Cormac McCarthy",2005.0,No Country for Old Men (2007),2007.0,1,True
https://en.wikipedia.org/wiki/List_of_fiction_works_made_into_feature_films_(K%E2%80%93R),List_of_fiction_works_made_into_feature_films_(K–R),6,"The North Star (1956), Henry Wilson Allen",1956.0,North Star (1996),1996.0,1,True
https://en.wikipedia.org/wiki/List_of_fiction_works_made_into_feature_films_(K%E2%80%93R),List_of_fiction_works_made_into_feature_films_(K–R),6,"Northern Lights (1995), Philip Pullman",1995.0,The Golden Compass (2007),2007.0,1,True
https://en.wikipedia.org/wiki/List_of_fiction_works_made_into_feature_films_(K%E2%80%93R),List_of_fiction_works_made_into_feature_films_(K–R),6,"The Notebook (1996), Nicholas Sparks",1996.0,The Notebook (2004),2004.0,1,True
https://en.wikipedia.org/wiki/List_of_fiction_works_made_into_feature_films_(K%E2%80%93R),List_of_fiction_works_made_into_feature_films_(K–R),6,"Nothing Lasts Forever (1979), Roderick Thorp",1979.0,Die Hard (1988),1988.0,1,True
https://en.wikipedia.org/wiki/List_of_fiction_works_made_into_feature_films_(K%E2%80%93R),List_of_fiction_works_made_into_feature_films_(K–R),6,"Nurse Matilda (1964–1974) (series), Christianna Brand",1964.0,Nanny McPhee (2005),2005.0,1,True
https://en.wikipedia.org/wiki/List_of_fiction_works_made_into_feature_films_(K%E2%80%93R),List_of_fiction_works_made_into_feature_films_(K–R),6,"Nurse Matilda (1964–1974) (series), Christianna Brand",1964.0,Nanny McPhee and the Big Bang (2010),2010.0,1,True
https://en.wikipedia.org/wiki/List_of_fiction_works_made_into_feature_films_(K%E2%80%93R),List_of_fiction_works_made_into_feature_films_(K–R),7,"Odyssey (8th century BC), Homer",,The Odyssey (1987),1987.0,1,True
https://en.wikipedia.org/wiki/List_of_fiction_works_made_into_feature_films_(K%E2%80%93R),List_of_fiction_works_made_into_feature_films_(K–R),7,"Odyssey (8th century BC), Homer",,"Ulysses' Gaze (Greek: Το βλέμμα του Οδυσσέα, To Vlemma tou Odyssea) (1995)",1995.0,1,True
https://en.wikipedia.org/wiki/List_of_fiction_works_made_into_feature_films_(K%E2%80%93R),List_of_fiction_works_made_into_feature_films_(K–R),7,"Odyssey (8th century BC), Homer",,"O Brother, Where Art Thou? (2000)",2000.0,1,True
https://en.wikipedia.org/wiki/List_of_fiction_works_made_into_feature_films_(K%E2%80%93R),List_of_fiction_works_made_into_feature_films_(K–R),7,"Odyssey (8th century BC), Homer",,Odysseus and the Isle of the Mists (2007),2007.0,1,True
https://en.wikipedia.org/wiki/List_of_fiction_works_made_into_feature_films_(K%E2%80%93R),List_of_fiction_works_made_into_feature_films_(K–R),7,"Audition (1997), Ryu Murakami",1997.0,Audition (1999),1999.0,1,True
https://en.wikipedia.org/wiki/List_of_fiction_works_made_into_feature_films_(K%E2%80%93R),List_of_fiction_works_made_into_feature_films_(K–R),7,"Of Mice and Men (1937), John Steinbeck",1937.0,Of Mice and Men (1981),1981.0,1,True
https://en.wikipedia.org/wiki/List_of_fiction_works_made_into_feature_films_(K%E2%80%93R),List_of_fiction_works_made_into_feature_films_(K–R),7,"Of Mice and Men (1937), John Steinbeck",1937.0,Of Mice and Men (1992),1992.0,1,True
https://en.wikipedia.org/wiki/List_of_fiction_works_made_into_feature_films_(K%E2%80%93R),List_of_fiction_works_made_into_feature_films_(K–R),7,"Oil! (1927), Upton Sinclair",1927.0,There Will Be Blood (2007),2007.0,1,True
https://en.wikipedia.org/wiki/List_of_fiction_works_made_into_feature_films_(K%E2%80%93R),List_of_fiction_works_made_into_feature_films_(K–R),7,"The Old Curiosity Shop (serialised 1840–1841, published as a book 1841), Charles Dickens",1840.0,The Old Curiosity Shop (1984),1984.0,1,True
https://en.wikipedia.org/wiki/List_of_fiction_works_made_into_feature_films_(K%E2%80%93R),List_of_fiction_works_made_into_feature_films_(K–R),7,"The Old Curiosity Shop (serialised 1840–1841, published as a book 1841), Charles Dickens",1840.0,The Old Curiosity Shop (1995),1995.0,1,True
https://en.wikipedia.org/wiki/List_of_fiction_works_made_into_feature_films_(K%E2%80%93R),List_of_fiction_works_made_into_feature_films_(K–R),7,"The Old Curiosity Shop (serialised 1840–1841, published as a book 1841), Charles Dickens",1840.0,The Old Curiosity Shop (2007),2007.0,1,True
https://en.wikipedia.org/wiki/List_of_fiction_works_made_into_feature_films_(K%E2%80%93R),List_of_fiction_works_made_into_feature_films_(K–R),7,"The Old Man and the Sea (written 1951, published 1952), Ernest Hemingway",1951.0,The Old Man and the Sea (1990),1990.0,1,True
https://en.wikipedia.org/wiki/List_of_fiction_works_made_into_feature_films_(K%E2%80%93R),List_of_fiction_works_made_into_feature_films_(K–R),7,"The Old Man and the Sea (written 1951, published 1952), Ernest Hemingway",1951.0,The Old Man and the Sea (1999),1999.0,1,True
https://en.wikipedia.org/wiki/List_of_fiction_works_made_into_feature_films_(K%E2%80%93R),List_of_fiction_works_made_into_feature_films_(K–R),7,"Old Yeller (1956), Fred Gipson",1956.0,Little Arliss (1984),1984.0,1,True
https://en.wikipedia.org/wiki/List_of_fiction_works_made_into_feature_films_(K%E2%80%93R),List_of_fiction_works_made_into_feature_films_(K–R),7,"Oliver Twist (serialised 1837–1839, published as a book 1838), Charles Dickens",1837.0,"Oliver Twist (1982, Hallmark Hall of Fame) (TV)",1982.0,1,True
https://en.wikipedia.org/wiki/List_of_fiction_works_made_into_feature_films_(K%E2%80%93R),List_of_fiction_works_made_into_feature_films_(K–R),7,"Oliver Twist (serialised 1837–1839, published as a book 1838), Charles Dickens",1837.0,"Oliver Twist (1982, Burbank Films Australia) (TV)",1982.0,1,True
https://en.wikipedia.org/wiki/List_of_fiction_works_made_into_feature_films_(K%E2%80%93R),List_of_fiction_works_made_into_feature_films_(K–R),7,"Oliver Twist (serialised 1837–1839, published as a book 1838), Charles Dickens",1837.0,Oliver & Company (1988),1988.0,1,True
https://en.wikipedia.org/wiki/List_of_fiction_works_made_into_feature_films_(K%E2%80%93R),List_of_fiction_works_made_into_feature_films_(K–R),7,"Oliver Twist (serialised 1837–1839, published as a book 1838), Charles Dickens",1837.0,Oliver Twist (1997),1997.0,1,True
https://en.wikipedia.org/wiki/List_of_fiction_works_made_into_feature_films_(K%E2%80%93R),List_of_fiction_works_made_into_feature_films_(K–R),7,"Oliver Twist (serialised 1837–1839, published as a book 1838), Charles Dickens",1837.0,Twist (2003),2003.0,1,True
https://en.wikipedia.org/wiki/List_of_fiction_works_made_into_feature_films_(K%E2%80%93R),List_of_fiction_works_made_into_feature_films_(K–R),7,"Oliver Twist (serialised 1837–1839, published as a book 1838), Charles Dickens",1837.0,Boy called Twist (2004),2004.0,1,True
https://en.wikipedia.org/wiki/List_of_fiction_works_made_into_feature_films_(K%E2%80%93R),List_of_fiction_works_made_into_feature_films_(K–R),7,"Oliver Twist (serialised 1837–1839, published as a book 1838), Charles Dickens",1837.0,Oliver Twist (2005),2005.0,1,True
https://en.wikipedia.org/wiki/List_of_fiction_works_made_into_feature_films_(K%E2%80%93R),List_of_fiction_works_made_into_feature_films_(K–R),7,"On Stranger Tides (1987), Tim Powers",1987.0,Pirates of the Caribbean: On Stranger Tides (2011),2011.0,1,True
https://en.wikipedia.org/wiki/List_of_fiction_works_made_into_feature_films_(K%E2%80%93R),List_of_fiction_works_made_into_feature_films_(K–R),7,"One for the Money (1994), Janet Evanovich",1994.0,One for the Money (2011),2011.0,1,True
https://en.wikipedia.org/wiki/List_of_fiction_works_made_into_feature_films_(K%E2%80%93R),List_of_fiction_works_made_into_feature_films_(K–R),7,"One Gallant Rush (1965), Peter Burchard",1965.0,Glory (1989),1989.0,1,True
https://en.wikipedia.org/wiki/List_of_fiction_works_made_into_feature_films_(K%E2%80%93R),List_of_fiction_works_made_into_feature_films_(K–R),7,"One Hundred Years Ahead (Russian: Сто лет тому вперед) (1976), Kir Bulychev",1976.0,Guest from the Future (Russian: Гостья из будущего) (1985) (TV),1985.0,1,True
https://en.wikipedia.org/wiki/List_of_fiction_works_made_into_feature_films_(K%E2%80%93R),List_of_fiction_works_made_into_feature_films_(K–R),7,"One Shot (2004), Lee Child",2004.0,Jack Reacher (2012),2012.0,1,True
https://en.wikipedia.org/wiki/List_of_fiction_works_made_into_feature_films_(K%E2%80%93R),List_of_fiction_works_made_into_feature_films_(K–R),7,One Thousand and One Nights (Arabic: أَلْفُ لَيْلَةٍ وَلَيْلَةٌ ʾAlf Laylah wa-Laylah),,Scooby-Doo in Arabian Nights (1994),1994.0,1,True
https://en.wikipedia.org/wiki/List_of_fiction_works_made_into_feature_films_(K%E2%80%93R),List_of_fiction_works_made_into_feature_films_(K–R),7,One Thousand and One Nights (Arabic: أَلْفُ لَيْلَةٍ وَلَيْلَةٌ ʾAlf Laylah wa-Laylah),,Arabian Nights (Portuguese: As Mil e uma Noites) (2015),2015.0,1,True
https://en.wikipedia.org/wiki/List_of_fiction_works_made_into_feature_films_(K%E2%80%93R),List_of_fiction_works_made_into_feature_films_(K–R),7,"The Open Range Men (1990), Lauran Paine",1990.0,Open Range (2003),2003.0,1,True
https://en.wikipedia.org/wiki/List_of_fiction_works_made_into_feature_films_(K%E2%80%93R),List_of_fiction_works_made_into_feature_films_(K–R),7,"Ordinary People (1976), Judith Guest",1976.0,Ordinary People (1980),1980.0,1,True
https://en.wikipedia.org/wiki/List_of_fiction_works_made_into_feature_films_(K%E2%80%93R),List_of_fiction_works_made_into_feature_films_(K–R),7,"Orlando: A Biography (1928), Virginia Woolf",1928.0,Orlando (1992),1992.0,1,True
https://en.wikipedia.org/wiki/List_of_fiction_works_made_into_feature_films_(K%E2%80%93R),List_of_fiction_works_made_into_feature_films_(K–R),7,"The Osterman Weekend (1972), Robert Ludlum",1972.0,The Osterman Weekend (1983),1983.0,1,True
https://en.wikipedia.org/wiki/List_of_fiction_works_made_into_feature_films_(K%E2%80%93R),List_of_fiction_works_made_into_feature_films_(K–R),7,"The Other Boleyn Girl (2001), Philippa Gregory",2001.0,The Other Boleyn Girl (2003) (TV),2003.0,1,True
https://en.wikipedia.org/wiki/List_of_fiction_works_made_into_feature_films_(K%E2%80%93R),List_of_fiction_works_made_into_feature_films_(K–R),7,"The Other Boleyn Girl (2001), Philippa Gregory",2001.0,The Other Boleyn Girl (2008),2008.0,1,True
https://en.wikipedia.org/wiki/List_of_fiction_works_made_into_feature_films_(K%E2%80%93R),List_of_fiction_works_made_into_feature_films_(K–R),7,"Out of Sight (1996), Elmore Leonard",1996.0,Out of Sight (1998),1998.0,1,True
https://en.wikipedia.org/wiki/List_of_fiction_works_made_into_feature_films_(K%E2%80%93R),List_of_fiction_works_made_into_feature_films_(K–R),7,"The Outsiders (1967), S. E. Hinton",1967.0,The Outsiders (1983),1983.0,1,True
https://en.wikipedia.org/wiki/List_of_fiction_works_made_into_feature_films_(K%E2%80%93R),List_of_fiction_works_made_into_feature_films_(K–R),8,"A Painted House (2001), John Grisham",2001.0,A Painted House (2003),2003.0,1,True
https://en.wikipedia.org/wiki/List_of_fiction_works_made_into_feature_films_(K%E2%80%93R),List_of_fiction_works_made_into_feature_films_(K–R),8,"The Painted Veil (1925), W. Somerset Maugham",1925.0,The Painted Veil (2006),2006.0,1,True
https://en.wikipedia.org/wiki/List_of_fiction_works_made_into_feature_films_(K%E2%80%93R),List_of_fiction_works_made_into_feature_films_(K–R),8,"The Parasite (1894), Arthur Conan Doyle",1894.0,The Parasite (1997),1997.0,1,True
https://en.wikipedia.org/wiki/List_of_fiction_works_made_into_feature_films_(K%E2%80%93R),List_of_fiction_works_made_into_feature_films_(K–R),8,"Parineeta (1914), Sharat Chandra Chattopadhyay",1914.0,Parineeta (2005),2005.0,1,True
https://en.wikipedia.org/wiki/List_of_fiction_works_made_into_feature_films_(K%E2%80%93R),List_of_fiction_works_made_into_feature_films_(K–R),8,"A Passage to India (1924), E. M. Forster",1924.0,A Passage to India (1984),1984.0,1,True
https://en.wikipedia.org/wiki/List_of_fiction_works_made_into_feature_films_(K%E2%80%93R),List_of_fiction_works_made_into_feature_films_(K–R),8,"Patriot Games (1987), Tom Clancy",1987.0,Patriot Games (1992),1992.0,1,True
https://en.wikipedia.org/wiki/List_of_fiction_works_made_into_feature_films_(K%E2%80%93R),List_of_fiction_works_made_into_feature_films_(K–R),8,"The Peacock Spring (1975), Rumer Godden",1975.0,The Peacock Spring (1996),1996.0,1,True
https://en.wikipedia.org/wiki/List_of_fiction_works_made_into_feature_films_(K%E2%80%93R),List_of_fiction_works_made_into_feature_films_(K–R),8,"The Pelican Brief (1992), John Grisham",1992.0,The Pelican Brief (1993),1993.0,1,True
https://en.wikipedia.org/wiki/List_of_fiction_works_made_into_feature_films_(K%E2%80%93R),List_of_fiction_works_made_into_feature_films_(K–R),8,"The Penal Colony (1987), Richard Herley",1987.0,No Escape (1994),1994.0,1,True
https://en.wikipedia.org/wiki/List_of_fiction_works_made_into_feature_films_(K%E2%80%93R),List_of_fiction_works_made_into_feature_films_(K–R),8,"Percy Jackson & the Olympians (2005–2009) (series), Rick Riordan",2005.0,Percy Jackson & the Olympians: The Lightning Thief (2010),2010.0,1,True
https://en.wikipedia.org/wiki/List_of_fiction_works_made_into_feature_films_(K%E2%80%93R),List_of_fiction_works_made_into_feature_films_(K–R),8,"Percy Jackson & the Olympians (2005–2009) (series), Rick Riordan",2005.0,Percy Jackson: Sea of Monsters (2013),2013.0,1,True
https://en.wikipedia.org/wiki/List_of_fiction_works_made_into_feature_films_(K%E2%80%93R),List_of_fiction_works_made_into_feature_films_(K–R),8,"Perfect Little Angels (1989), Andrew Neiderman",1989.0,Perfect Little Angels (1998),1998.0,1,True
https://en.wikipedia.org/wiki/List_of_fiction_works_made_into_feature_films_(K%E2%80%93R),List_of_fiction_works_made_into_feature_films_(K–R),8,"Pet Sematary (1983), Stephen King",1983.0,Pet Sematary (1989),1989.0,1,True
https://en.wikipedia.org/wiki/List_of_fiction_works_made_into_feature_films_(K%E2%80%93R),List_of_fiction_works_made_into_feature_films_(K–R),8,"Pet Sematary (1983), Stephen King",1983.0,Pet Sematary Two (1992),1992.0,1,True
https://en.wikipedia.org/wiki/List_of_fiction_works_made_into_feature_films_(K%E2%80%93R),List_of_fiction_works_made_into_feature_films_(K–R),8,"Pet Sematary (1983), Stephen King",1983.0,Pet Sematary (2019),2019.0,1,True
https://en.wikipedia.org/wiki/List_of_fiction_works_made_into_feature_films_(K%E2%80%93R),List_of_fiction_works_made_into_feature_films_(K–R),8,"Pet Sematary (1983), Stephen King",1983.0,Pet Sematary: Bloodlines (2023),2023.0,1,True
https://en.wikipedia.org/wiki/List_of_fiction_works_made_into_feature_films_(K%E2%80%93R),List_of_fiction_works_made_into_feature_films_(K–R),8,"Peter and Wendy (1911), J. M. Barrie",1911.0,Peter Pan (Russian: Питер Пэн) (1987),1987.0,1,True
https://en.wikipedia.org/wiki/List_of_fiction_works_made_into_feature_films_(K%E2%80%93R),List_of_fiction_works_made_into_feature_films_(K–R),8,"Peter and Wendy (1911), J. M. Barrie",1911.0,Peter Pan (1988),1988.0,1,True
https://en.wikipedia.org/wiki/List_of_fiction_works_made_into_feature_films_(K%E2%80%93R),List_of_fiction_works_made_into_feature_films_(K–R),8,"Peter and Wendy (1911), J. M. Barrie",1911.0,Hook (1991),1991.0,1,True
https://en.wikipedia.org/wiki/List_of_fiction_works_made_into_feature_films_(K%E2%80%93R),List_of_fiction_works_made_into_feature_films_(K–R),8,"Peter and Wendy (1911), J. M. Barrie",1911.0,Return to Never Land (2002),2002.0,1,True
https://en.wikipedia.org/wiki/List_of_fiction_works_made_into_feature_films_(K%E2%80%93R),List_of_fiction_works_made_into_feature_films_(K–R),8,"Peter and Wendy (1911), J. M. Barrie",1911.0,Peter Pan (2003),2003.0,1,True
https://en.wikipedia.org/wiki/List_of_fiction_works_made_into_feature_films_(K%E2%80%93R),List_of_fiction_works_made_into_feature_films_(K–R),8,"Peter and Wendy (1911), J. M. Barrie",1911.0,Neverland (2003),2003.0,1,True
https://en.wikipedia.org/wiki/List_of_fiction_works_made_into_feature_films_(K%E2%80%93R),List_of_fiction_works_made_into_feature_films_(K–R),8,"Peter and Wendy (1911), J. M. Barrie",1911.0,Finding Neverland (2004),2004.0,1,True
https://en.wikipedia.org/wiki/List_of_fiction_works_made_into_feature_films_(K%E2%80%93R),List_of_fiction_works_made_into_feature_films_(K–R),8,"Peter and Wendy (1911), J. M. Barrie",1911.0,Tinker Bell (2008),2008.0,1,True
https://en.wikipedia.org/wiki/List_of_fiction_works_made_into_feature_films_(K%E2%80%93R),List_of_fiction_works_made_into_feature_films_(K–R),8,"Peter and Wendy (1911), J. M. Barrie",1911.0,Tinker Bell and the Lost Treasure (2009),2009.0,1,True
https://en.wikipedia.org/wiki/List_of_fiction_works_made_into_feature_films_(K%E2%80%93R),List_of_fiction_works_made_into_feature_films_(K–R),8,"Peter and Wendy (1911), J. M. Barrie",1911.0,Tinker Bell and the Great Fairy Rescue (2010),2010.0,1,True
https://en.wikipedia.org/wiki/List_of_fiction_works_made_into_feature_films_(K%E2%80%93R),List_of_fiction_works_made_into_feature_films_(K–R),8,"Peter and Wendy (1911), J. M. Barrie",1911.0,Secret of the Wings (2012),2012.0,1,True
https://en.wikipedia.org/wiki/List_of_fiction_works_made_into_feature_films_(K%E2%80%93R),List_of_fiction_works_made_into_feature_films_(K–R),8,"Peter and Wendy (1911), J. M. Barrie",1911.0,The Pirate Fairy (2014),2014.0,1,True
https://en.wikipedia.org/wiki/List_of_fiction_works_made_into_feature_films_(K%E2%80%93R),List_of_fiction_works_made_into_feature_films_(K–R),8,"Peter and Wendy (1911), J. M. Barrie",1911.0,Tinker Bell and the Legend of the NeverBeast (2014),2014.0,1,True
https://en.wikipedia.org/wiki/List_of_fiction_works_made_into_feature_films_(K%E2%80%93R),List_of_fiction_works_made_into_feature_films_(K–R),8,"Peter and Wendy (1911), J. M. Barrie",1911.0,Pan (2015),2015.0,1,True
https://en.wikipedia.org/wiki/List_of_fiction_works_made_into_feature_films_(K%E2%80%93R),List_of_fiction_works_made_into_feature_films_(K–R),8,"Peter and Wendy (1911), J. M. Barrie",1911.0,Peter and Wendy (2015),2015.0,1,True
https://en.wikipedia.org/wiki/List_of_fiction_works_made_into_feature_films_(K%E2%80%93R),List_of_fiction_works_made_into_feature_films_(K–R),8,"Peter and Wendy (1911), J. M. Barrie",1911.0,Wendy (2020),2020.0,1,True
https://en.wikipedia.org/wiki/List_of_fiction_works_made_into_feature_films_(K%E2%80%93R),List_of_fiction_works_made_into_feature_films_(K–R),8,"Peter and Wendy (1911), J. M. Barrie",1911.0,Come Away (2020),2020.0,1,True
https://en.wikipedia.org/wiki/List_of_fiction_works_made_into_feature_films_(K%E2%80%93R),List_of_fiction_works_made_into_feature_films_(K–R),8,"Peter and Wendy (1911), J. M. Barrie",1911.0,Peter Pan & Wendy (2023),2023.0,1,True
https://en.wikipedia.org/wiki/List_of_fiction_works_made_into_feature_films_(K%E2%80%93R),List_of_fiction_works_made_into_feature_films_(K–R),8,"The Phantom of the Opera (French: Le Fantôme de l'Opéra) (serialised 1909–1910, published as a book 1910), Gaston Leroux",1909.0,The Phantom of the Opera (German: Das Phantom von Budapest) (1983),1983.0,1,True
https://en.wikipedia.org/wiki/List_of_fiction_works_made_into_feature_films_(K%E2%80%93R),List_of_fiction_works_made_into_feature_films_(K–R),8,"The Phantom of the Opera (French: Le Fantôme de l'Opéra) (serialised 1909–1910, published as a book 1910), Gaston Leroux",1909.0,The Phantom of the Opera (1988),1988.0,1,True
https://en.wikipedia.org/wiki/List_of_fiction_works_made_into_feature_films_(K%E2%80%93R),List_of_fiction_works_made_into_feature_films_(K–R),8,"The Phantom of the Opera (French: Le Fantôme de l'Opéra) (serialised 1909–1910, published as a book 1910), Gaston Leroux",1909.0,The Phantom of the Opera (1989),1989.0,1,True
https://en.wikipedia.org/wiki/List_of_fiction_works_made_into_feature_films_(K%E2%80%93R),List_of_fiction_works_made_into_feature_films_(K–R),8,"The Phantom of the Opera (French: Le Fantôme de l'Opéra) (serialised 1909–1910, published as a book 1910), Gaston Leroux",1909.0,The Phantom of the Opera (1998),1998.0,1,True
https://en.wikipedia.org/wiki/List_of_fiction_works_made_into_feature_films_(K%E2%80%93R),List_of_fiction_works_made_into_feature_films_(K–R),8,"The Phantom of the Opera (French: Le Fantôme de l'Opéra) (serialised 1909–1910, published as a book 1910), Gaston Leroux",1909.0,The Phantom of the Opera (2004),2004.0,1,True
https://en.wikipedia.org/wiki/List_of_fiction_works_made_into_feature_films_(K%E2%80%93R),List_of_fiction_works_made_into_feature_films_(K–R),8,"The Pianist (Spanish: El pianista) (1985), Manuel Vázquez Montalbán",1985.0,The Pianist (1998),1998.0,1,True
https://en.wikipedia.org/wiki/List_of_fiction_works_made_into_feature_films_(K%E2%80%93R),List_of_fiction_works_made_into_feature_films_(K–R),8,"The Pickwick Papers (serialised 1836–1837, published as a book 1837), Charles Dickens",1836.0,The Pickwick Papers (1985),1985.0,1,True
https://en.wikipedia.org/wiki/List_of_fiction_works_made_into_feature_films_(K%E2%80%93R),List_of_fiction_works_made_into_feature_films_(K–R),8,"The Pickwick Papers (serialised 1836–1837, published as a book 1837), Charles Dickens",1836.0,Ghost Stories from the Pickwick Papers (1987),1987.0,1,True
https://en.wikipedia.org/wiki/List_of_fiction_works_made_into_feature_films_(K%E2%80%93R),List_of_fiction_works_made_into_feature_films_(K–R),8,"The Picture of Dorian Gray (1890), Oscar Wilde",1890.0,The Sins of Dorian Gray (1983),1983.0,1,True
https://en.wikipedia.org/wiki/List_of_fiction_works_made_into_feature_films_(K%E2%80%93R),List_of_fiction_works_made_into_feature_films_(K–R),8,"The Picture of Dorian Gray (1890), Oscar Wilde",1890.0,Pact with the Devil (a. k. a. Dorian) (2001),2001.0,1,True
https://en.wikipedia.org/wiki/List_of_fiction_works_made_into_feature_films_(K%E2%80%93R),List_of_fiction_works_made_into_feature_films_(K–R),8,"The Picture of Dorian Gray (1890), Oscar Wilde",1890.0,Dorian (2004),2004.0,1,True
https://en.wikipedia.org/wiki/List_of_fiction_works_made_into_feature_films_(K%E2%80%93R),List_of_fiction_works_made_into_feature_films_(K–R),8,"The Picture of Dorian Gray (1890), Oscar Wilde",1890.0,The Picture of Dorian Gray (2004),2004.0,1,True
https://en.wikipedia.org/wiki/List_of_fiction_works_made_into_feature_films_(K%E2%80%93R),List_of_fiction_works_made_into_feature_films_(K–R),8,"The Picture of Dorian Gray (1890), Oscar Wilde",1890.0,The Picture of Dorian Gray (2006),2006.0,1,True
https://en.wikipedia.org/wiki/List_of_fiction_works_made_into_feature_films_(K%E2%80%93R),List_of_fiction_works_made_into_feature_films_(K–R),8,"The Picture of Dorian Gray (1890), Oscar Wilde",1890.0,The Picture of Dorian Gray (2007),2007.0,1,True
https://en.wikipedia.org/wiki/List_of_fiction_works_made_into_feature_films_(K%E2%80%93R),List_of_fiction_works_made_into_feature_films_(K–R),8,"The Picture of Dorian Gray (1890), Oscar Wilde",1890.0,The Picture (of Dorian Gray) (2009),2009.0,1,True
https://en.wikipedia.org/wiki/List_of_fiction_works_made_into_feature_films_(K%E2%80%93R),List_of_fiction_works_made_into_feature_films_(K–R),8,"The Picture of Dorian Gray (1890), Oscar Wilde",1890.0,Dorian Gray (2009),2009.0,1,True
https://en.wikipedia.org/wiki/List_of_fiction_works_made_into_feature_films_(K%E2%80%93R),List_of_fiction_works_made_into_feature_films_(K–R),8,"The Pillar of Light (1990), Gerald N. Lund",1990.0,The Work and the Glory (2004),2004.0,1,True
https://en.wikipedia.org/wiki/List_of_fiction_works_made_into_feature_films_(K%E2%80%93R),List_of_fiction_works_made_into_feature_films_(K–R),8,"Pin (1981), Andrew Neiderman",1981.0,Pin (1988),1988.0,1,True
https://en.wikipedia.org/wiki/List_of_fiction_works_made_into_feature_films_(K%E2%80%93R),List_of_fiction_works_made_into_feature_films_(K–R),8,"The Pirates! in an Adventure with Scientists (2004), Gideon Defoe",2004.0,The Pirates! In an Adventure with Scientists (2012),2012.0,1,True
https://en.wikipedia.org/wiki/List_of_fiction_works_made_into_feature_films_(K%E2%80%93R),List_of_fiction_works_made_into_feature_films_(K–R),8,"Planet of the Apes (French: La Planète des singes) (1963), Pierre Boulle",1963.0,Planet of the Apes (2001),2001.0,1,True
https://en.wikipedia.org/wiki/List_of_fiction_works_made_into_feature_films_(K%E2%80%93R),List_of_fiction_works_made_into_feature_films_(K–R),8,"Planet of the Apes (French: La Planète des singes) (1963), Pierre Boulle",1963.0,Rise of the Planet of the Apes (2011),2011.0,1,True
https://en.wikipedia.org/wiki/List_of_fiction_works_made_into_feature_films_(K%E2%80%93R),List_of_fiction_works_made_into_feature_films_(K–R),8,"Planet of the Apes (French: La Planète des singes) (1963), Pierre Boulle",1963.0,Dawn of the Planet of the Apes (2014),2014.0,1,True
https://en.wikipedia.org/wiki/List_of_fiction_works_made_into_feature_films_(K%E2%80%93R),List_of_fiction_works_made_into_feature_films_(K–R),8,"Planet of the Apes (French: La Planète des singes) (1963), Pierre Boulle",1963.0,War for the Planet of the Apes (2017),2017.0,1,True
https://en.wikipedia.org/wiki/List_of_fiction_works_made_into_feature_films_(K%E2%80%93R),List_of_fiction_works_made_into_feature_films_(K–R),8,"Planet of the Apes (French: La Planète des singes) (1963), Pierre Boulle",1963.0,Kingdom of the Planet of the Apes (2024),2024.0,1,True
https://en.wikipedia.org/wiki/List_of_fiction_works_made_into_feature_films_(K%E2%80%93R),List_of_fiction_works_made_into_feature_films_(K–R),8,"Pollyanna (1913), Eleanor H. Porter",1913.0,The Adventures of Pollyanna (1982),1982.0,1,True
https://en.wikipedia.org/wiki/List_of_fiction_works_made_into_feature_films_(K%E2%80%93R),List_of_fiction_works_made_into_feature_films_(K–R),8,"Pollyanna (1913), Eleanor H. Porter",1913.0,Polly (1989),1989.0,1,True
https://en.wikipedia.org/wiki/List_of_fiction_works_made_into_feature_films_(K%E2%80%93R),List_of_fiction_works_made_into_feature_films_(K–R),8,"Pollyanna (1913), Eleanor H. Porter",1913.0,Polly: Comin' Home! (1990),1990.0,1,True
https://en.wikipedia.org/wiki/List_of_fiction_works_made_into_feature_films_(K%E2%80%93R),List_of_fiction_works_made_into_feature_films_(K–R),8,"Pollyanna (1913), Eleanor H. Porter",1913.0,Pollyanna (2003),2003.0,1,True
https://en.wikipedia.org/wiki/List_of_fiction_works_made_into_feature_films_(K%E2%80%93R),List_of_fiction_works_made_into_feature_films_(K–R),8,"Poodle Springs (written 1959–1988, published 1989), Raymond Chandler and Robert B. Parker",1959.0,Poodle Springs (1998),1998.0,1,True
https://en.wikipedia.org/wiki/List_of_fiction_works_made_into_feature_films_(K%E2%80%93R),List_of_fiction_works_made_into_feature_films_(K–R),8,"The Pope of Greenwich Village (1979), Vincent Patrick",1979.0,The Pope of Greenwich Village (1984),1984.0,1,True
https://en.wikipedia.org/wiki/List_of_fiction_works_made_into_feature_films_(K%E2%80%93R),List_of_fiction_works_made_into_feature_films_(K–R),8,"Porno (2002), Irvine Welsh",2002.0,T2 Trainspotting (2017),2017.0,1,True
https://en.wikipedia.org/wiki/List_of_fiction_works_made_into_feature_films_(K%E2%80%93R),List_of_fiction_works_made_into_feature_films_(K–R),8,"The Poseidon Adventure (1972), Paul Gallico",1972.0,The Poseidon Adventure (2005),2005.0,1,True
https://en.wikipedia.org/wiki/List_of_fiction_works_made_into_feature_films_(K%E2%80%93R),List_of_fiction_works_made_into_feature_films_(K–R),8,"The Poseidon Adventure (1972), Paul Gallico",1972.0,Poseidon (2006),2006.0,1,True
https://en.wikipedia.org/wiki/List_of_fiction_works_made_into_feature_films_(K%E2%80%93R),List_of_fiction_works_made_into_feature_films_(K–R),8,"The Positronic Man (1993), Isaac Asimov and Robert Silverberg",1993.0,Bicentennial Man (1999),1999.0,1,True
https://en.wikipedia.org/wiki/List_of_fiction_works_made_into_feature_films_(K%E2%80%93R),List_of_fiction_works_made_into_feature_films_(K–R),8,"Possession: A Romance (1990), A. S. Byatt",1990.0,Possession (2002),2002.0,1,True
https://en.wikipedia.org/wiki/List_of_fiction_works_made_into_feature_films_(K%E2%80%93R),List_of_fiction_works_made_into_feature_films_(K–R),8,"The Postman (1985), David Brin",1985.0,The Postman (1997),1997.0,1,True
https://en.wikipedia.org/wiki/List_of_fiction_works_made_into_feature_films_(K%E2%80%93R),List_of_fiction_works_made_into_feature_films_(K–R),8,"The Postman Always Rings Twice (1934), James Cain",1934.0,The Postman Always Rings Twice (1981),1981.0,1,True
https://en.wikipedia.org/wiki/List_of_fiction_works_made_into_feature_films_(K%E2%80%93R),List_of_fiction_works_made_into_feature_films_(K–R),8,"The Power of One (1989), Bryce Courtenay",1989.0,The Power of One (1992),1992.0,1,True
https://en.wikipedia.org/wiki/List_of_fiction_works_made_into_feature_films_(K%E2%80%93R),List_of_fiction_works_made_into_feature_films_(K–R),8,"Presumed Innocent (1987), Scott Turow",1987.0,Presumed Innocent (1990),1990.0,1,True
https://en.wikipedia.org/wiki/List_of_fiction_works_made_into_feature_films_(K%E2%80%93R),List_of_fiction_works_made_into_feature_films_(K–R),8,"Pride and Prejudice (1813), Jane Austen",1813.0,Pride & Prejudice: A Latter-Day Comedy (2003),2003.0,1,True
https://en.wikipedia.org/wiki/List_of_fiction_works_made_into_feature_films_(K%E2%80%93R),List_of_fiction_works_made_into_feature_films_(K–R),8,"Pride and Prejudice (1813), Jane Austen",1813.0,Bride and Prejudice (2004),2004.0,1,True
https://en.wikipedia.org/wiki/List_of_fiction_works_made_into_feature_films_(K%E2%80%93R),List_of_fiction_works_made_into_feature_films_(K–R),8,"Pride and Prejudice (1813), Jane Austen",1813.0,Pride & Prejudice (2005),2005.0,1,True
https://en.wikipedia.org/wiki/List_of_fiction_works_made_into_feature_films_(K%E2%80%93R),List_of_fiction_works_made_into_feature_films_(K–R),8,"The Prince and the Pauper (1881), Mark Twain",1881.0,The Prince and the Pauper (1995),1995.0,1,True
https://en.wikipedia.org/wiki/List_of_fiction_works_made_into_feature_films_(K%E2%80%93R),List_of_fiction_works_made_into_feature_films_(K–R),8,"The Prince and the Pauper (1881), Mark Twain",1881.0,The Prince and the Pauper (1996),1996.0,1,True
https://en.wikipedia.org/wiki/List_of_fiction_works_made_into_feature_films_(K%E2%80%93R),List_of_fiction_works_made_into_feature_films_(K–R),8,"The Prince and the Pauper (1881), Mark Twain",1881.0,The Prince and the Surfer (1999),1999.0,1,True
https://en.wikipedia.org/wiki/List_of_fiction_works_made_into_feature_films_(K%E2%80%93R),List_of_fiction_works_made_into_feature_films_(K–R),8,"The Prince and the Pauper (1881), Mark Twain",1881.0,The Pooch and the Pauper (2000),2000.0,1,True
https://en.wikipedia.org/wiki/List_of_fiction_works_made_into_feature_films_(K%E2%80%93R),List_of_fiction_works_made_into_feature_films_(K–R),8,"The Prince and the Pauper (1881), Mark Twain",1881.0,The Prince and the Pauper (2000),2000.0,1,True
https://en.wikipedia.org/wiki/List_of_fiction_works_made_into_feature_films_(K%E2%80%93R),List_of_fiction_works_made_into_feature_films_(K–R),8,"The Prince and the Pauper (1881), Mark Twain",1881.0,Barbie as the Princess and the Pauper (2004),2004.0,1,True
https://en.wikipedia.org/wiki/List_of_fiction_works_made_into_feature_films_(K%E2%80%93R),List_of_fiction_works_made_into_feature_films_(K–R),8,"The Prince and the Pauper (1881), Mark Twain",1881.0,"The Prince and the Pauper (Bulgarian: Принцът и просякът, Printzat i prosyakat) (2005)",2005.0,1,True
https://en.wikipedia.org/wiki/List_of_fiction_works_made_into_feature_films_(K%E2%80%93R),List_of_fiction_works_made_into_feature_films_(K–R),8,"The Prince and the Pauper (1881), Mark Twain",1881.0,The Prince and the Pauper: Double Trouble (2007),2007.0,1,True
https://en.wikipedia.org/wiki/List_of_fiction_works_made_into_feature_films_(K%E2%80%93R),List_of_fiction_works_made_into_feature_films_(K–R),8,"The Prince and the Pauper (1881), Mark Twain",1881.0,A Modern Twain Story: The Prince and the Pauper (2007),2007.0,1,True
https://en.wikipedia.org/wiki/List_of_fiction_works_made_into_feature_films_(K%E2%80%93R),List_of_fiction_works_made_into_feature_films_(K–R),8,"The Prince of Tides (1986), Pat Conroy",1986.0,The Prince of Tides (1991),1991.0,1,True
https://en.wikipedia.org/wiki/List_of_fiction_works_made_into_feature_films_(K%E2%80%93R),List_of_fiction_works_made_into_feature_films_(K–R),8,"The Princess Bride (1973), William Goldman",1973.0,The Princess Bride (1987),1987.0,1,True
https://en.wikipedia.org/wiki/List_of_fiction_works_made_into_feature_films_(K%E2%80%93R),List_of_fiction_works_made_into_feature_films_(K–R),8,"The Princess Diaries (2000–2009) (series), Meg Cabot",2000.0,The Princess Diaries (2002),2002.0,1,True
https://en.wikipedia.org/wiki/List_of_fiction_works_made_into_feature_films_(K%E2%80%93R),List_of_fiction_works_made_into_feature_films_(K–R),8,"The Princess Diaries (2000–2009) (series), Meg Cabot",2000.0,The Princess Diaries 2: Royal Engagement (2004),2004.0,1,True
https://en.wikipedia.org/wiki/List_of_fiction_works_made_into_feature_films_(K%E2%80%93R),List_of_fiction_works_made_into_feature_films_(K–R),8,"A Princess of Mars (1917), Edgar Rice Burroughs",1917.0,Princess of Mars (2009),2009.0,1,True
https://en.wikipedia.org/wiki/List_of_fiction_works_made_into_feature_films_(K%E2%80%93R),List_of_fiction_works_made_into_feature_films_(K–R),8,"A Princess of Mars (1917), Edgar Rice Burroughs",1917.0,John Carter (2012),2012.0,1,True
https://en.wikipedia.org/wiki/List_of_fiction_works_made_into_feature_films_(K%E2%80%93R),List_of_fiction_works_made_into_feature_films_(K–R),8,"The Prisoner of Zenda (1894), Anthony Hope",1894.0,The Prisoner of Zenda (1984),1984.0,1,True
https://en.wikipedia.org/wiki/List_of_fiction_works_made_into_feature_films_(K%E2%80%93R),List_of_fiction_works_made_into_feature_films_(K–R),8,"The Prisoner of Zenda (1894), Anthony Hope",1894.0,Prisoner of Zenda (1988),1988.0,1,True
https://en.wikipedia.org/wiki/List_of_fiction_works_made_into_feature_films_(K%E2%80%93R),List_of_fiction_works_made_into_feature_films_(K–R),8,"Pronto (1993), Elmore Leonard",1993.0,Pronto (1997),1997.0,1,True
https://en.wikipedia.org/wiki/List_of_fiction_works_made_into_feature_films_(K%E2%80%93R),List_of_fiction_works_made_into_feature_films_(K–R),8,"Professor Unrat, oder Das Ende eines Tyrannen (1905), Heinrich Mann",1905.0,Lola (1981),1981.0,1,True
https://en.wikipedia.org/wiki/List_of_fiction_works_made_into_feature_films_(K%E2%80%93R),List_of_fiction_works_made_into_feature_films_(K–R),8,"Psycho (1959), Robert Bloch",1959.0,Psycho II (1983),1983.0,1,True
https://en.wikipedia.org/wiki/List_of_fiction_works_made_into_feature_films_(K%E2%80%93R),List_of_fiction_works_made_into_feature_films_(K–R),8,"Psycho (1959), Robert Bloch",1959.0,Psycho III (1986),1986.0,1,True
https://en.wikipedia.org/wiki/List_of_fiction_works_made_into_feature_films_(K%E2%80%93R),List_of_fiction_works_made_into_feature_films_(K–R),8,"Psycho (1959), Robert Bloch",1959.0,Bates Motel (1987),1987.0,1,True
https://en.wikipedia.org/wiki/List_of_fiction_works_made_into_feature_films_(K%E2%80%93R),List_of_fiction_works_made_into_feature_films_(K–R),8,"Psycho (1959), Robert Bloch",1959.0,Psycho IV: The Beginning (1990),1990.0,1,True
https://en.wikipedia.org/wiki/List_of_fiction_works_made_into_feature_films_(K%E2%80%93R),List_of_fiction_works_made_into_feature_films_(K–R),8,"Psycho (1959), Robert Bloch",1959.0,Psycho (1998),1998.0,1,True
https://en.wikipedia.org/wiki/List_of_fiction_works_made_into_feature_films_(K%E2%80%93R),List_of_fiction_works_made_into_feature_films_(K–R),8,"The Puppet Masters (1951), Robert A. Heinlein",1951.0,The Puppet Masters (1994),1994.0,1,True
https://en.wikipedia.org/wiki/List_of_fiction_works_made_into_feature_films_(K%E2%80%93R),List_of_fiction_works_made_into_feature_films_(K–R),9,"Q & A (1977), Edwin Torres",1977.0,Q & A (1990),1990.0,1,True
https://en.wikipedia.org/wiki/List_of_fiction_works_made_into_feature_films_(K%E2%80%93R),List_of_fiction_works_made_into_feature_films_(K–R),9,"The Queen of the Damned (1988), Anne Rice",1988.0,Queen of the Damned (2002),2002.0,1,True
https://en.wikipedia.org/wiki/List_of_fiction_works_made_into_feature_films_(K%E2%80%93R),List_of_fiction_works_made_into_feature_films_(K–R),9,"The Quick and the Dead (1973), Louis L'Amour",1973.0,The Quick and the Dead (1987),1987.0,1,True
https://en.wikipedia.org/wiki/List_of_fiction_works_made_into_feature_films_(K%E2%80%93R),List_of_fiction_works_made_into_feature_films_(K–R),9,"Quick Change (1981), Jay Cronley",1981.0,Quick Change (1990),1990.0,1,True
https://en.wikipedia.org/wiki/List_of_fiction_works_made_into_feature_films_(K%E2%80%93R),List_of_fiction_works_made_into_feature_films_(K–R),9,"The Quiet American (1955), Graham Greene",1955.0,The Quiet American (2002),2002.0,1,True
https://en.wikipedia.org/wiki/List_of_fiction_works_made_into_feature_films_(K%E2%80%93R),List_of_fiction_works_made_into_feature_films_(K–R),10,"Radio Free Albemuth (1976), Philip K. Dick",1976.0,Radio Free Albemuth (2011),2011.0,1,True
https://en.wikipedia.org/wiki/List_of_fiction_works_made_into_feature_films_(K%E2%80%93R),List_of_fiction_works_made_into_feature_films_(K–R),10,"The Radleys (2010), Matt Haig",2010.0,The Radleys (2024),2024.0,1,True
https://en.wikipedia.org/wiki/List_of_fiction_works_made_into_feature_films_(K%E2%80%93R),List_of_fiction_works_made_into_feature_films_(K–R),10,"Ragtime (1975), E. L. Doctorow",1975.0,Ragtime (1981),1981.0,1,True
https://en.wikipedia.org/wiki/List_of_fiction_works_made_into_feature_films_(K%E2%80%93R),List_of_fiction_works_made_into_feature_films_(K–R),10,"Rain (2000), V.C. Andrews",2000.0,Rain (2006),2006.0,1,True
https://en.wikipedia.org/wiki/List_of_fiction_works_made_into_feature_films_(K%E2%80%93R),List_of_fiction_works_made_into_feature_films_(K–R),10,"The Rainbow (1915), D. H. Lawrence",1915.0,The Rainbow (1989),1989.0,1,True
https://en.wikipedia.org/wiki/List_of_fiction_works_made_into_feature_films_(K%E2%80%93R),List_of_fiction_works_made_into_feature_films_(K–R),10,"The Rainmaker (1995), John Grisham",1995.0,The Rainmaker (1997),1997.0,1,True
https://en.wikipedia.org/wiki/List_of_fiction_works_made_into_feature_films_(K%E2%80%93R),List_of_fiction_works_made_into_feature_films_(K–R),10,"Raise the Titanic! (1976), Clive Cussler",1976.0,Raise the Titanic (1980),1980.0,1,True
https://en.wikipedia.org/wiki/List_of_fiction_works_made_into_feature_films_(K%E2%80%93R),List_of_fiction_works_made_into_feature_films_(K–R),10,"Random Hearts (1984), Warren Adler",1984.0,Random Hearts (1999),1999.0,1,True
https://en.wikipedia.org/wiki/List_of_fiction_works_made_into_feature_films_(K%E2%80%93R),List_of_fiction_works_made_into_feature_films_(K–R),10,"Ratman's Notebooks (1969), Stephen Gilbert",1969.0,Willard (2003),2003.0,1,True
https://en.wikipedia.org/wiki/List_of_fiction_works_made_into_feature_films_(K%E2%80%93R),List_of_fiction_works_made_into_feature_films_(K–R),10,"The Razor's Edge (1944), W. Somerset Maugham",1944.0,The Razor's Edge (1984),1984.0,1,True
https://en.wikipedia.org/wiki/List_of_fiction_works_made_into_feature_films_(K%E2%80%93R),List_of_fiction_works_made_into_feature_films_(K–R),10,"The Reader (1995), Bernhard Schlink",1995.0,The Reader (2008),2008.0,1,True
https://en.wikipedia.org/wiki/List_of_fiction_works_made_into_feature_films_(K%E2%80%93R),List_of_fiction_works_made_into_feature_films_(K–R),10,"Ready Player One (2011), Ernest Cline",2011.0,Ready Player One (2018),2018.0,1,True
https://en.wikipedia.org/wiki/List_of_fiction_works_made_into_feature_films_(K%E2%80%93R),List_of_fiction_works_made_into_feature_films_(K–R),10,"Rebecca (1938), Daphne du Maurier",1938.0,Rebecca (2020),2020.0,1,True
https://en.wikipedia.org/wiki/List_of_fiction_works_made_into_feature_films_(K%E2%80%93R),List_of_fiction_works_made_into_feature_films_(K–R),10,"Red Dragon (1981), Thomas Harris",1981.0,Manhunter (1986),1986.0,1,True
https://en.wikipedia.org/wiki/List_of_fiction_works_made_into_feature_films_(K%E2%80%93R),List_of_fiction_works_made_into_feature_films_(K–R),10,"Red Dragon (1981), Thomas Harris",1981.0,Red Dragon (2002),2002.0,1,True
https://en.wikipedia.org/wiki/List_of_fiction_works_made_into_feature_films_(K%E2%80%93R),List_of_fiction_works_made_into_feature_films_(K–R),10,"The Remains of the Day (1989), Ishiguro",1989.0,The Remains of the Day (1993),1993.0,1,True
https://en.wikipedia.org/wiki/List_of_fiction_works_made_into_feature_films_(K%E2%80%93R),List_of_fiction_works_made_into_feature_films_(K–R),10,"The Rescuers (1959), Margery Sharp",1959.0,The Rescuers Down Under (1990),1990.0,1,True
https://en.wikipedia.org/wiki/List_of_fiction_works_made_into_feature_films_(K%E2%80%93R),List_of_fiction_works_made_into_feature_films_(K–R),10,"The Return of the Condor Heroes (神鵰俠侶; Shén Diāo Xiá Lǚ) (1959), Jin Yong",1959.0,The Brave Archer and His Mate (1982),1982.0,1,True
https://en.wikipedia.org/wiki/List_of_fiction_works_made_into_feature_films_(K%E2%80%93R),List_of_fiction_works_made_into_feature_films_(K–R),10,"The Return of the Condor Heroes (神鵰俠侶; Shén Diāo Xiá Lǚ) (1959), Jin Yong",1959.0,Little Dragon Maiden (楊過與小龍女; Yáng Guò Yǔ Xiǎo Lóng Nǚ) (1983),1983.0,1,True
https://en.wikipedia.org/wiki/List_of_fiction_works_made_into_feature_films_(K%E2%80%93R),List_of_fiction_works_made_into_feature_films_(K–R),10,"Return of the Living Dead (1977), John Russo",1977.0,The Return of the Living Dead (1985),1985.0,1,True
https://en.wikipedia.org/wiki/List_of_fiction_works_made_into_feature_films_(K%E2%80%93R),List_of_fiction_works_made_into_feature_films_(K–R),10,"Return of the Living Dead (1977), John Russo",1977.0,Return of the Living Dead Part II (1988),1988.0,1,True
https://en.wikipedia.org/wiki/List_of_fiction_works_made_into_feature_films_(K%E2%80%93R),List_of_fiction_works_made_into_feature_films_(K–R),10,"Return of the Living Dead (1977), John Russo",1977.0,Return of the Living Dead 3 (1993),1993.0,1,True
https://en.wikipedia.org/wiki/List_of_fiction_works_made_into_feature_films_(K%E2%80%93R),List_of_fiction_works_made_into_feature_films_(K–R),10,"Return of the Living Dead (1977), John Russo",1977.0,Return of the Living Dead: Necropolis (2005),2005.0,1,True
https://en.wikipedia.org/wiki/List_of_fiction_works_made_into_feature_films_(K%E2%80%93R),List_of_fiction_works_made_into_feature_films_(K–R),10,"Return of the Living Dead (1977), John Russo",1977.0,Return of the Living Dead: Rave to the Grave (2005),2005.0,1,True
https://en.wikipedia.org/wiki/List_of_fiction_works_made_into_feature_films_(K%E2%80%93R),List_of_fiction_works_made_into_feature_films_(K–R),10,"The Return of the Native (1878), Thomas Hardy",1878.0,The Return of the Native (1994),1994.0,1,True
https://en.wikipedia.org/wiki/List_of_fiction_works_made_into_feature_films_(K%E2%80%93R),List_of_fiction_works_made_into_feature_films_(K–R),10,"The Return of the Native (1878), Thomas Hardy",1878.0,The Return of the Native (2010),2010.0,1,True
https://en.wikipedia.org/wiki/List_of_fiction_works_made_into_feature_films_(K%E2%80%93R),List_of_fiction_works_made_into_feature_films_(K–R),10,"The Return of the Soldier (1918), Rebecca West",1918.0,The Return of the Soldier (1982),1982.0,1,True
https://en.wikipedia.org/wiki/List_of_fiction_works_made_into_feature_films_(K%E2%80%93R),List_of_fiction_works_made_into_feature_films_(K–R),10,"Revolutionary Road (1961), Richard Yates",1961.0,Revolutionary Road (2008),2008.0,1,True
https://en.wikipedia.org/wiki/List_of_fiction_works_made_into_feature_films_(K%E2%80%93R),List_of_fiction_works_made_into_feature_films_(K–R),10,"The Riddle of the Sands: A Record of Secret Service (1903), Erskine Childers",1903.0,The Riddle of the Sands (German: Das Rätsel der Sandbank) (1985),1985.0,1,True
https://en.wikipedia.org/wiki/List_of_fiction_works_made_into_feature_films_(K%E2%80%93R),List_of_fiction_works_made_into_feature_films_(K–R),10,"Riders of the Purple Sage (1912), Zane Grey",1912.0,Riders of the Purple Sage (1996),1996.0,1,True
https://en.wikipedia.org/wiki/List_of_fiction_works_made_into_feature_films_(K%E2%80%93R),List_of_fiction_works_made_into_feature_films_(K–R),10,"Ring (リング, Ringu) (1991), Koji Suzuki",1991.0,Ring: Kanzenban (1995),1995.0,1,True
https://en.wikipedia.org/wiki/List_of_fiction_works_made_into_feature_films_(K%E2%80%93R),List_of_fiction_works_made_into_feature_films_(K–R),10,"Ring (リング, Ringu) (1991), Koji Suzuki",1991.0,Ring (1998),1998.0,1,True
https://en.wikipedia.org/wiki/List_of_fiction_works_made_into_feature_films_(K%E2%80%93R),List_of_fiction_works_made_into_feature_films_(K–R),10,"Ring (リング, Ringu) (1991), Koji Suzuki",1991.0,Ring 2 (1999),1999.0,1,True
https://en.wikipedia.org/wiki/List_of_fiction_works_made_into_feature_films_(K%E2%80%93R),List_of_fiction_works_made_into_feature_films_(K–R),10,"Ring (リング, Ringu) (1991), Koji Suzuki",1991.0,The Ring Virus (Korean: 링; RR: Ring) (1999),1999.0,1,True
https://en.wikipedia.org/wiki/List_of_fiction_works_made_into_feature_films_(K%E2%80%93R),List_of_fiction_works_made_into_feature_films_(K–R),10,"Ring (リング, Ringu) (1991), Koji Suzuki",1991.0,The Ring (2002),2002.0,1,True
https://en.wikipedia.org/wiki/List_of_fiction_works_made_into_feature_films_(K%E2%80%93R),List_of_fiction_works_made_into_feature_films_(K–R),10,"Ring (リング, Ringu) (1991), Koji Suzuki",1991.0,The Ring Two (2005),2005.0,1,True
https://en.wikipedia.org/wiki/List_of_fiction_works_made_into_feature_films_(K%E2%80%93R),List_of_fiction_works_made_into_feature_films_(K–R),10,"Ring (リング, Ringu) (1991), Koji Suzuki",1991.0,Sadako DX (2022),2022.0,1,True
https://en.wikipedia.org/wiki/List_of_fiction_works_made_into_feature_films_(K%E2%80%93R),List_of_fiction_works_made_into_feature_films_(K–R),10,"Ripley Under Ground (1970), Patricia Highsmith",1970.0,Ripley Under Ground (2005),2005.0,1,True
https://en.wikipedia.org/wiki/List_of_fiction_works_made_into_feature_films_(K%E2%80%93R),List_of_fiction_works_made_into_feature_films_(K–R),10,"Ripley's Game (1974), Patricia Highsmith",1974.0,Ripley's Game (2002),2002.0,1,True
https://en.wikipedia.org/wiki/List_of_fiction_works_made_into_feature_films_(K%E2%80%93R),List_of_fiction_works_made_into_feature_films_(K–R),10,"Rising Sun (1992), Michael Crichton",1992.0,Rising Sun (1993),1993.0,1,True
https://en.wikipedia.org/wiki/List_of_fiction_works_made_into_feature_films_(K%E2%80%93R),List_of_fiction_works_made_into_feature_films_(K–R),10,"Riverworld (1971–1983) (series), Philip José Farmer",1971.0,Riverworld (2003),2003.0,1,True
https://en.wikipedia.org/wiki/List_of_fiction_works_made_into_feature_films_(K%E2%80%93R),List_of_fiction_works_made_into_feature_films_(K–R),10,"Riverworld (1971–1983) (series), Philip José Farmer",1971.0,Riverworld (2010),2010.0,1,True
https://en.wikipedia.org/wiki/List_of_fiction_works_made_into_feature_films_(K%E2%80%93R),List_of_fiction_works_made_into_feature_films_(K–R),10,"The Road (2006), Cormac McCarthy",2006.0,The Road (2009),2009.0,1,True
https://en.wikipedia.org/wiki/List_of_fiction_works_made_into_feature_films_(K%E2%80%93R),List_of_fiction_works_made_into_feature_films_(K–R),10,"Robinson Crusoe (1719), Daniel Defoe",1719.0,Robinson Crusoe mercante di York (1981),1981.0,1,True
https://en.wikipedia.org/wiki/List_of_fiction_works_made_into_feature_films_(K%E2%80%93R),List_of_fiction_works_made_into_feature_films_(K–R),10,"Robinson Crusoe (1719), Daniel Defoe",1719.0,"Adventures of Robinson Crusoe, a Sailor from York (Czech: Dobrodružství Robinsona Crusoe, námořníka z Yorku) (1982)",1982.0,1,True
https://en.wikipedia.org/wiki/List_of_fiction_works_made_into_feature_films_(K%E2%80%93R),List_of_fiction_works_made_into_feature_films_(K–R),10,"Robinson Crusoe (1719), Daniel Defoe",1719.0,Crusoe (1988),1988.0,1,True
https://en.wikipedia.org/wiki/List_of_fiction_works_made_into_feature_films_(K%E2%80%93R),List_of_fiction_works_made_into_feature_films_(K–R),10,"Robinson Crusoe (1719), Daniel Defoe",1719.0,Robinson and Company (French: Robinson et compagnie) (1991),1991.0,1,True
https://en.wikipedia.org/wiki/List_of_fiction_works_made_into_feature_films_(K%E2%80%93R),List_of_fiction_works_made_into_feature_films_(K–R),10,"Robinson Crusoe (1719), Daniel Defoe",1719.0,Robinson Crusoe (1997),1997.0,1,True
https://en.wikipedia.org/wiki/List_of_fiction_works_made_into_feature_films_(K%E2%80%93R),List_of_fiction_works_made_into_feature_films_(K–R),10,"Robinson Crusoe (1719), Daniel Defoe",1719.0,Robinson Crusoe (Greek: Rovinsonas Krousos) (2004),2004.0,1,True
https://en.wikipedia.org/wiki/List_of_fiction_works_made_into_feature_films_(K%E2%80%93R),List_of_fiction_works_made_into_feature_films_(K–R),10,"Robinson Crusoe (1719), Daniel Defoe",1719.0,Robinson Crusoe on Sin Island (2005),2005.0,1,True
https://en.wikipedia.org/wiki/List_of_fiction_works_made_into_feature_films_(K%E2%80%93R),List_of_fiction_works_made_into_feature_films_(K–R),10,"Robinson Crusoe (1719), Daniel Defoe",1719.0,Robinson Crusoe: The Great Blitzkrieg (2008),2008.0,1,True
https://en.wikipedia.org/wiki/List_of_fiction_works_made_into_feature_films_(K%E2%80%93R),List_of_fiction_works_made_into_feature_films_(K–R),10,"Robinson Crusoe (1719), Daniel Defoe",1719.0,Robinson Crusoe & Cuma (2015),2015.0,1,True
https://en.wikipedia.org/wiki/List_of_fiction_works_made_into_feature_films_(K%E2%80%93R),List_of_fiction_works_made_into_feature_films_(K–R),10,"Robinson Crusoe (1719), Daniel Defoe",1719.0,Robinson Crusoe (2016),2016.0,1,True
https://en.wikipedia.org/wiki/List_of_fiction_works_made_into_feature_films_(K%E2%80%93R),List_of_fiction_works_made_into_feature_films_(K–R),10,"Romance of the Three Kingdoms (三國演義; Sānguó Yǎnyì) (14th century), Luo Guanzhong",,Sangokushi (三国志) (1985),1985.0,1,True
https://en.wikipedia.org/wiki/List_of_fiction_works_made_into_feature_films_(K%E2%80%93R),List_of_fiction_works_made_into_feature_films_(K–R),10,"Romance of the Three Kingdoms (三國演義; Sānguó Yǎnyì) (14th century), Luo Guanzhong",,Sangokushi II: Amakakeru Otoko-tachi (三国志II 天翔ける英雄たち) (1986),1986.0,1,True
https://en.wikipedia.org/wiki/List_of_fiction_works_made_into_feature_films_(K%E2%80%93R),List_of_fiction_works_made_into_feature_films_(K–R),10,"Romance of the Three Kingdoms (三國演義; Sānguó Yǎnyì) (14th century), Luo Guanzhong",,Sangokushi (1): Eiyū-tachi no Yoake (三国志（第1部） 英雄たちの夜明け) (1992),1992.0,1,True
https://en.wikipedia.org/wiki/List_of_fiction_works_made_into_feature_films_(K%E2%80%93R),List_of_fiction_works_made_into_feature_films_(K–R),10,"Romance of the Three Kingdoms (三國演義; Sānguó Yǎnyì) (14th century), Luo Guanzhong",,Sangokushi (2): Chōkō Moyu! (三国志（第2部） 長江燃ゆ！) (1993),1993.0,1,True
https://en.wikipedia.org/wiki/List_of_fiction_works_made_into_feature_films_(K%E2%80%93R),List_of_fiction_works_made_into_feature_films_(K–R),10,"Romance of the Three Kingdoms (三國演義; Sānguó Yǎnyì) (14th century), Luo Guanzhong",,Sangokushi (3): Harukanaru Taichi (三国志（第3部） 遥かなる大地) (1994),1994.0,1,True
https://en.wikipedia.org/wiki/List_of_fiction_works_made_into_feature_films_(K%E2%80%93R),List_of_fiction_works_made_into_feature_films_(K–R),10,"Romance of the Three Kingdoms (三國演義; Sānguó Yǎnyì) (14th century), Luo Guanzhong",,Three Kingdoms: Resurrection of the Dragon (三國之見龍卸甲; Sān Guó Zhī Jiàn Lóng Xiè Jiǎ) (2008),2008.0,1,True
https://en.wikipedia.org/wiki/List_of_fiction_works_made_into_feature_films_(K%E2%80%93R),List_of_fiction_works_made_into_feature_films_(K–R),10,"Romance of the Three Kingdoms (三國演義; Sānguó Yǎnyì) (14th century), Luo Guanzhong",,Red Cliff (赤壁; Chì Bì) (2008–09),2008.0,1,True
https://en.wikipedia.org/wiki/List_of_fiction_works_made_into_feature_films_(K%E2%80%93R),List_of_fiction_works_made_into_feature_films_(K–R),10,"Romance of the Three Kingdoms (三國演義; Sānguó Yǎnyì) (14th century), Luo Guanzhong",,The Lost Bladesman (關雲長; Guān Yún cháng) (2011),2011.0,1,True
https://en.wikipedia.org/wiki/List_of_fiction_works_made_into_feature_films_(K%E2%80%93R),List_of_fiction_works_made_into_feature_films_(K–R),10,"Romance of the Three Kingdoms (三國演義; Sānguó Yǎnyì) (14th century), Luo Guanzhong",,The Assassins (铜雀台; Tóng Què Tái) (2012),2012.0,1,True
https://en.wikipedia.org/wiki/List_of_fiction_works_made_into_feature_films_(K%E2%80%93R),List_of_fiction_works_made_into_feature_films_(K–R),10,"Romance of the Three Kingdoms (三國演義; Sānguó Yǎnyì) (14th century), Luo Guanzhong",,Dynasty Warriors (真·三国无双; Zhēn Sān Guó Wú Shuāng) (2021),2021.0,1,True
https://en.wikipedia.org/wiki/List_of_fiction_works_made_into_feature_films_(K%E2%80%93R),List_of_fiction_works_made_into_feature_films_(K–R),10,"A Room with a View (1908), E. M. Forster",1908.0,A Room with a View (1985),1985.0,1,True
https://en.wikipedia.org/wiki/List_of_fiction_works_made_into_feature_films_(K%E2%80%93R),List_of_fiction_works_made_into_feature_films_(K–R),10,"A Room with a View (1908), E. M. Forster",1908.0,A Room with a View (2007),2007.0,1,True
https://en.wikipedia.org/wiki/List_of_fiction_works_made_into_feature_films_(K%E2%80%93R),List_of_fiction_works_made_into_feature_films_(K–R),10,"The Rules of Attraction (1987), Bret Easton Ellis",1987.0,The Rules of Attraction (2002),2002.0,1,True
https://en.wikipedia.org/wiki/List_of_fiction_works_made_into_feature_films_(K%E2%80%93R),List_of_fiction_works_made_into_feature_films_(K–R),10,"Rum Punch (1992), Elmore Leonard",1992.0,Jackie Brown (1997),1997.0,1,True
https://en.wikipedia.org/wiki/List_of_fiction_works_made_into_feature_films_(K%E2%80%93R),List_of_fiction_works_made_into_feature_films_(K–R),10,"The Runaway Jury (1996), John Grisham",1996.0,Runaway Jury (2003),2003.0,1,True
https://en.wikipedia.org/wiki/List_of_fiction_works_made_into_feature_films_(K%E2%80%93R),List_of_fiction_works_made_into_feature_films_(K–R),10,"A Running Duck (a.k.a. Fair Game) (1974), Paula Gosling",1974.0,Cobra (1986),1986.0,1,True
https://en.wikipedia.org/wiki/List_of_fiction_works_made_into_feature_films_(K%E2%80%93R),List_of_fiction_works_made_into_feature_films_(K–R),10,"A Running Duck (a.k.a. Fair Game) (1974), Paula Gosling",1974.0,Fair Game (1995),1995.0,1,True
https://en.wikipedia.org/wiki/List_of_fiction_works_made_into_feature_films_(K%E2%80%93R),List_of_fiction_works_made_into_feature_films_(K–R),10,"The Running Man (1982), Stephen King",1982.0,The Running Man (1987),1987.0,1,True
https://en.wikipedia.org/wiki/List_of_fiction_works_made_into_feature_films_(K%E2%80%93R),List_of_fiction_works_made_into_feature_films_(K–R),10,"The Russia House (1989), John le Carré",1989.0,The Russia House (1990),1990.0,1,True
https://en.wikipedia.org/wiki/List_of_fiction_works_made_into_feature_films_(S%E2%80%93Z),List_of_fiction_works_made_into_feature_films_(S–Z),2,"Sacred Wood (Chinese: 神木 Shen Mu) (1999), Liu Qingbang",1999.0,Blind Shaft (Chinese: 盲井; pinyin: Mángjǐng) (2003),2003.0,1,True
https://en.wikipedia.org/wiki/List_of_fiction_works_made_into_feature_films_(S%E2%80%93Z),List_of_fiction_works_made_into_feature_films_(S–Z),2,"The Saga of Pecos Bill (1923), Edward O'Reilly",1923.0,Tall Tale (1995),1995.0,1,True
https://en.wikipedia.org/wiki/List_of_fiction_works_made_into_feature_films_(S%E2%80%93Z),List_of_fiction_works_made_into_feature_films_(S–Z),2,"Sahara (1992), Clive Cussler",1992.0,Sahara (2005),2005.0,1,True
https://en.wikipedia.org/wiki/List_of_fiction_works_made_into_feature_films_(S%E2%80%93Z),List_of_fiction_works_made_into_feature_films_(S–Z),2,"The Salamander (1973), Morris West",1973.0,The Salamander (1981),1981.0,1,True
https://en.wikipedia.org/wiki/List_of_fiction_works_made_into_feature_films_(S%E2%80%93Z),List_of_fiction_works_made_into_feature_films_(S–Z),2,"'Salem's Lot (1975), Stephen King",1975.0,A Return to Salem's Lot (1987),1987.0,1,True
https://en.wikipedia.org/wiki/List_of_fiction_works_made_into_feature_films_(S%E2%80%93Z),List_of_fiction_works_made_into_feature_films_(S–Z),2,"'Salem's Lot (1975), Stephen King",1975.0,'Salem's Lot (2024),2024.0,1,True
https://en.wikipedia.org/wiki/List_of_fiction_works_made_into_feature_films_(S%E2%80%93Z),List_of_fiction_works_made_into_feature_films_(S–Z),2,"Salmon Fishing in the Yemen (2006), Paul Torday",2006.0,Salmon Fishing in the Yemen (2011),2011.0,1,True
https://en.wikipedia.org/wiki/List_of_fiction_works_made_into_feature_films_(S%E2%80%93Z),List_of_fiction_works_made_into_feature_films_(S–Z),2,"Sanshiro Sugata (姿三四郎, Sugata Sanshirō) (1942), Tsuneo Tomita",1942.0,Sanshiro Sugata (1981),1981.0,1,True
https://en.wikipedia.org/wiki/List_of_fiction_works_made_into_feature_films_(S%E2%80%93Z),List_of_fiction_works_made_into_feature_films_(S–Z),2,"A Scanner Darkly (1977), Philip K. Dick",1977.0,A Scanner Darkly (2006),2006.0,1,True
https://en.wikipedia.org/wiki/List_of_fiction_works_made_into_feature_films_(S%E2%80%93Z),List_of_fiction_works_made_into_feature_films_(S–Z),2,"Scarface (1930), Armitage Trail",1930.0,Scarface (1983),1983.0,1,True
https://en.wikipedia.org/wiki/List_of_fiction_works_made_into_feature_films_(S%E2%80%93Z),List_of_fiction_works_made_into_feature_films_(S–Z),2,"The Scarlet Letter (1850), Nathaniel Hawthorne",1850.0,The Scarlet Letter (1995),1995.0,1,True
https://en.wikipedia.org/wiki/List_of_fiction_works_made_into_feature_films_(S%E2%80%93Z),List_of_fiction_works_made_into_feature_films_(S–Z),2,"The Scarlet Pimpernel (1903–1905), Baroness Emmuska Orczy",1903.0,The Scarlet Pimpernel (1982),1982.0,1,True
https://en.wikipedia.org/wiki/List_of_fiction_works_made_into_feature_films_(S%E2%80%93Z),List_of_fiction_works_made_into_feature_films_(S–Z),2,"The Scarlet Pimpernel (1903–1905), Baroness Emmuska Orczy",1903.0,The Scarlet Pimpernel (1987),1987.0,1,True
https://en.wikipedia.org/wiki/List_of_fiction_works_made_into_feature_films_(S%E2%80%93Z),List_of_fiction_works_made_into_feature_films_(S–Z),2,"The Scarlet Pimpernel (1903–1905), Baroness Emmuska Orczy",1903.0,The Forecourt Pimpernel (2001),2001.0,1,True
https://en.wikipedia.org/wiki/List_of_fiction_works_made_into_feature_films_(S%E2%80%93Z),List_of_fiction_works_made_into_feature_films_(S–Z),2,"Schindler's Ark (1982), Thomas Keneally",1982.0,Schindler's List (1993),1993.0,1,True
https://en.wikipedia.org/wiki/List_of_fiction_works_made_into_feature_films_(S%E2%80%93Z),List_of_fiction_works_made_into_feature_films_(S–Z),2,"The Sea-Wolf (1904), Jack London",1904.0,The Sea Wolf (1993) (TV),1993.0,1,True
https://en.wikipedia.org/wiki/List_of_fiction_works_made_into_feature_films_(S%E2%80%93Z),List_of_fiction_works_made_into_feature_films_(S–Z),2,"The Sea-Wolf (1904), Jack London",1904.0,The Sea Wolf (1997),1997.0,1,True
https://en.wikipedia.org/wiki/List_of_fiction_works_made_into_feature_films_(S%E2%80%93Z),List_of_fiction_works_made_into_feature_films_(S–Z),2,"The Sea-Wolf (1904), Jack London",1904.0,The Sea Wolf (2008),2008.0,1,True
https://en.wikipedia.org/wiki/List_of_fiction_works_made_into_feature_films_(S%E2%80%93Z),List_of_fiction_works_made_into_feature_films_(S–Z),2,"The Second Victory (1958) (a. k. a. Backlash), Morris West",1958.0,The Second Victory (1986),1986.0,1,True
https://en.wikipedia.org/wiki/List_of_fiction_works_made_into_feature_films_(S%E2%80%93Z),List_of_fiction_works_made_into_feature_films_(S–Z),2,"The Secret Agent (1907), Joseph Conrad",1907.0,The Secret Agent (1996),1996.0,1,True
https://en.wikipedia.org/wiki/List_of_fiction_works_made_into_feature_films_(S%E2%80%93Z),List_of_fiction_works_made_into_feature_films_(S–Z),2,"The Secret Dreamworld of a Shopaholic (2003), Madeline Wickham (as Sophie Kinsella)",2003.0,Confessions of a Shopaholic (2009),2009.0,1,True
https://en.wikipedia.org/wiki/List_of_fiction_works_made_into_feature_films_(S%E2%80%93Z),List_of_fiction_works_made_into_feature_films_(S–Z),2,"The Secret Life of Bees (2002), Sue Monk Kidd",2002.0,The Secret Life of Bees (2008),2008.0,1,True
https://en.wikipedia.org/wiki/List_of_fiction_works_made_into_feature_films_(S%E2%80%93Z),List_of_fiction_works_made_into_feature_films_(S–Z),2,"Sense and Sensibility (1811), Jane Austen",1811.0,Sense and Sensibility (1995),1995.0,1,True
https://en.wikipedia.org/wiki/List_of_fiction_works_made_into_feature_films_(S%E2%80%93Z),List_of_fiction_works_made_into_feature_films_(S–Z),2,"Sense and Sensibility (1811), Jane Austen",1811.0,Kandukondain Kandukondain (2000),2000.0,1,True
https://en.wikipedia.org/wiki/List_of_fiction_works_made_into_feature_films_(S%E2%80%93Z),List_of_fiction_works_made_into_feature_films_(S–Z),2,"Sense and Sensibility (1811), Jane Austen",1811.0,From Prada to Nada (2011),2011.0,1,True
https://en.wikipedia.org/wiki/List_of_fiction_works_made_into_feature_films_(S%E2%80%93Z),List_of_fiction_works_made_into_feature_films_(S–Z),2,"The Shadow Riders (1982), Louis L'Amour",1982.0,The Shadow Riders (1982),1982.0,1,True
https://en.wikipedia.org/wiki/List_of_fiction_works_made_into_feature_films_(S%E2%80%93Z),List_of_fiction_works_made_into_feature_films_(S–Z),2,"Shaft (1970), Ernest Tidyman",1970.0,Shaft (2000),2000.0,1,True
https://en.wikipedia.org/wiki/List_of_fiction_works_made_into_feature_films_(S%E2%80%93Z),List_of_fiction_works_made_into_feature_films_(S–Z),2,"Shaft (1970), Ernest Tidyman",1970.0,Shaft (2019),2019.0,1,True
https://en.wikipedia.org/wiki/List_of_fiction_works_made_into_feature_films_(S%E2%80%93Z),List_of_fiction_works_made_into_feature_films_(S–Z),2,"She: A History of Adventure (serialised 1886–87, published as a book, 1887), H. Rider Haggard",1886.0,She (1984),1984.0,1,True
https://en.wikipedia.org/wiki/List_of_fiction_works_made_into_feature_films_(S%E2%80%93Z),List_of_fiction_works_made_into_feature_films_(S–Z),2,"She: A History of Adventure (serialised 1886–87, published as a book, 1887), H. Rider Haggard",1886.0,She (2001),2001.0,1,True
https://en.wikipedia.org/wiki/List_of_fiction_works_made_into_feature_films_(S%E2%80%93Z),List_of_fiction_works_made_into_feature_films_(S–Z),2,"She Who Was No More (French: Celle qui n'était plus) (1952), Pierre Boileau and Thomas Narcejac",1952.0,House of Secrets (1993),1993.0,1,True
https://en.wikipedia.org/wiki/List_of_fiction_works_made_into_feature_films_(S%E2%80%93Z),List_of_fiction_works_made_into_feature_films_(S–Z),2,"She Who Was No More (French: Celle qui n'était plus) (1952), Pierre Boileau and Thomas Narcejac",1952.0,Diabolique (1996),1996.0,1,True
https://en.wikipedia.org/wiki/List_of_fiction_works_made_into_feature_films_(S%E2%80%93Z),List_of_fiction_works_made_into_feature_films_(S–Z),2,"Sheep (2004), Simon Maginn",2004.0,The Dark (2005),2005.0,1,True
https://en.wikipedia.org/wiki/List_of_fiction_works_made_into_feature_films_(S%E2%80%93Z),List_of_fiction_works_made_into_feature_films_(S–Z),2,"The Shining (1977), Stephen King",1977.0,The Shining (1980),1980.0,1,True
https://en.wikipedia.org/wiki/List_of_fiction_works_made_into_feature_films_(S%E2%80%93Z),List_of_fiction_works_made_into_feature_films_(S–Z),2,"Shining Through (1988), Susan Isaacs",1988.0,Shining Through (1992),1992.0,1,True
https://en.wikipedia.org/wiki/List_of_fiction_works_made_into_feature_films_(S%E2%80%93Z),List_of_fiction_works_made_into_feature_films_(S–Z),2,"The Shipping News (1993), Annie Proulx",1993.0,The Shipping News (2001),2001.0,1,True
https://en.wikipedia.org/wiki/List_of_fiction_works_made_into_feature_films_(S%E2%80%93Z),List_of_fiction_works_made_into_feature_films_(S–Z),2,"The Shrinking Man (1956), Richard Matheson",1956.0,The Incredible Shrinking Woman (1981),1981.0,1,True
https://en.wikipedia.org/wiki/List_of_fiction_works_made_into_feature_films_(S%E2%80%93Z),List_of_fiction_works_made_into_feature_films_(S–Z),2,"Shoeless Joe (1982), W. P. Kinsella",1982.0,Field of Dreams (1989),1989.0,1,True
https://en.wikipedia.org/wiki/List_of_fiction_works_made_into_feature_films_(S%E2%80%93Z),List_of_fiction_works_made_into_feature_films_(S–Z),2,"Shutter Island (2003), Dennis Lehane",2003.0,Shutter Island (2010),2010.0,1,True
https://en.wikipedia.org/wiki/List_of_fiction_works_made_into_feature_films_(S%E2%80%93Z),List_of_fiction_works_made_into_feature_films_(S–Z),2,"Sideways (2004), Rex Pickett",2004.0,Sideways (2004),2004.0,1,True
https://en.wikipedia.org/wiki/List_of_fiction_works_made_into_feature_films_(S%E2%80%93Z),List_of_fiction_works_made_into_feature_films_(S–Z),2,"The Siege of Trencher's Farm (1969), Gordon Williams",1969.0,Straw Dogs (2011),2011.0,1,True
https://en.wikipedia.org/wiki/List_of_fiction_works_made_into_feature_films_(S%E2%80%93Z),List_of_fiction_works_made_into_feature_films_(S–Z),2,"The Silence of the Lambs (1988), Thomas Harris",1988.0,The Silence of the Lambs (1991),1991.0,1,True
https://en.wikipedia.org/wiki/List_of_fiction_works_made_into_feature_films_(S%E2%80%93Z),List_of_fiction_works_made_into_feature_films_(S–Z),2,"A Simple Plan (1993), Scott Smith",1993.0,A Simple Plan (1998),1998.0,1,True
https://en.wikipedia.org/wiki/List_of_fiction_works_made_into_feature_films_(S%E2%80%93Z),List_of_fiction_works_made_into_feature_films_(S–Z),2,"Simple Simon (1996), Ryne Douglas Pearson",1996.0,Mercury Rising (1998),1998.0,1,True
https://en.wikipedia.org/wiki/List_of_fiction_works_made_into_feature_films_(S%E2%80%93Z),List_of_fiction_works_made_into_feature_films_(S–Z),2,"Six Weeks (1976), Fred Mustard Stewart",1976.0,Six Weeks (1982),1982.0,1,True
https://en.wikipedia.org/wiki/List_of_fiction_works_made_into_feature_films_(S%E2%80%93Z),List_of_fiction_works_made_into_feature_films_(S–Z),2,"The Sixth of May (Dutch: De Zesde Mei) (2003), Tomas Ross",2003.0,06/05 (2003),2003.0,1,True
https://en.wikipedia.org/wiki/List_of_fiction_works_made_into_feature_films_(S%E2%80%93Z),List_of_fiction_works_made_into_feature_films_(S–Z),2,"Skinwalkers (1986), Tony Hillerman",1986.0,Skinwalkers (2002),2002.0,1,True
https://en.wikipedia.org/wiki/List_of_fiction_works_made_into_feature_films_(S%E2%80%93Z),List_of_fiction_works_made_into_feature_films_(S–Z),2,"Skipping Christmas (2001), John Grisham",2001.0,Christmas with the Kranks (2004),2004.0,1,True
https://en.wikipedia.org/wiki/List_of_fiction_works_made_into_feature_films_(S%E2%80%93Z),List_of_fiction_works_made_into_feature_films_(S–Z),2,"Slayground (1971), Donald E. Westlake",1971.0,Slayground (1983),1983.0,1,True
https://en.wikipedia.org/wiki/List_of_fiction_works_made_into_feature_films_(S%E2%80%93Z),List_of_fiction_works_made_into_feature_films_(S–Z),2,"Sleeping with the Enemy (1987), Nancy Price",1987.0,Sleeping with the Enemy (1991),1991.0,1,True
https://en.wikipedia.org/wiki/List_of_fiction_works_made_into_feature_films_(S%E2%80%93Z),List_of_fiction_works_made_into_feature_films_(S–Z),2,"Sliver (1991), Ira Levin",1991.0,Sliver (1993),1993.0,1,True
https://en.wikipedia.org/wiki/List_of_fiction_works_made_into_feature_films_(S%E2%80%93Z),List_of_fiction_works_made_into_feature_films_(S–Z),2,"Slugs (1982), Shaun Hutson",1982.0,Slugs (1988),1988.0,1,True
https://en.wikipedia.org/wiki/List_of_fiction_works_made_into_feature_films_(S%E2%80%93Z),List_of_fiction_works_made_into_feature_films_(S–Z),2,"Small Vices (1997), Robert B. Parker",1997.0,Spenser: Small Vices (1999),1999.0,1,True
https://en.wikipedia.org/wiki/List_of_fiction_works_made_into_feature_films_(S%E2%80%93Z),List_of_fiction_works_made_into_feature_films_(S–Z),2,"Snow Angels (1994), Stewart O'Nan",1994.0,Snow Angels (2007),2007.0,1,True
https://en.wikipedia.org/wiki/List_of_fiction_works_made_into_feature_films_(S%E2%80%93Z),List_of_fiction_works_made_into_feature_films_(S–Z),2,"Solaris (1961), Stanislaw Lem",1961.0,Solaris (2002),2002.0,1,True
https://en.wikipedia.org/wiki/List_of_fiction_works_made_into_feature_films_(S%E2%80%93Z),List_of_fiction_works_made_into_feature_films_(S–Z),2,"A Soldier's Daughter Never Cries (1990), Kaylie Jones",1990.0,A Soldier's Daughter Never Cries (1998),1998.0,1,True
https://en.wikipedia.org/wiki/List_of_fiction_works_made_into_feature_films_(S%E2%80%93Z),List_of_fiction_works_made_into_feature_films_(S–Z),2,"Something Wicked This Way Comes (1962), Ray Bradbury",1962.0,Something Wicked This Way Comes (1983),1983.0,1,True
https://en.wikipedia.org/wiki/List_of_fiction_works_made_into_feature_films_(S%E2%80%93Z),List_of_fiction_works_made_into_feature_films_(S–Z),2,"The Song of Everlasting Sorrow (Chinese: 長恨歌, Cháng hèn gē) (1995), Wang Anyi",1995.0,Everlasting Regret (2005),2005.0,1,True
https://en.wikipedia.org/wiki/List_of_fiction_works_made_into_feature_films_(S%E2%80%93Z),List_of_fiction_works_made_into_feature_films_(S–Z),2,"The Song of the Damned (Portuguese: Canto dos Malditos) (2001), Austregésilo Carrano Bueno",2001.0,Brainstorm (Portuguese: Bicho de Sete Cabeças) (2000),2000.0,1,True
https://en.wikipedia.org/wiki/List_of_fiction_works_made_into_feature_films_(S%E2%80%93Z),List_of_fiction_works_made_into_feature_films_(S–Z),2,"The Sound of Waves (潮騒, Shiosai) (1954), Yukio Mishima",1954.0,The Sound of Waves (1985),1985.0,1,True
https://en.wikipedia.org/wiki/List_of_fiction_works_made_into_feature_films_(S%E2%80%93Z),List_of_fiction_works_made_into_feature_films_(S–Z),2,"Sour Sweet (1982), Timothy Mo",1982.0,Soursweet (1989),1989.0,1,True
https://en.wikipedia.org/wiki/List_of_fiction_works_made_into_feature_films_(S%E2%80%93Z),List_of_fiction_works_made_into_feature_films_(S–Z),2,"The Space Vampires (1976), Colin Wilson",1976.0,Lifeforce (1985),1985.0,1,True
https://en.wikipedia.org/wiki/List_of_fiction_works_made_into_feature_films_(S%E2%80%93Z),List_of_fiction_works_made_into_feature_films_(S–Z),2,"Spaceman of Bohemia (2017), Jaroslav Kalfař",2017.0,Spaceman (2024),2024.0,1,True
https://en.wikipedia.org/wiki/List_of_fiction_works_made_into_feature_films_(S%E2%80%93Z),List_of_fiction_works_made_into_feature_films_(S–Z),2,"Sphere (1987), Michael Crichton",1987.0,Sphere (1998),1998.0,1,True
https://en.wikipedia.org/wiki/List_of_fiction_works_made_into_feature_films_(S%E2%80%93Z),List_of_fiction_works_made_into_feature_films_(S–Z),2,"Spider (1990), Patrick McGarth",1990.0,Spider (2002),2002.0,1,True
https://en.wikipedia.org/wiki/List_of_fiction_works_made_into_feature_films_(S%E2%80%93Z),List_of_fiction_works_made_into_feature_films_(S–Z),2,"Spirales (1987), Christopher Frank",1987.0,Spirale (1987),1987.0,1,True
https://en.wikipedia.org/wiki/List_of_fiction_works_made_into_feature_films_(S%E2%80%93Z),List_of_fiction_works_made_into_feature_films_(S–Z),2,"Split Images (1981), Elmore Leonard",1981.0,Split Images (1992) (TV),1992.0,1,True
https://en.wikipedia.org/wiki/List_of_fiction_works_made_into_feature_films_(S%E2%80%93Z),List_of_fiction_works_made_into_feature_films_(S–Z),2,"Stardust (1999), Neil Gaiman",1999.0,Stardust (2007),2007.0,1,True
https://en.wikipedia.org/wiki/List_of_fiction_works_made_into_feature_films_(S%E2%80%93Z),List_of_fiction_works_made_into_feature_films_(S–Z),2,"Starship Troopers (1959), Robert A. Heinlein",1959.0,Starship Troopers (1997),1997.0,1,True
https://en.wikipedia.org/wiki/List_of_fiction_works_made_into_feature_films_(S%E2%80%93Z),List_of_fiction_works_made_into_feature_films_(S–Z),2,"Starship Troopers (1959), Robert A. Heinlein",1959.0,Starship Troopers 2: Hero of the Federation (2004),2004.0,1,True
https://en.wikipedia.org/wiki/List_of_fiction_works_made_into_feature_films_(S%E2%80%93Z),List_of_fiction_works_made_into_feature_films_(S–Z),2,"Starship Troopers (1959), Robert A. Heinlein",1959.0,Starship Troopers 3: Marauder (2007),2007.0,1,True
https://en.wikipedia.org/wiki/List_of_fiction_works_made_into_feature_films_(S%E2%80%93Z),List_of_fiction_works_made_into_feature_films_(S–Z),2,"Starship Troopers (1959), Robert A. Heinlein",1959.0,Starship Troopers: Invasion (2012),2012.0,1,True
https://en.wikipedia.org/wiki/List_of_fiction_works_made_into_feature_films_(S%E2%80%93Z),List_of_fiction_works_made_into_feature_films_(S–Z),2,"Starship Troopers (1959), Robert A. Heinlein",1959.0,Starship Troopers: Traitor of Mars (2017),2017.0,1,True
https://en.wikipedia.org/wiki/List_of_fiction_works_made_into_feature_films_(S%E2%80%93Z),List_of_fiction_works_made_into_feature_films_(S–Z),2,"The Stepford Wives (1972), Ira Levin",1972.0,Revenge of the Stepford Wives (1980),1980.0,1,True
https://en.wikipedia.org/wiki/List_of_fiction_works_made_into_feature_films_(S%E2%80%93Z),List_of_fiction_works_made_into_feature_films_(S–Z),2,"The Stepford Wives (1972), Ira Levin",1972.0,The Stepford Children (1987),1987.0,1,True
https://en.wikipedia.org/wiki/List_of_fiction_works_made_into_feature_films_(S%E2%80%93Z),List_of_fiction_works_made_into_feature_films_(S–Z),2,"The Stepford Wives (1972), Ira Levin",1972.0,The Stepford Husbands (1996),1996.0,1,True
https://en.wikipedia.org/wiki/List_of_fiction_works_made_into_feature_films_(S%E2%80%93Z),List_of_fiction_works_made_into_feature_films_(S–Z),2,"The Stepford Wives (1972), Ira Levin",1972.0,The Stepford Wives (2004),2004.0,1,True
https://en.wikipedia.org/wiki/List_of_fiction_works_made_into_feature_films_(S%E2%80%93Z),List_of_fiction_works_made_into_feature_films_(S–Z),2,"Stella Dallas (1923), Olive Higgins Prouty",1923.0,Stella (1990),1990.0,1,True
https://en.wikipedia.org/wiki/List_of_fiction_works_made_into_feature_films_(S%E2%80%93Z),List_of_fiction_works_made_into_feature_films_(S–Z),2,"A Stir of Echoes (1958), Richard Matheson",1958.0,Stir of Echoes (1999),1999.0,1,True
https://en.wikipedia.org/wiki/List_of_fiction_works_made_into_feature_films_(S%E2%80%93Z),List_of_fiction_works_made_into_feature_films_(S–Z),2,"A Stir of Echoes (1958), Richard Matheson",1958.0,Stir of Echoes: The Homecoming (2007),2007.0,1,True
https://en.wikipedia.org/wiki/List_of_fiction_works_made_into_feature_films_(S%E2%80%93Z),List_of_fiction_works_made_into_feature_films_(S–Z),2,"Story of O (French: Histoire d'O) (1954), Anne Desclos (as Pauline Réage)",1954.0,Story of O: Chapter 2 (French: Histoire d'O: Chapitre 2) (1984),1984.0,1,True
https://en.wikipedia.org/wiki/List_of_fiction_works_made_into_feature_films_(S%E2%80%93Z),List_of_fiction_works_made_into_feature_films_(S–Z),2,"A Stranger Is Watching (1977), Mary Higgins Clark",1977.0,A Stranger Is Watching (1982),1982.0,1,True
https://en.wikipedia.org/wiki/List_of_fiction_works_made_into_feature_films_(S%E2%80%93Z),List_of_fiction_works_made_into_feature_films_(S–Z),2,"Strangers (異人たちとの夏, Ijintachi to no natsu) (1987), Taichi Yamada",1987.0,The Discarnates (1988),1988.0,1,True
https://en.wikipedia.org/wiki/List_of_fiction_works_made_into_feature_films_(S%E2%80%93Z),List_of_fiction_works_made_into_feature_films_(S–Z),2,"Strangers (異人たちとの夏, Ijintachi to no natsu) (1987), Taichi Yamada",1987.0,All of Us Strangers (2023),2023.0,1,True
https://en.wikipedia.org/wiki/List_of_fiction_works_made_into_feature_films_(S%E2%80%93Z),List_of_fiction_works_made_into_feature_films_(S–Z),2,"Strangers on a Train (1950), Patricia Highsmith",1950.0,Once You Meet a Stranger (1996),1996.0,1,True
https://en.wikipedia.org/wiki/List_of_fiction_works_made_into_feature_films_(S%E2%80%93Z),List_of_fiction_works_made_into_feature_films_(S–Z),2,"Strip Tease (1993), Carl Hiaasen",1993.0,Striptease (1996),1996.0,1,True
https://en.wikipedia.org/wiki/List_of_fiction_works_made_into_feature_films_(S%E2%80%93Z),List_of_fiction_works_made_into_feature_films_(S–Z),2,"Sultana - La Nuit du Sérail (1982), Prince Michael of Greece and Denmark",1982.0,The Favorite (a.k.a. Intimate Power) (1989),1989.0,1,True
https://en.wikipedia.org/wiki/List_of_fiction_works_made_into_feature_films_(S%E2%80%93Z),List_of_fiction_works_made_into_feature_films_(S–Z),2,"The Sum of All Fears (1991), Tom Clancy",1991.0,The Sum of All Fears (2002),2002.0,1,True
https://en.wikipedia.org/wiki/List_of_fiction_works_made_into_feature_films_(S%E2%80%93Z),List_of_fiction_works_made_into_feature_films_(S–Z),2,"The Sun Also Rises (1926), Ernest Hemingway",1926.0,The Sun Also Rises (1984) (TV),1984.0,1,True
https://en.wikipedia.org/wiki/List_of_fiction_works_made_into_feature_films_(S%E2%80%93Z),List_of_fiction_works_made_into_feature_films_(S–Z),2,"The Swiss Family Robinson (French: Der Schweizerische Robinson) (1812), Johann David Wyss",1812.0,Swiss Family Robinson (1996),1996.0,1,True
https://en.wikipedia.org/wiki/List_of_fiction_works_made_into_feature_films_(S%E2%80%93Z),List_of_fiction_works_made_into_feature_films_(S–Z),2,"The Swiss Family Robinson (French: Der Schweizerische Robinson) (1812), Johann David Wyss",1812.0,The Adventures of Swiss Family Robinson (1998),1998.0,1,True
https://en.wikipedia.org/wiki/List_of_fiction_works_made_into_feature_films_(S%E2%80%93Z),List_of_fiction_works_made_into_feature_films_(S–Z),2,"The Swiss Family Robinson (French: Der Schweizerische Robinson) (1812), Johann David Wyss",1812.0,Beverly Hills Family Robinson (1997),1997.0,1,True
https://en.wikipedia.org/wiki/List_of_fiction_works_made_into_feature_films_(S%E2%80%93Z),List_of_fiction_works_made_into_feature_films_(S–Z),2,"The Swiss Family Robinson (French: Der Schweizerische Robinson) (1812), Johann David Wyss",1812.0,The New Swiss Family Robinson (1999),1999.0,1,True
https://en.wikipedia.org/wiki/List_of_fiction_works_made_into_feature_films_(S%E2%80%93Z),List_of_fiction_works_made_into_feature_films_(S–Z),2,"The Swiss Family Robinson (French: Der Schweizerische Robinson) (1812), Johann David Wyss",1812.0,Stranded (2002),2002.0,1,True
https://en.wikipedia.org/wiki/List_of_fiction_works_made_into_feature_films_(S%E2%80%93Z),List_of_fiction_works_made_into_feature_films_(S–Z),3,"Tai-Pan (1966), James Clavell",1966.0,Tai-Pan (1986),1986.0,1,True
https://en.wikipedia.org/wiki/List_of_fiction_works_made_into_feature_films_(S%E2%80%93Z),List_of_fiction_works_made_into_feature_films_(S–Z),3,"The Taking of Pelham One Two Three (1973), Morton Freedgood",1973.0,The Taking of Pelham One Two Three (1998),1998.0,1,True
https://en.wikipedia.org/wiki/List_of_fiction_works_made_into_feature_films_(S%E2%80%93Z),List_of_fiction_works_made_into_feature_films_(S–Z),3,"The Taking of Pelham One Two Three (1973), Morton Freedgood",1973.0,The Taking of Pelham 123 (2009),2009.0,1,True
https://en.wikipedia.org/wiki/List_of_fiction_works_made_into_feature_films_(S%E2%80%93Z),List_of_fiction_works_made_into_feature_films_(S–Z),3,"A Tale of Two Cities (1859), Charles Dickens",1859.0,A Tale of Two Cities (1980),1980.0,1,True
https://en.wikipedia.org/wiki/List_of_fiction_works_made_into_feature_films_(S%E2%80%93Z),List_of_fiction_works_made_into_feature_films_(S–Z),3,"A Tale of Two Cities (1859), Charles Dickens",1859.0,A Tale of Two Cities (1984),1984.0,1,True
https://en.wikipedia.org/wiki/List_of_fiction_works_made_into_feature_films_(S%E2%80%93Z),List_of_fiction_works_made_into_feature_films_(S–Z),3,"Tales of the South Pacific (1947), James A. Michener",1947.0,South Pacific (2001),2001.0,1,True
https://en.wikipedia.org/wiki/List_of_fiction_works_made_into_feature_films_(S%E2%80%93Z),List_of_fiction_works_made_into_feature_films_(S–Z),3,"The Talented Mr. Ripley (1955), Patricia Highsmith",1955.0,The Talented Mr. Ripley (1999),1999.0,1,True
https://en.wikipedia.org/wiki/List_of_fiction_works_made_into_feature_films_(S%E2%80%93Z),List_of_fiction_works_made_into_feature_films_(S–Z),3,"Tarzan (1912–1965) (series), Edgar Rice Burroughs",1912.0,"Tarzan, the Ape Man (1981)",1981.0,1,True
https://en.wikipedia.org/wiki/List_of_fiction_works_made_into_feature_films_(S%E2%80%93Z),List_of_fiction_works_made_into_feature_films_(S–Z),3,"Tarzan (1912–1965) (series), Edgar Rice Burroughs",1912.0,"Greystoke: The Legend of Tarzan, Lord of the Apes (1984)",1984.0,1,True
https://en.wikipedia.org/wiki/List_of_fiction_works_made_into_feature_films_(S%E2%80%93Z),List_of_fiction_works_made_into_feature_films_(S–Z),3,"Tarzan (1912–1965) (series), Edgar Rice Burroughs",1912.0,Adventures of Tarzan (1985),1985.0,1,True
https://en.wikipedia.org/wiki/List_of_fiction_works_made_into_feature_films_(S%E2%80%93Z),List_of_fiction_works_made_into_feature_films_(S–Z),3,"Tarzan (1912–1965) (series), Edgar Rice Burroughs",1912.0,Tarzan and the Lost City (1998),1998.0,1,True
https://en.wikipedia.org/wiki/List_of_fiction_works_made_into_feature_films_(S%E2%80%93Z),List_of_fiction_works_made_into_feature_films_(S–Z),3,"Tarzan (1912–1965) (series), Edgar Rice Burroughs",1912.0,Tarzan of the Apes (1999),1999.0,1,True
https://en.wikipedia.org/wiki/List_of_fiction_works_made_into_feature_films_(S%E2%80%93Z),List_of_fiction_works_made_into_feature_films_(S–Z),3,"Tarzan (1912–1965) (series), Edgar Rice Burroughs",1912.0,Tarzan (1999),1999.0,1,True
https://en.wikipedia.org/wiki/List_of_fiction_works_made_into_feature_films_(S%E2%80%93Z),List_of_fiction_works_made_into_feature_films_(S–Z),3,"Tarzan (1912–1965) (series), Edgar Rice Burroughs",1912.0,Tarzan Ki Beti (2002),2002.0,1,True
https://en.wikipedia.org/wiki/List_of_fiction_works_made_into_feature_films_(S%E2%80%93Z),List_of_fiction_works_made_into_feature_films_(S–Z),3,"Tarzan (1912–1965) (series), Edgar Rice Burroughs",1912.0,Tarzan & Jane (2002),2002.0,1,True
https://en.wikipedia.org/wiki/List_of_fiction_works_made_into_feature_films_(S%E2%80%93Z),List_of_fiction_works_made_into_feature_films_(S–Z),3,"Tarzan (1912–1965) (series), Edgar Rice Burroughs",1912.0,Tarzan II (2005),2005.0,1,True
https://en.wikipedia.org/wiki/List_of_fiction_works_made_into_feature_films_(S%E2%80%93Z),List_of_fiction_works_made_into_feature_films_(S–Z),3,"Tarzan (1912–1965) (series), Edgar Rice Burroughs",1912.0,Tarzan (2013),2013.0,1,True
https://en.wikipedia.org/wiki/List_of_fiction_works_made_into_feature_films_(S%E2%80%93Z),List_of_fiction_works_made_into_feature_films_(S–Z),3,"Tarzan (1912–1965) (series), Edgar Rice Burroughs",1912.0,The Legend of Tarzan (2016),2016.0,1,True
https://en.wikipedia.org/wiki/List_of_fiction_works_made_into_feature_films_(S%E2%80%93Z),List_of_fiction_works_made_into_feature_films_(S–Z),3,"Terms of Endearment (1975), Larry McMurtry",1975.0,Terms of Endearment (1983),1983.0,1,True
https://en.wikipedia.org/wiki/List_of_fiction_works_made_into_feature_films_(S%E2%80%93Z),List_of_fiction_works_made_into_feature_films_(S–Z),3,"Tess of the d'Urbervilles (1891), Thomas Hardy",1891.0,Trishna (2011),2011.0,1,True
https://en.wikipedia.org/wiki/List_of_fiction_works_made_into_feature_films_(S%E2%80%93Z),List_of_fiction_works_made_into_feature_films_(S–Z),3,"The Tesseract (1998), Alex Garland",1998.0,The Tesseract (2003),2003.0,1,True
https://en.wikipedia.org/wiki/List_of_fiction_works_made_into_feature_films_(S%E2%80%93Z),List_of_fiction_works_made_into_feature_films_(S–Z),3,"Tex (1979), S. E. Hinton",1979.0,Tex (1982),1982.0,1,True
https://en.wikipedia.org/wiki/List_of_fiction_works_made_into_feature_films_(S%E2%80%93Z),List_of_fiction_works_made_into_feature_films_(S–Z),3,"Texasville (1987), Larry McMurtry",1987.0,Texasville (1990),1990.0,1,True
https://en.wikipedia.org/wiki/List_of_fiction_works_made_into_feature_films_(S%E2%80%93Z),List_of_fiction_works_made_into_feature_films_(S–Z),3,"Theatre (1937), W. Somerset Maugham",1937.0,Poniro thilyko... katergara gynaika! (Greek: Πονηρό θηλυκό... Κατεργάρα γυναίκα!) (1980),1980.0,1,True
https://en.wikipedia.org/wiki/List_of_fiction_works_made_into_feature_films_(S%E2%80%93Z),List_of_fiction_works_made_into_feature_films_(S–Z),3,"Theatre (1937), W. Somerset Maugham",1937.0,Being Julia (2004),2004.0,1,True
https://en.wikipedia.org/wiki/List_of_fiction_works_made_into_feature_films_(S%E2%80%93Z),List_of_fiction_works_made_into_feature_films_(S–Z),3,"There's a Porpoise Close Behind Us, Arthur Barker (1936), Noel Langley",1936.0,These Foolish Things (2005),2005.0,1,True
https://en.wikipedia.org/wiki/List_of_fiction_works_made_into_feature_films_(S%E2%80%93Z),List_of_fiction_works_made_into_feature_films_(S–Z),3,"These Foolish Things (2004), Deborah Moggach",2004.0,The Best Exotic Marigold Hotel (2012),2012.0,1,True
https://en.wikipedia.org/wiki/List_of_fiction_works_made_into_feature_films_(S%E2%80%93Z),List_of_fiction_works_made_into_feature_films_(S–Z),3,"These Foolish Things (2004), Deborah Moggach",2004.0,The Second Best Exotic Marigold Hotel (2015),2015.0,1,True
https://en.wikipedia.org/wiki/List_of_fiction_works_made_into_feature_films_(S%E2%80%93Z),List_of_fiction_works_made_into_feature_films_(S–Z),3,"They Do It with Mirrors (1952), Agatha Christie",1952.0,Murder with Mirrors (1985),1985.0,1,True
https://en.wikipedia.org/wiki/List_of_fiction_works_made_into_feature_films_(S%E2%80%93Z),List_of_fiction_works_made_into_feature_films_(S–Z),3,"Thin Air (1995), Robert B. Parker",1995.0,Thin Air (2000),2000.0,1,True
https://en.wikipedia.org/wiki/List_of_fiction_works_made_into_feature_films_(S%E2%80%93Z),List_of_fiction_works_made_into_feature_films_(S–Z),3,"The Thirty-Nine Steps (1915), John Buchan",1915.0,The 39 Steps (2008),2008.0,1,True
https://en.wikipedia.org/wiki/List_of_fiction_works_made_into_feature_films_(S%E2%80%93Z),List_of_fiction_works_made_into_feature_films_(S–Z),3,"Thor (1993), Wayne Smith",1993.0,Bad Moon (1996),1996.0,1,True
https://en.wikipedia.org/wiki/List_of_fiction_works_made_into_feature_films_(S%E2%80%93Z),List_of_fiction_works_made_into_feature_films_(S–Z),3,"The Three Musketeers (French: Les Trois Mousquetaires) (1844), Alexandre Dumas, père",1844.0,The Crazy Story of the Three Musketeers (Spanish: La loca historia de los tres mosqueteros) (1983),1983.0,1,True
https://en.wikipedia.org/wiki/List_of_fiction_works_made_into_feature_films_(S%E2%80%93Z),List_of_fiction_works_made_into_feature_films_(S–Z),3,"The Three Musketeers (French: Les Trois Mousquetaires) (1844), Alexandre Dumas, père",1844.0,D'Artagnan Junior (French: Le Fou du roi) (1984),1984.0,1,True
https://en.wikipedia.org/wiki/List_of_fiction_works_made_into_feature_films_(S%E2%80%93Z),List_of_fiction_works_made_into_feature_films_(S–Z),3,"The Three Musketeers (French: Les Trois Mousquetaires) (1844), Alexandre Dumas, père",1844.0,The Three Musketeers (1986),1986.0,1,True
https://en.wikipedia.org/wiki/List_of_fiction_works_made_into_feature_films_(S%E2%80%93Z),List_of_fiction_works_made_into_feature_films_(S–Z),3,"The Three Musketeers (French: Les Trois Mousquetaires) (1844), Alexandre Dumas, père",1844.0,The Three Mouseketeers (Romanian: Uimitoarele aventuri ale muschetarilor) (1988),1988.0,1,True
https://en.wikipedia.org/wiki/List_of_fiction_works_made_into_feature_films_(S%E2%80%93Z),List_of_fiction_works_made_into_feature_films_(S–Z),3,"The Three Musketeers (French: Les Trois Mousquetaires) (1844), Alexandre Dumas, père",1844.0,"The Three Musketeers Anime: Aramis' Adventure (アニメ三銃士 アラミスの冒険, Anime Sanjūshi: Aramisu no Bōken) (1989)",1989.0,1,True
https://en.wikipedia.org/wiki/List_of_fiction_works_made_into_feature_films_(S%E2%80%93Z),List_of_fiction_works_made_into_feature_films_(S–Z),3,"The Three Musketeers (French: Les Trois Mousquetaires) (1844), Alexandre Dumas, père",1844.0,"Kero Kero Keroppi's Three Musketeers (けろけろけろっぴの三銃士, Kero Kero Keroppi no Sanjūshi) (1991)",1991.0,1,True
https://en.wikipedia.org/wiki/List_of_fiction_works_made_into_feature_films_(S%E2%80%93Z),List_of_fiction_works_made_into_feature_films_(S–Z),3,"The Three Musketeers (French: Les Trois Mousquetaires) (1844), Alexandre Dumas, père",1844.0,The Three Musketeers (1992),1992.0,1,True
https://en.wikipedia.org/wiki/List_of_fiction_works_made_into_feature_films_(S%E2%80%93Z),List_of_fiction_works_made_into_feature_films_(S–Z),3,"The Three Musketeers (French: Les Trois Mousquetaires) (1844), Alexandre Dumas, père",1844.0,The Erotic Adventures of the Three Musketeers (1992),1992.0,1,True
https://en.wikipedia.org/wiki/List_of_fiction_works_made_into_feature_films_(S%E2%80%93Z),List_of_fiction_works_made_into_feature_films_(S–Z),3,"The Three Musketeers (French: Les Trois Mousquetaires) (1844), Alexandre Dumas, père",1844.0,Ring of the Musketeers [de] (1992),1992.0,1,True
https://en.wikipedia.org/wiki/List_of_fiction_works_made_into_feature_films_(S%E2%80%93Z),List_of_fiction_works_made_into_feature_films_(S–Z),3,"The Three Musketeers (French: Les Trois Mousquetaires) (1844), Alexandre Dumas, père",1844.0,The Three Musketeers (1993),1993.0,1,True
https://en.wikipedia.org/wiki/List_of_fiction_works_made_into_feature_films_(S%E2%80%93Z),List_of_fiction_works_made_into_feature_films_(S–Z),3,"The Three Musketeers (French: Les Trois Mousquetaires) (1844), Alexandre Dumas, père",1844.0,Revenge of the Musketeers (French: La fille de d'Artagnan) (1994),1994.0,1,True
https://en.wikipedia.org/wiki/List_of_fiction_works_made_into_feature_films_(S%E2%80%93Z),List_of_fiction_works_made_into_feature_films_(S–Z),3,"The Three Musketeers (French: Les Trois Mousquetaires) (1844), Alexandre Dumas, père",1844.0,The Musketeer (2001),2001.0,1,True
https://en.wikipedia.org/wiki/List_of_fiction_works_made_into_feature_films_(S%E2%80%93Z),List_of_fiction_works_made_into_feature_films_(S–Z),3,"The Three Musketeers (French: Les Trois Mousquetaires) (1844), Alexandre Dumas, père",1844.0,La Femme Musketeer (2004),2004.0,1,True
https://en.wikipedia.org/wiki/List_of_fiction_works_made_into_feature_films_(S%E2%80%93Z),List_of_fiction_works_made_into_feature_films_(S–Z),3,"The Three Musketeers (French: Les Trois Mousquetaires) (1844), Alexandre Dumas, père",1844.0,"Mickey, Donald, Goofy: The Three Musketeers (2004)",2004.0,1,True
https://en.wikipedia.org/wiki/List_of_fiction_works_made_into_feature_films_(S%E2%80%93Z),List_of_fiction_works_made_into_feature_films_(S–Z),3,"The Three Musketeers (French: Les Trois Mousquetaires) (1844), Alexandre Dumas, père",1844.0,Milady (2004),2004.0,1,True
https://en.wikipedia.org/wiki/List_of_fiction_works_made_into_feature_films_(S%E2%80%93Z),List_of_fiction_works_made_into_feature_films_(S–Z),3,"The Three Musketeers (French: Les Trois Mousquetaires) (1844), Alexandre Dumas, père",1844.0,"Three Musketeers (Russian: Три мушкетёра, Tri mušketera) (2004)",2004.0,1,True
https://en.wikipedia.org/wiki/List_of_fiction_works_made_into_feature_films_(S%E2%80%93Z),List_of_fiction_works_made_into_feature_films_(S–Z),3,"The Three Musketeers (French: Les Trois Mousquetaires) (1844), Alexandre Dumas, père",1844.0,The Three Musketeers (Danish: De tre musketerer) (2006),2006.0,1,True
https://en.wikipedia.org/wiki/List_of_fiction_works_made_into_feature_films_(S%E2%80%93Z),List_of_fiction_works_made_into_feature_films_(S–Z),3,"The Three Musketeers (French: Les Trois Mousquetaires) (1844), Alexandre Dumas, père",1844.0,The Three Musketeers: Saving the Crown (2007),2007.0,1,True
https://en.wikipedia.org/wiki/List_of_fiction_works_made_into_feature_films_(S%E2%80%93Z),List_of_fiction_works_made_into_feature_films_(S–Z),3,"The Three Musketeers (French: Les Trois Mousquetaires) (1844), Alexandre Dumas, père",1844.0,The Three Musketeers (2008),2008.0,1,True
https://en.wikipedia.org/wiki/List_of_fiction_works_made_into_feature_films_(S%E2%80%93Z),List_of_fiction_works_made_into_feature_films_(S–Z),3,"The Three Musketeers (French: Les Trois Mousquetaires) (1844), Alexandre Dumas, père",1844.0,Barbie and the Three Musketeers (2009),2009.0,1,True
https://en.wikipedia.org/wiki/List_of_fiction_works_made_into_feature_films_(S%E2%80%93Z),List_of_fiction_works_made_into_feature_films_(S–Z),3,"The Three Musketeers (French: Les Trois Mousquetaires) (1844), Alexandre Dumas, père",1844.0,The Three Musketeers (2011),2011.0,1,True
https://en.wikipedia.org/wiki/List_of_fiction_works_made_into_feature_films_(S%E2%80%93Z),List_of_fiction_works_made_into_feature_films_(S–Z),3,"The Three Musketeers (French: Les Trois Mousquetaires) (1844), Alexandre Dumas, père",1844.0,3 Musketeers (2011),2011.0,1,True
https://en.wikipedia.org/wiki/List_of_fiction_works_made_into_feature_films_(S%E2%80%93Z),List_of_fiction_works_made_into_feature_films_(S–Z),3,"The Three Musketeers (French: Les Trois Mousquetaires) (1844), Alexandre Dumas, père",1844.0,The Three Musketeers (2013),2013.0,1,True
https://en.wikipedia.org/wiki/List_of_fiction_works_made_into_feature_films_(S%E2%80%93Z),List_of_fiction_works_made_into_feature_films_(S–Z),3,"The Three Musketeers (French: Les Trois Mousquetaires) (1844), Alexandre Dumas, père",1844.0,The King's Musketeers (Italian: Moschettieri del re - La penultima missione) (2018),2018.0,1,True
https://en.wikipedia.org/wiki/List_of_fiction_works_made_into_feature_films_(S%E2%80%93Z),List_of_fiction_works_made_into_feature_films_(S–Z),3,"The Three Musketeers (French: Les Trois Mousquetaires) (1844), Alexandre Dumas, père",1844.0,The King's Musketeers 2 (Italian: Tutti per 1 - 1 per tutti) (2020),2020.0,1,True
https://en.wikipedia.org/wiki/List_of_fiction_works_made_into_feature_films_(S%E2%80%93Z),List_of_fiction_works_made_into_feature_films_(S–Z),3,"The Three Musketeers (French: Les Trois Mousquetaires) (1844), Alexandre Dumas, père",1844.0,Dogtanian and the Three Muskehounds (Spanish: D'Artacán y los Tres Mosqueperros) (2021),2021.0,1,True
https://en.wikipedia.org/wiki/List_of_fiction_works_made_into_feature_films_(S%E2%80%93Z),List_of_fiction_works_made_into_feature_films_(S–Z),3,"The Three Musketeers (French: Les Trois Mousquetaires) (1844), Alexandre Dumas, père",1844.0,The Three Musketeers: D'Artagnan (2023),2023.0,1,True
https://en.wikipedia.org/wiki/List_of_fiction_works_made_into_feature_films_(S%E2%80%93Z),List_of_fiction_works_made_into_feature_films_(S–Z),3,"The Three Musketeers (French: Les Trois Mousquetaires) (1844), Alexandre Dumas, père",1844.0,The Three Musketeers: Milady (2023),2023.0,1,True
https://en.wikipedia.org/wiki/List_of_fiction_works_made_into_feature_films_(S%E2%80%93Z),List_of_fiction_works_made_into_feature_films_(S–Z),3,"The Three Worlds of Johnny Handsome (1973), Morton Freedgood",1973.0,Johnny Handsome (1989),1989.0,1,True
https://en.wikipedia.org/wiki/List_of_fiction_works_made_into_feature_films_(S%E2%80%93Z),List_of_fiction_works_made_into_feature_films_(S–Z),3,"Thunderball (1961), Ian Fleming",1961.0,Never Say Never Again (1983),1983.0,1,True
https://en.wikipedia.org/wiki/List_of_fiction_works_made_into_feature_films_(S%E2%80%93Z),List_of_fiction_works_made_into_feature_films_(S–Z),3,"The Time Machine (1895), H. G. Wells",1895.0,The Time Machine (2002),2002.0,1,True
https://en.wikipedia.org/wiki/List_of_fiction_works_made_into_feature_films_(S%E2%80%93Z),List_of_fiction_works_made_into_feature_films_(S–Z),3,"A Time to Kill (1989), John Grisham",1989.0,A Time to Kill (1996),1996.0,1,True
https://en.wikipedia.org/wiki/List_of_fiction_works_made_into_feature_films_(S%E2%80%93Z),List_of_fiction_works_made_into_feature_films_(S–Z),3,"The Time Traveler's Wife (2003), Audrey Niffenegger",2003.0,The Time Traveler's Wife (2009),2009.0,1,True
https://en.wikipedia.org/wiki/List_of_fiction_works_made_into_feature_films_(S%E2%80%93Z),List_of_fiction_works_made_into_feature_films_(S–Z),3,"Timeline (1999), Michael Crichton",1999.0,Timeline (2003),2003.0,1,True
https://en.wikipedia.org/wiki/List_of_fiction_works_made_into_feature_films_(S%E2%80%93Z),List_of_fiction_works_made_into_feature_films_(S–Z),3,"Tinker, Tailor, Soldier, Spy (1974), John le Carré",1974.0,"Tinker, Tailor, Soldier, Spy (2011)",2011.0,1,True
https://en.wikipedia.org/wiki/List_of_fiction_works_made_into_feature_films_(S%E2%80%93Z),List_of_fiction_works_made_into_feature_films_(S–Z),3,"To Have and Have Not (1937), Ernest Hemingway",1937.0,"Captain Khorshid (Persian: ناخدا خورشید, Nakhoda Khorshid) (1987)",1987.0,1,True
https://en.wikipedia.org/wiki/List_of_fiction_works_made_into_feature_films_(S%E2%80%93Z),List_of_fiction_works_made_into_feature_films_(S–Z),3,"To Sir, With Love (1959), E. R. Braithwaite",1959.0,"To Sir, with Love II (1996)",1996.0,1,True
https://en.wikipedia.org/wiki/List_of_fiction_works_made_into_feature_films_(S%E2%80%93Z),List_of_fiction_works_made_into_feature_films_(S–Z),3,"Touch (1987), Elmore Leonard",1987.0,Touch (1997),1997.0,1,True
https://en.wikipedia.org/wiki/List_of_fiction_works_made_into_feature_films_(S%E2%80%93Z),List_of_fiction_works_made_into_feature_films_(S–Z),3,"Trainspotting (1993), Irvine Welsh",1993.0,Trainspotting (1996),1996.0,1,True
https://en.wikipedia.org/wiki/List_of_fiction_works_made_into_feature_films_(S%E2%80%93Z),List_of_fiction_works_made_into_feature_films_(S–Z),3,"Trainspotting (1993), Irvine Welsh",1993.0,T2 Trainspotting (2017),2017.0,1,True
https://en.wikipedia.org/wiki/List_of_fiction_works_made_into_feature_films_(S%E2%80%93Z),List_of_fiction_works_made_into_feature_films_(S–Z),3,"Treasure Island (1883), Robert Louis Stevenson",1883.0,Treasure Island (1982),1982.0,1,True
https://en.wikipedia.org/wiki/List_of_fiction_works_made_into_feature_films_(S%E2%80%93Z),List_of_fiction_works_made_into_feature_films_(S–Z),3,"Treasure Island (1883), Robert Louis Stevenson",1883.0,Treasure Island (French: L'Île au trésor) (1985),1985.0,1,True
https://en.wikipedia.org/wiki/List_of_fiction_works_made_into_feature_films_(S%E2%80%93Z),List_of_fiction_works_made_into_feature_films_(S–Z),3,"Treasure Island (1883), Robert Louis Stevenson",1883.0,Treasure Island (1987),1987.0,1,True
https://en.wikipedia.org/wiki/List_of_fiction_works_made_into_feature_films_(S%E2%80%93Z),List_of_fiction_works_made_into_feature_films_(S–Z),3,"Treasure Island (1883), Robert Louis Stevenson",1883.0,Treasure Island (1988),1988.0,1,True
https://en.wikipedia.org/wiki/List_of_fiction_works_made_into_feature_films_(S%E2%80%93Z),List_of_fiction_works_made_into_feature_films_(S–Z),3,"Treasure Island (1883), Robert Louis Stevenson",1883.0,Treasure Island (1990),1990.0,1,True
https://en.wikipedia.org/wiki/List_of_fiction_works_made_into_feature_films_(S%E2%80%93Z),List_of_fiction_works_made_into_feature_films_(S–Z),3,"Treasure Island (1883), Robert Louis Stevenson",1883.0,Treasure Island (1995),1995.0,1,True
https://en.wikipedia.org/wiki/List_of_fiction_works_made_into_feature_films_(S%E2%80%93Z),List_of_fiction_works_made_into_feature_films_(S–Z),3,"Treasure Island (1883), Robert Louis Stevenson",1883.0,Muppet Treasure Island (1996),1996.0,1,True
https://en.wikipedia.org/wiki/List_of_fiction_works_made_into_feature_films_(S%E2%80%93Z),List_of_fiction_works_made_into_feature_films_(S–Z),3,"Treasure Island (1883), Robert Louis Stevenson",1883.0,Treasure Island (1996),1996.0,1,True
https://en.wikipedia.org/wiki/List_of_fiction_works_made_into_feature_films_(S%E2%80%93Z),List_of_fiction_works_made_into_feature_films_(S–Z),3,"Treasure Island (1883), Robert Louis Stevenson",1883.0,Return to Treasure Island (1998) (TV),1998.0,1,True
https://en.wikipedia.org/wiki/List_of_fiction_works_made_into_feature_films_(S%E2%80%93Z),List_of_fiction_works_made_into_feature_films_(S–Z),3,"Treasure Island (1883), Robert Louis Stevenson",1883.0,Treasure Island (1999),1999.0,1,True
https://en.wikipedia.org/wiki/List_of_fiction_works_made_into_feature_films_(S%E2%80%93Z),List_of_fiction_works_made_into_feature_films_(S–Z),3,"Treasure Island (1883), Robert Louis Stevenson",1883.0,Treasure Planet (2002),2002.0,1,True
https://en.wikipedia.org/wiki/List_of_fiction_works_made_into_feature_films_(S%E2%80%93Z),List_of_fiction_works_made_into_feature_films_(S–Z),3,"Treasure Island (1883), Robert Louis Stevenson",1883.0,Pirates of Treasure Island (2006),2006.0,1,True
https://en.wikipedia.org/wiki/List_of_fiction_works_made_into_feature_films_(S%E2%80%93Z),List_of_fiction_works_made_into_feature_films_(S–Z),3,"Treasure Island (1883), Robert Louis Stevenson",1883.0,Treasure Island (German: L'Île aux trésors (2007),2007.0,1,True
https://en.wikipedia.org/wiki/List_of_fiction_works_made_into_feature_films_(S%E2%80%93Z),List_of_fiction_works_made_into_feature_films_(S–Z),3,"Treasure Island (1883), Robert Louis Stevenson",1883.0,Treasure Island (German: Die Schatzinsel) (2007),2007.0,1,True
https://en.wikipedia.org/wiki/List_of_fiction_works_made_into_feature_films_(S%E2%80%93Z),List_of_fiction_works_made_into_feature_films_(S–Z),3,"The Trial (1925), Franz Kafka",1925.0,After Hours (1985),1985.0,1,True
https://en.wikipedia.org/wiki/List_of_fiction_works_made_into_feature_films_(S%E2%80%93Z),List_of_fiction_works_made_into_feature_films_(S–Z),3,"The Trial (1925), Franz Kafka",1925.0,The Trial (1993),1993.0,1,True
https://en.wikipedia.org/wiki/List_of_fiction_works_made_into_feature_films_(S%E2%80%93Z),List_of_fiction_works_made_into_feature_films_(S–Z),3,"Trinity's Child (1983), William Prochnau",1983.0,By Dawn's Early Light (1990),1990.0,1,True
https://en.wikipedia.org/wiki/List_of_fiction_works_made_into_feature_films_(S%E2%80%93Z),List_of_fiction_works_made_into_feature_films_(S–Z),3,"True Grit (1968), Charles Portis",1968.0,True Grit (2010),2010.0,1,True
https://en.wikipedia.org/wiki/List_of_fiction_works_made_into_feature_films_(S%E2%80%93Z),List_of_fiction_works_made_into_feature_films_(S–Z),3,"The Turning Point (German: Der Aufenthalt) (1977), Hermann Kant",1977.0,The Turning Point (1983),1983.0,1,True
https://en.wikipedia.org/wiki/List_of_fiction_works_made_into_feature_films_(S%E2%80%93Z),List_of_fiction_works_made_into_feature_films_(S–Z),3,"Twenty Thousand Leagues Under the Seas (French: Vingt mille lieues sous les mers) (1870), Jules Verne",1870.0,"20,000 Leagues Under the Sea (1985)",1985.0,1,True
https://en.wikipedia.org/wiki/List_of_fiction_works_made_into_feature_films_(S%E2%80%93Z),List_of_fiction_works_made_into_feature_films_(S–Z),3,"Twenty Thousand Leagues Under the Seas (French: Vingt mille lieues sous les mers) (1870), Jules Verne",1870.0,"20,000 Leagues Under the Sea (1997)",1997.0,1,True
https://en.wikipedia.org/wiki/List_of_fiction_works_made_into_feature_films_(S%E2%80%93Z),List_of_fiction_works_made_into_feature_films_(S–Z),3,"Twenty Thousand Leagues Under the Seas (French: Vingt mille lieues sous les mers) (1870), Jules Verne",1870.0,"Crayola Kids Adventures: 20,000 Leagues Under the Sea (1997)",1997.0,1,True
https://en.wikipedia.org/wiki/List_of_fiction_works_made_into_feature_films_(S%E2%80%93Z),List_of_fiction_works_made_into_feature_films_(S–Z),3,"Twenty Thousand Leagues Under the Seas (French: Vingt mille lieues sous les mers) (1870), Jules Verne",1870.0,"20,000 Leagues Under the Sea (2002)",2002.0,1,True
https://en.wikipedia.org/wiki/List_of_fiction_works_made_into_feature_films_(S%E2%80%93Z),List_of_fiction_works_made_into_feature_films_(S–Z),3,"Twenty Thousand Leagues Under the Seas (French: Vingt mille lieues sous les mers) (1870), Jules Verne",1870.0,"30,000 Leagues Under the Sea (2007)",2007.0,1,True
https://en.wikipedia.org/wiki/List_of_fiction_works_made_into_feature_films_(S%E2%80%93Z),List_of_fiction_works_made_into_feature_films_(S–Z),3,"Twenty Years After (French: Vingt ans après) (1845), Alexandre Dumas, père",1845.0,The Return of the Musketeers (1989),1989.0,1,True
https://en.wikipedia.org/wiki/List_of_fiction_works_made_into_feature_films_(S%E2%80%93Z),List_of_fiction_works_made_into_feature_films_(S–Z),3,"Twilight (2005–2008) (series), Stephenie Meyer",2005.0,Twilight (2008),2008.0,1,True
https://en.wikipedia.org/wiki/List_of_fiction_works_made_into_feature_films_(S%E2%80%93Z),List_of_fiction_works_made_into_feature_films_(S–Z),3,"Twilight (2005–2008) (series), Stephenie Meyer",2005.0,The Twilight Saga: New Moon (2009),2009.0,1,True
https://en.wikipedia.org/wiki/List_of_fiction_works_made_into_feature_films_(S%E2%80%93Z),List_of_fiction_works_made_into_feature_films_(S–Z),3,"Twilight (2005–2008) (series), Stephenie Meyer",2005.0,The Twilight Saga: Eclipse (2010),2010.0,1,True
https://en.wikipedia.org/wiki/List_of_fiction_works_made_into_feature_films_(S%E2%80%93Z),List_of_fiction_works_made_into_feature_films_(S–Z),3,"Twilight (2005–2008) (series), Stephenie Meyer",2005.0,The Twilight Saga: Breaking Dawn – Part 1 (2011),2011.0,1,True
https://en.wikipedia.org/wiki/List_of_fiction_works_made_into_feature_films_(S%E2%80%93Z),List_of_fiction_works_made_into_feature_films_(S–Z),3,"Twilight (2005–2008) (series), Stephenie Meyer",2005.0,The Twilight Saga: Breaking Dawn – Part 2 (2012),2012.0,1,True
https://en.wikipedia.org/wiki/List_of_fiction_works_made_into_feature_films_(S%E2%80%93Z),List_of_fiction_works_made_into_feature_films_(S–Z),3,"The Twins (Dutch: De Tweeling) (2000), Tessa de Loo",2000.0,Twin Sisters (2002),2002.0,1,True
https://en.wikipedia.org/wiki/List_of_fiction_works_made_into_feature_films_(S%E2%80%93Z),List_of_fiction_works_made_into_feature_films_(S–Z),3,"Two Much! (1975), Donald E. Westlake",1975.0,The Twin (French: Le jumeau) (1984),1984.0,1,True
https://en.wikipedia.org/wiki/List_of_fiction_works_made_into_feature_films_(S%E2%80%93Z),List_of_fiction_works_made_into_feature_films_(S–Z),3,"Two Much! (1975), Donald E. Westlake",1975.0,Two Much (1995),1995.0,1,True
https://en.wikipedia.org/wiki/List_of_fiction_works_made_into_feature_films_(S%E2%80%93Z),List_of_fiction_works_made_into_feature_films_(S–Z),4,"The Unbearable Lightness of Being (Czech: Nesnesitelná lehkost bytí) (1984), Milan Kundera",1984.0,The Unbearable Lightness of Being (1988),1988.0,1,True
https://en.wikipedia.org/wiki/List_of_fiction_works_made_into_feature_films_(S%E2%80%93Z),List_of_fiction_works_made_into_feature_films_(S–Z),4,"Uncle Remus (1881), Joel Chandler Harris",1881.0,The Adventures of Brer Rabbit (2006),2006.0,1,True
https://en.wikipedia.org/wiki/List_of_fiction_works_made_into_feature_films_(S%E2%80%93Z),List_of_fiction_works_made_into_feature_films_(S–Z),4,"Undercover Cat (1963), Gordon Gordon and Mildred Gordon",1963.0,That Darn Cat (1997),1997.0,1,True
https://en.wikipedia.org/wiki/List_of_fiction_works_made_into_feature_films_(S%E2%80%93Z),List_of_fiction_works_made_into_feature_films_(S–Z),4,"Union Street (1982), Pat Barker",1982.0,Stanley & Iris (1989),1989.0,1,True
https://en.wikipedia.org/wiki/List_of_fiction_works_made_into_feature_films_(S%E2%80%93Z),List_of_fiction_works_made_into_feature_films_(S–Z),4,"The Unknown Soldier (Finnish: Tuntematon sotilas) (1954), Väinö Linna",1954.0,The Unknown Soldier (1985),1985.0,1,True
https://en.wikipedia.org/wiki/List_of_fiction_works_made_into_feature_films_(S%E2%80%93Z),List_of_fiction_works_made_into_feature_films_(S–Z),4,"The Unknown Soldier (Finnish: Tuntematon sotilas) (1954), Väinö Linna",1954.0,The Unknown Soldier (2017),2017.0,1,True
https://en.wikipedia.org/wiki/List_of_fiction_works_made_into_feature_films_(S%E2%80%93Z),List_of_fiction_works_made_into_feature_films_(S–Z),5,"Vampire$ (1990), John Steakley",1990.0,Vampires (1998),1998.0,1,True
https://en.wikipedia.org/wiki/List_of_fiction_works_made_into_feature_films_(S%E2%80%93Z),List_of_fiction_works_made_into_feature_films_(S–Z),5,"Vampire$ (1990), John Steakley",1990.0,Vampires: Los Muertos (2002),2002.0,1,True
https://en.wikipedia.org/wiki/List_of_fiction_works_made_into_feature_films_(S%E2%80%93Z),List_of_fiction_works_made_into_feature_films_(S–Z),5,"Vampire$ (1990), John Steakley",1990.0,Vampires: The Turning (2005),2005.0,1,True
https://en.wikipedia.org/wiki/List_of_fiction_works_made_into_feature_films_(S%E2%80%93Z),List_of_fiction_works_made_into_feature_films_(S–Z),5,"Vanity Fair (1847–1848), William Makepeace Thackeray",1847.0,Vanity Fair (2004),2004.0,1,True
https://en.wikipedia.org/wiki/List_of_fiction_works_made_into_feature_films_(S%E2%80%93Z),List_of_fiction_works_made_into_feature_films_(S–Z),5,"Vennello Adapilla (1991), Yandamuri Veerendranath",1991.0,Beladingala Baale (1995),1995.0,1,True
https://en.wikipedia.org/wiki/List_of_fiction_works_made_into_feature_films_(S%E2%80%93Z),List_of_fiction_works_made_into_feature_films_(S–Z),5,"Vengeance (1984), George Jonas",1984.0,Sword of Gideon (1986),1986.0,1,True
https://en.wikipedia.org/wiki/List_of_fiction_works_made_into_feature_films_(S%E2%80%93Z),List_of_fiction_works_made_into_feature_films_(S–Z),5,"Vengeance (1984), George Jonas",1984.0,Munich (2005),2005.0,1,True
https://en.wikipedia.org/wiki/List_of_fiction_works_made_into_feature_films_(S%E2%80%93Z),List_of_fiction_works_made_into_feature_films_(S–Z),5,"Verses of Love (Indonesian: Ayat-Ayat Cinta) (2003), Habiburrahman El Shirazy",2003.0,Verses of Love (2008),2008.0,1,True
https://en.wikipedia.org/wiki/List_of_fiction_works_made_into_feature_films_(S%E2%80%93Z),List_of_fiction_works_made_into_feature_films_(S–Z),5,"Verses of Love (Indonesian: Ayat-Ayat Cinta) (2003), Habiburrahman El Shirazy",2003.0,Verses of Love 2 (2017),2017.0,1,True
https://en.wikipedia.org/wiki/List_of_fiction_works_made_into_feature_films_(S%E2%80%93Z),List_of_fiction_works_made_into_feature_films_(S–Z),5,"A Very Private Gentleman (1990), Martin Booth",1990.0,The American (2010),2010.0,1,True
https://en.wikipedia.org/wiki/List_of_fiction_works_made_into_feature_films_(S%E2%80%93Z),List_of_fiction_works_made_into_feature_films_(S–Z),5,"The Vicomte of Bragelonne: Ten Years Later (French: Le Vicomte de Bragelonne ou Dix ans plus tard) (1847–1850), Alexandre Dumas, père",1847.0,The Man in the Iron Mask (1985),1985.0,1,True
https://en.wikipedia.org/wiki/List_of_fiction_works_made_into_feature_films_(S%E2%80%93Z),List_of_fiction_works_made_into_feature_films_(S–Z),5,"The Vicomte of Bragelonne: Ten Years Later (French: Le Vicomte de Bragelonne ou Dix ans plus tard) (1847–1850), Alexandre Dumas, père",1847.0,The Man in the Iron Mask (1998),1998.0,1,True
https://en.wikipedia.org/wiki/List_of_fiction_works_made_into_feature_films_(S%E2%80%93Z),List_of_fiction_works_made_into_feature_films_(S–Z),5,"Victory (1915), Joseph Conrad",1915.0,Devil's Paradise (1987),1987.0,1,True
https://en.wikipedia.org/wiki/List_of_fiction_works_made_into_feature_films_(S%E2%80%93Z),List_of_fiction_works_made_into_feature_films_(S–Z),5,"Victory (1915), Joseph Conrad",1915.0,Victory (1996),1996.0,1,True
https://en.wikipedia.org/wiki/List_of_fiction_works_made_into_feature_films_(S%E2%80%93Z),List_of_fiction_works_made_into_feature_films_(S–Z),5,"The Virginian: A Horseman of the Plains (1902), Owen Wister",1902.0,The Virginian (2000),2000.0,1,True
https://en.wikipedia.org/wiki/List_of_fiction_works_made_into_feature_films_(S%E2%80%93Z),List_of_fiction_works_made_into_feature_films_(S–Z),5,"The Virginian: A Horseman of the Plains (1902), Owen Wister",1902.0,The Virginian (2014),2014.0,1,True
https://en.wikipedia.org/wiki/List_of_fiction_works_made_into_feature_films_(S%E2%80%93Z),List_of_fiction_works_made_into_feature_films_(S–Z),5,"Vision Quest (1979), Terry Davis",1979.0,Vision Quest (1985),1985.0,1,True
https://en.wikipedia.org/wiki/List_of_fiction_works_made_into_feature_films_(S%E2%80%93Z),List_of_fiction_works_made_into_feature_films_(S–Z),6,"The Wages of Fear (French: Le Salaire de la peur) (1950), Georges-Jean Arnaud",1950.0,The Wages of Fear (2024),2024.0,1,True
https://en.wikipedia.org/wiki/List_of_fiction_works_made_into_feature_films_(S%E2%80%93Z),List_of_fiction_works_made_into_feature_films_(S–Z),6,"A Walk to Remember (1999), Nicholas Sparks",1999.0,A Walk to Remember (2002),2002.0,1,True
https://en.wikipedia.org/wiki/List_of_fiction_works_made_into_feature_films_(S%E2%80%93Z),List_of_fiction_works_made_into_feature_films_(S–Z),6,"Walking Shadow (1994), Robert B. Parker",1994.0,Walking Shadow (2001),2001.0,1,True
https://en.wikipedia.org/wiki/List_of_fiction_works_made_into_feature_films_(S%E2%80%93Z),List_of_fiction_works_made_into_feature_films_(S–Z),6,"Waltz into Darkness (1947), Cornell Woolrich",1947.0,Original Sin (2001),2001.0,1,True
https://en.wikipedia.org/wiki/List_of_fiction_works_made_into_feature_films_(S%E2%80%93Z),List_of_fiction_works_made_into_feature_films_(S–Z),6,"War Horse (1982), Michael Morpurgo",1982.0,War Horse (2011),2011.0,1,True
https://en.wikipedia.org/wiki/List_of_fiction_works_made_into_feature_films_(S%E2%80%93Z),List_of_fiction_works_made_into_feature_films_(S–Z),6,"War of the Buttons (French: La Guerre des boutons) (1912), Louis Pergaud",1912.0,War of the Buttons (1994),1994.0,1,True
https://en.wikipedia.org/wiki/List_of_fiction_works_made_into_feature_films_(S%E2%80%93Z),List_of_fiction_works_made_into_feature_films_(S–Z),6,"The War of the Roses (1981), Warren Adler",1981.0,The War of the Roses (1989),1989.0,1,True
https://en.wikipedia.org/wiki/List_of_fiction_works_made_into_feature_films_(S%E2%80%93Z),List_of_fiction_works_made_into_feature_films_(S–Z),6,"The War of the Worlds (1898), H. G. Wells",1898.0,The War of the Worlds: Next Century (Polish: Wojna światów – następne stulecie) (1981),1981.0,1,True
https://en.wikipedia.org/wiki/List_of_fiction_works_made_into_feature_films_(S%E2%80%93Z),List_of_fiction_works_made_into_feature_films_(S–Z),6,"The War of the Worlds (1898), H. G. Wells",1898.0,War of the Worlds (2005),2005.0,1,True
https://en.wikipedia.org/wiki/List_of_fiction_works_made_into_feature_films_(S%E2%80%93Z),List_of_fiction_works_made_into_feature_films_(S–Z),6,"The War of the Worlds (1898), H. G. Wells",1898.0,H.G. Wells' The War of the Worlds (2005; Pendragon Pictures),2005.0,1,True
https://en.wikipedia.org/wiki/List_of_fiction_works_made_into_feature_films_(S%E2%80%93Z),List_of_fiction_works_made_into_feature_films_(S–Z),6,"The War of the Worlds (1898), H. G. Wells",1898.0,H.G. Wells' War of the Worlds (2005; The Asylum),2005.0,1,True
https://en.wikipedia.org/wiki/List_of_fiction_works_made_into_feature_films_(S%E2%80%93Z),List_of_fiction_works_made_into_feature_films_(S–Z),6,"The War of the Worlds (1898), H. G. Wells",1898.0,War of the Worlds 2: The Next Wave (2008),2008.0,1,True
https://en.wikipedia.org/wiki/List_of_fiction_works_made_into_feature_films_(S%E2%80%93Z),List_of_fiction_works_made_into_feature_films_(S–Z),6,"The War of the Worlds (1898), H. G. Wells",1898.0,War of the Worlds: The True Story (2012),2012.0,1,True
https://en.wikipedia.org/wiki/List_of_fiction_works_made_into_feature_films_(S%E2%80%93Z),List_of_fiction_works_made_into_feature_films_(S–Z),6,"The War of the Worlds (1898), H. G. Wells",1898.0,War of the Worlds: Goliath (2012),2012.0,1,True
https://en.wikipedia.org/wiki/List_of_fiction_works_made_into_feature_films_(S%E2%80%93Z),List_of_fiction_works_made_into_feature_films_(S–Z),6,"The War of the Worlds (1898), H. G. Wells",1898.0,War of the Worlds: The Attack (2023),2023.0,1,True
https://en.wikipedia.org/wiki/List_of_fiction_works_made_into_feature_films_(S%E2%80%93Z),List_of_fiction_works_made_into_feature_films_(S–Z),6,"A Watcher in the Woods (1976), Florence Engel Randall",1976.0,The Watcher in the Woods (1980),1980.0,1,True
https://en.wikipedia.org/wiki/List_of_fiction_works_made_into_feature_films_(S%E2%80%93Z),List_of_fiction_works_made_into_feature_films_(S–Z),6,"A Watcher in the Woods (1976), Florence Engel Randall",1976.0,The Watcher in the Woods (2017),2017.0,1,True
https://en.wikipedia.org/wiki/List_of_fiction_works_made_into_feature_films_(S%E2%80%93Z),List_of_fiction_works_made_into_feature_films_(S–Z),6,"Water for Elephants (2006), Sara Gruen",2006.0,Water for Elephants (2011),2011.0,1,True
https://en.wikipedia.org/wiki/List_of_fiction_works_made_into_feature_films_(S%E2%80%93Z),List_of_fiction_works_made_into_feature_films_(S–Z),6,"Water Margin (Chinese: 水滸傳) (1963), Shi Nai'an",1963.0,Tiger Killer (Chinese: 武松) (1982),1982.0,1,True
https://en.wikipedia.org/wiki/List_of_fiction_works_made_into_feature_films_(S%E2%80%93Z),List_of_fiction_works_made_into_feature_films_(S–Z),6,"Water Margin (Chinese: 水滸傳) (1963), Shi Nai'an",1963.0,All Men Are Brothers: Blood of the Leopard (Chinese: 水滸傳之英雄本色) (1993),1993.0,1,True
https://en.wikipedia.org/wiki/List_of_fiction_works_made_into_feature_films_(S%E2%80%93Z),List_of_fiction_works_made_into_feature_films_(S–Z),6,"Water Margin (Chinese: 水滸傳) (1963), Shi Nai'an",1963.0,Troublesome Night 16 (Chinese: 水滸傳) (2002),2002.0,1,True
https://en.wikipedia.org/wiki/List_of_fiction_works_made_into_feature_films_(S%E2%80%93Z),List_of_fiction_works_made_into_feature_films_(S–Z),6,"What Dreams May Come (1978), Richard Matheson",1978.0,What Dreams May Come (1998),1998.0,1,True
https://en.wikipedia.org/wiki/List_of_fiction_works_made_into_feature_films_(S%E2%80%93Z),List_of_fiction_works_made_into_feature_films_(S–Z),6,"Whatever (French: Extension du domaine de la lutte) (1994), Michel Houellebecq",1994.0,Whatever (1999),1999.0,1,True
https://en.wikipedia.org/wiki/List_of_fiction_works_made_into_feature_films_(S%E2%80%93Z),List_of_fiction_works_made_into_feature_films_(S–Z),6,"What's the Worst That Could Happen? (1996), Donald E. Westlake",1996.0,What's the Worst That Could Happen? (2001),2001.0,1,True
https://en.wikipedia.org/wiki/List_of_fiction_works_made_into_feature_films_(S%E2%80%93Z),List_of_fiction_works_made_into_feature_films_(S–Z),6,"The Wheel Spins (1936), Ethel Lina White",1936.0,The Lady Vanishes (2013),2013.0,1,True
https://en.wikipedia.org/wiki/List_of_fiction_works_made_into_feature_films_(S%E2%80%93Z),List_of_fiction_works_made_into_feature_films_(S–Z),6,"Where the Boys Are (1960), Glendon Swarthout",1960.0,Where the Boys Are '84 (1984),1984.0,1,True
https://en.wikipedia.org/wiki/List_of_fiction_works_made_into_feature_films_(S%E2%80%93Z),List_of_fiction_works_made_into_feature_films_(S–Z),6,"White Dog (1970), Romain Gary",1970.0,White Dog (1982),1982.0,1,True
https://en.wikipedia.org/wiki/List_of_fiction_works_made_into_feature_films_(S%E2%80%93Z),List_of_fiction_works_made_into_feature_films_(S–Z),6,"White Fang (1906), Jack London",1906.0,White Fang (1991; Walt Disney Pictures),1991.0,1,True
https://en.wikipedia.org/wiki/List_of_fiction_works_made_into_feature_films_(S%E2%80%93Z),List_of_fiction_works_made_into_feature_films_(S–Z),6,"White Fang (1906), Jack London",1906.0,White Fang (1991; Burbank Animation Studios),1991.0,1,True
https://en.wikipedia.org/wiki/List_of_fiction_works_made_into_feature_films_(S%E2%80%93Z),List_of_fiction_works_made_into_feature_films_(S–Z),6,"White Fang (1906), Jack London",1906.0,White Fang 2: Myth of the White Wolf (1994),1994.0,1,True
https://en.wikipedia.org/wiki/List_of_fiction_works_made_into_feature_films_(S%E2%80%93Z),List_of_fiction_works_made_into_feature_films_(S–Z),6,"White Fang (1906), Jack London",1906.0,White Fang (1997),1997.0,1,True
https://en.wikipedia.org/wiki/List_of_fiction_works_made_into_feature_films_(S%E2%80%93Z),List_of_fiction_works_made_into_feature_films_(S–Z),6,"White Fang (1906), Jack London",1906.0,White Fang (French: Croc-Blanc) (2018),2018.0,1,True
https://en.wikipedia.org/wiki/List_of_fiction_works_made_into_feature_films_(S%E2%80%93Z),List_of_fiction_works_made_into_feature_films_(S–Z),6,"White Shark (1994), Peter Benchley",1994.0,Creature (1998),1998.0,1,True
https://en.wikipedia.org/wiki/List_of_fiction_works_made_into_feature_films_(S%E2%80%93Z),List_of_fiction_works_made_into_feature_films_(S–Z),6,"Who Censored Roger Rabbit? (1981), Gary K. Wolf",1981.0,Who Framed Roger Rabbit (1988),1988.0,1,True
https://en.wikipedia.org/wiki/List_of_fiction_works_made_into_feature_films_(S%E2%80%93Z),List_of_fiction_works_made_into_feature_films_(S–Z),6,"Why Me? (1983), Donald E. Westlake",1983.0,Why Me? (1990),1990.0,1,True
https://en.wikipedia.org/wiki/List_of_fiction_works_made_into_feature_films_(S%E2%80%93Z),List_of_fiction_works_made_into_feature_films_(S–Z),6,"Wicked: The Life and Times of the Wicked Witch of the West (1995), Gregory Maguire",1995.0,Wicked (2024),2024.0,1,True
https://en.wikipedia.org/wiki/List_of_fiction_works_made_into_feature_films_(S%E2%80%93Z),List_of_fiction_works_made_into_feature_films_(S–Z),6,"Wide Sargasso Sea (1966), Jean Rhys",1966.0,Wide Sargasso Sea (1993),1993.0,1,True
https://en.wikipedia.org/wiki/List_of_fiction_works_made_into_feature_films_(S%E2%80%93Z),List_of_fiction_works_made_into_feature_films_(S–Z),6,"Wide Sargasso Sea (1966), Jean Rhys",1966.0,Wide Sargasso Sea (2006),2006.0,1,True
https://en.wikipedia.org/wiki/List_of_fiction_works_made_into_feature_films_(S%E2%80%93Z),List_of_fiction_works_made_into_feature_films_(S–Z),6,"A Widow for One Year (1998), John Irving",1998.0,The Door in the Floor (2004),2004.0,1,True
https://en.wikipedia.org/wiki/List_of_fiction_works_made_into_feature_films_(S%E2%80%93Z),List_of_fiction_works_made_into_feature_films_(S–Z),6,"Wieland (1798), Charles Brockden Brown",1798.0,Wieland (2024),2024.0,1,True
https://en.wikipedia.org/wiki/List_of_fiction_works_made_into_feature_films_(S%E2%80%93Z),List_of_fiction_works_made_into_feature_films_(S–Z),6,"Wild Justice (1979), Wilbur Smith",1979.0,Wild Justice (a. k. a. Covert Assassin) (1993),1993.0,1,True
https://en.wikipedia.org/wiki/List_of_fiction_works_made_into_feature_films_(S%E2%80%93Z),List_of_fiction_works_made_into_feature_films_(S–Z),6,"Will O' the Wisp (French: Le feu follet) (1931), Pierre Drieu La Rochelle",1931.0,"Oslo, August 31st (Norwegian: Oslo, 31. august) (2011)",2011.0,1,True
https://en.wikipedia.org/wiki/List_of_fiction_works_made_into_feature_films_(S%E2%80%93Z),List_of_fiction_works_made_into_feature_films_(S–Z),6,"Wilt (1976), Tom Sharpe",1976.0,Wilt (1989),1989.0,1,True
https://en.wikipedia.org/wiki/List_of_fiction_works_made_into_feature_films_(S%E2%80%93Z),List_of_fiction_works_made_into_feature_films_(S–Z),6,"The Wind in the Willows (1908), Kenneth Grahame",1908.0,The Wind in the Willows (1983),1983.0,1,True
https://en.wikipedia.org/wiki/List_of_fiction_works_made_into_feature_films_(S%E2%80%93Z),List_of_fiction_works_made_into_feature_films_(S–Z),6,"The Wind in the Willows (1908), Kenneth Grahame",1908.0,The Wind in the Willows (1987),1987.0,1,True
https://en.wikipedia.org/wiki/List_of_fiction_works_made_into_feature_films_(S%E2%80%93Z),List_of_fiction_works_made_into_feature_films_(S–Z),6,"The Wind in the Willows (1908), Kenneth Grahame",1908.0,Wind in the Willows (1988),1988.0,1,True
https://en.wikipedia.org/wiki/List_of_fiction_works_made_into_feature_films_(S%E2%80%93Z),List_of_fiction_works_made_into_feature_films_(S–Z),6,"The Wind in the Willows (1908), Kenneth Grahame",1908.0,A Tale of Two Toads (1989),1989.0,1,True
https://en.wikipedia.org/wiki/List_of_fiction_works_made_into_feature_films_(S%E2%80%93Z),List_of_fiction_works_made_into_feature_films_(S–Z),6,"The Wind in the Willows (1908), Kenneth Grahame",1908.0,The Adventures of Mole (1995),1995.0,1,True
https://en.wikipedia.org/wiki/List_of_fiction_works_made_into_feature_films_(S%E2%80%93Z),List_of_fiction_works_made_into_feature_films_(S–Z),6,"The Wind in the Willows (1908), Kenneth Grahame",1908.0,The Wind in the Willows (1995),1995.0,1,True
https://en.wikipedia.org/wiki/List_of_fiction_works_made_into_feature_films_(S%E2%80%93Z),List_of_fiction_works_made_into_feature_films_(S–Z),6,"The Wind in the Willows (1908), Kenneth Grahame",1908.0,The Adventures of Toad (1996),1996.0,1,True
https://en.wikipedia.org/wiki/List_of_fiction_works_made_into_feature_films_(S%E2%80%93Z),List_of_fiction_works_made_into_feature_films_(S–Z),6,"The Wind in the Willows (1908), Kenneth Grahame",1908.0,The Willows in Winter (1996),1996.0,1,True
https://en.wikipedia.org/wiki/List_of_fiction_works_made_into_feature_films_(S%E2%80%93Z),List_of_fiction_works_made_into_feature_films_(S–Z),6,"The Wind in the Willows (1908), Kenneth Grahame",1908.0,The Wind in the Willows (1996),1996.0,1,True
https://en.wikipedia.org/wiki/List_of_fiction_works_made_into_feature_films_(S%E2%80%93Z),List_of_fiction_works_made_into_feature_films_(S–Z),6,"The Wind in the Willows (1908), Kenneth Grahame",1908.0,The Wind in the Willows (2006),2006.0,1,True
https://en.wikipedia.org/wiki/List_of_fiction_works_made_into_feature_films_(S%E2%80%93Z),List_of_fiction_works_made_into_feature_films_(S–Z),6,"The Wings of the Dove (1902), Henry James",1902.0,The Wings of the Dove (1981),1981.0,1,True
https://en.wikipedia.org/wiki/List_of_fiction_works_made_into_feature_films_(S%E2%80%93Z),List_of_fiction_works_made_into_feature_films_(S–Z),6,"The Wings of the Dove (1902), Henry James",1902.0,The Wings of the Dove (1997),1997.0,1,True
https://en.wikipedia.org/wiki/List_of_fiction_works_made_into_feature_films_(S%E2%80%93Z),List_of_fiction_works_made_into_feature_films_(S–Z),6,"Winnie-the-Pooh (1926–1928) (series), A.A. Milne",1926.0,Pooh's Grand Adventure: The Search for Christopher Robin (1997),1997.0,1,True
https://en.wikipedia.org/wiki/List_of_fiction_works_made_into_feature_films_(S%E2%80%93Z),List_of_fiction_works_made_into_feature_films_(S–Z),6,"Winnie-the-Pooh (1926–1928) (series), A.A. Milne",1926.0,Winnie the Pooh: Seasons of Giving (1999),1999.0,1,True
https://en.wikipedia.org/wiki/List_of_fiction_works_made_into_feature_films_(S%E2%80%93Z),List_of_fiction_works_made_into_feature_films_(S–Z),6,"Winnie-the-Pooh (1926–1928) (series), A.A. Milne",1926.0,The Tigger Movie (2000),2000.0,1,True
https://en.wikipedia.org/wiki/List_of_fiction_works_made_into_feature_films_(S%E2%80%93Z),List_of_fiction_works_made_into_feature_films_(S–Z),6,"Winnie-the-Pooh (1926–1928) (series), A.A. Milne",1926.0,The Book of Pooh: Stories from the Heart (2001),2001.0,1,True
https://en.wikipedia.org/wiki/List_of_fiction_works_made_into_feature_films_(S%E2%80%93Z),List_of_fiction_works_made_into_feature_films_(S–Z),6,"Winnie-the-Pooh (1926–1928) (series), A.A. Milne",1926.0,Winnie the Pooh: A Very Merry Pooh Year (2002),2002.0,1,True
https://en.wikipedia.org/wiki/List_of_fiction_works_made_into_feature_films_(S%E2%80%93Z),List_of_fiction_works_made_into_feature_films_(S–Z),6,"Winnie-the-Pooh (1926–1928) (series), A.A. Milne",1926.0,Piglet's Big Movie (2003),2003.0,1,True
https://en.wikipedia.org/wiki/List_of_fiction_works_made_into_feature_films_(S%E2%80%93Z),List_of_fiction_works_made_into_feature_films_(S–Z),6,"Winnie-the-Pooh (1926–1928) (series), A.A. Milne",1926.0,Winnie the Pooh: Springtime with Roo (2004),2004.0,1,True
https://en.wikipedia.org/wiki/List_of_fiction_works_made_into_feature_films_(S%E2%80%93Z),List_of_fiction_works_made_into_feature_films_(S–Z),6,"Winnie-the-Pooh (1926–1928) (series), A.A. Milne",1926.0,Pooh's Heffalump Movie (2005),2005.0,1,True
https://en.wikipedia.org/wiki/List_of_fiction_works_made_into_feature_films_(S%E2%80%93Z),List_of_fiction_works_made_into_feature_films_(S–Z),6,"Winnie-the-Pooh (1926–1928) (series), A.A. Milne",1926.0,Pooh's Heffalump Halloween Movie (2005),2005.0,1,True
https://en.wikipedia.org/wiki/List_of_fiction_works_made_into_feature_films_(S%E2%80%93Z),List_of_fiction_works_made_into_feature_films_(S–Z),6,"Winnie-the-Pooh (1926–1928) (series), A.A. Milne",1926.0,Super Sleuth Christmas Movie (2007),2007.0,1,True
https://en.wikipedia.org/wiki/List_of_fiction_works_made_into_feature_films_(S%E2%80%93Z),List_of_fiction_works_made_into_feature_films_(S–Z),6,"Winnie-the-Pooh (1926–1928) (series), A.A. Milne",1926.0,Tigger and Pooh and a Musical Too (2009),2009.0,1,True
https://en.wikipedia.org/wiki/List_of_fiction_works_made_into_feature_films_(S%E2%80%93Z),List_of_fiction_works_made_into_feature_films_(S–Z),6,"Winnie-the-Pooh (1926–1928) (series), A.A. Milne",1926.0,Super Duper Super Sleuths (2010),2010.0,1,True
https://en.wikipedia.org/wiki/List_of_fiction_works_made_into_feature_films_(S%E2%80%93Z),List_of_fiction_works_made_into_feature_films_(S–Z),6,"Winnie-the-Pooh (1926–1928) (series), A.A. Milne",1926.0,Winnie the Pooh (2011),2011.0,1,True
https://en.wikipedia.org/wiki/List_of_fiction_works_made_into_feature_films_(S%E2%80%93Z),List_of_fiction_works_made_into_feature_films_(S–Z),6,"Winnie-the-Pooh (1926–1928) (series), A.A. Milne",1926.0,Christopher Robin (2018),2018.0,1,True
https://en.wikipedia.org/wiki/List_of_fiction_works_made_into_feature_films_(S%E2%80%93Z),List_of_fiction_works_made_into_feature_films_(S–Z),6,"Winnie-the-Pooh (1926–1928) (series), A.A. Milne",1926.0,Winnie-the-Pooh: Blood and Honey (2023),2023.0,1,True
https://en.wikipedia.org/wiki/List_of_fiction_works_made_into_feature_films_(S%E2%80%93Z),List_of_fiction_works_made_into_feature_films_(S–Z),6,"Winnie-the-Pooh (1926–1928) (series), A.A. Milne",1926.0,Winnie-the-Pooh: Blood and Honey 2 (2024),2024.0,1,True
https://en.wikipedia.org/wiki/List_of_fiction_works_made_into_feature_films_(S%E2%80%93Z),List_of_fiction_works_made_into_feature_films_(S–Z),6,"Winter's Bone (2006), Daniel Woodrell",2006.0,Winter's Bone (2010),2010.0,1,True
https://en.wikipedia.org/wiki/List_of_fiction_works_made_into_feature_films_(S%E2%80%93Z),List_of_fiction_works_made_into_feature_films_(S–Z),6,"The Winter of Our Discontent (1961), John Steinbeck",1961.0,The Winter of Our Discontent (1983),1983.0,1,True
https://en.wikipedia.org/wiki/List_of_fiction_works_made_into_feature_films_(S%E2%80%93Z),List_of_fiction_works_made_into_feature_films_(S–Z),6,"The Witches (1983), Roald Dahl",1983.0,The Witches (1990),1990.0,1,True
https://en.wikipedia.org/wiki/List_of_fiction_works_made_into_feature_films_(S%E2%80%93Z),List_of_fiction_works_made_into_feature_films_(S–Z),6,"The Witches (1983), Roald Dahl",1983.0,The Witches (2020),2020.0,1,True
https://en.wikipedia.org/wiki/List_of_fiction_works_made_into_feature_films_(S%E2%80%93Z),List_of_fiction_works_made_into_feature_films_(S–Z),6,"The Witches of Eastwick (1984), John Updike",1984.0,The Witches of Eastwick (1987),1987.0,1,True
https://en.wikipedia.org/wiki/List_of_fiction_works_made_into_feature_films_(S%E2%80%93Z),List_of_fiction_works_made_into_feature_films_(S–Z),6,"The Witnesses (1971), Anne Holden",1971.0,The Bedroom Window (1987),1987.0,1,True
https://en.wikipedia.org/wiki/List_of_fiction_works_made_into_feature_films_(S%E2%80%93Z),List_of_fiction_works_made_into_feature_films_(S–Z),6,"Woe to Live On (1987), Daniel Woodrell",1987.0,Ride with the Devil (1999),1999.0,1,True
https://en.wikipedia.org/wiki/List_of_fiction_works_made_into_feature_films_(S%E2%80%93Z),List_of_fiction_works_made_into_feature_films_(S–Z),6,"The Wolfen (1978), Whitley Strieber",1978.0,Wolfen (1981),1981.0,1,True
https://en.wikipedia.org/wiki/List_of_fiction_works_made_into_feature_films_(S%E2%80%93Z),List_of_fiction_works_made_into_feature_films_(S–Z),6,"The Woman Chaser (1960), Charles Willeford",1960.0,The Woman Chaser (1999),1999.0,1,True
https://en.wikipedia.org/wiki/List_of_fiction_works_made_into_feature_films_(S%E2%80%93Z),List_of_fiction_works_made_into_feature_films_(S–Z),6,"The Woman in Black (1983), Susan Hill",1983.0,The Woman in Black (1989),1989.0,1,True
https://en.wikipedia.org/wiki/List_of_fiction_works_made_into_feature_films_(S%E2%80%93Z),List_of_fiction_works_made_into_feature_films_(S–Z),6,"The Woman in Black (1983), Susan Hill",1983.0,The Woman in Black (2012),2012.0,1,True
https://en.wikipedia.org/wiki/List_of_fiction_works_made_into_feature_films_(S%E2%80%93Z),List_of_fiction_works_made_into_feature_films_(S–Z),6,"The Woman in Black (1983), Susan Hill",1983.0,The Woman in Black: Angel of Death (2014),2014.0,1,True
https://en.wikipedia.org/wiki/List_of_fiction_works_made_into_feature_films_(S%E2%80%93Z),List_of_fiction_works_made_into_feature_films_(S–Z),6,"The Woman in White (serialised 1859–1860, published as a book 1860), Wilkie Collins",1859.0,Zhenshchina v belom (1981),1981.0,1,True
https://en.wikipedia.org/wiki/List_of_fiction_works_made_into_feature_films_(S%E2%80%93Z),List_of_fiction_works_made_into_feature_films_(S–Z),6,"Woman, Thou Art Loosed!: Healings the Wounds of the Past (1993), T. D. Jakes",1993.0,Woman Thou Art Loosed (2004),2004.0,1,True
https://en.wikipedia.org/wiki/List_of_fiction_works_made_into_feature_films_(S%E2%80%93Z),List_of_fiction_works_made_into_feature_films_(S–Z),6,"Woman, Thou Art Loosed!: Healings the Wounds of the Past (1993), T. D. Jakes",1993.0,Woman Thou Art Loosed: On the 7th Day (2012),2012.0,1,True
https://en.wikipedia.org/wiki/List_of_fiction_works_made_into_feature_films_(S%E2%80%93Z),List_of_fiction_works_made_into_feature_films_(S–Z),6,"Woman Wanted (1984), Joanna McClelland Glass",1984.0,Woman Wanted (2000),2000.0,1,True
https://en.wikipedia.org/wiki/List_of_fiction_works_made_into_feature_films_(S%E2%80%93Z),List_of_fiction_works_made_into_feature_films_(S–Z),6,"The Women of Brewster Place (1982), Gloria Naylor",1982.0,The Women of Brewster Place (1989),1989.0,1,True
https://en.wikipedia.org/wiki/List_of_fiction_works_made_into_feature_films_(S%E2%80%93Z),List_of_fiction_works_made_into_feature_films_(S–Z),6,"Wonder Boys (1995), Michael Chabon",1995.0,Wonder Boys (2000),2000.0,1,True
https://en.wikipedia.org/wiki/List_of_fiction_works_made_into_feature_films_(S%E2%80%93Z),List_of_fiction_works_made_into_feature_films_(S–Z),6,"The Wonderful Wizard of Oz (1900), L. Frank Baum",1900.0,The Wizard of Oz (1982),1982.0,1,True
https://en.wikipedia.org/wiki/List_of_fiction_works_made_into_feature_films_(S%E2%80%93Z),List_of_fiction_works_made_into_feature_films_(S–Z),6,"The Wonderful Wizard of Oz (1900), L. Frank Baum",1900.0,Lion of Oz (2000),2000.0,1,True
https://en.wikipedia.org/wiki/List_of_fiction_works_made_into_feature_films_(S%E2%80%93Z),List_of_fiction_works_made_into_feature_films_(S–Z),6,"The Wonderful Wizard of Oz (1900), L. Frank Baum",1900.0,The Muppets' Wizard of Oz (2005),2005.0,1,True
https://en.wikipedia.org/wiki/List_of_fiction_works_made_into_feature_films_(S%E2%80%93Z),List_of_fiction_works_made_into_feature_films_(S–Z),6,"The Wonderful Wizard of Oz (1900), L. Frank Baum",1900.0,After the Wizard (2011),2011.0,1,True
https://en.wikipedia.org/wiki/List_of_fiction_works_made_into_feature_films_(S%E2%80%93Z),List_of_fiction_works_made_into_feature_films_(S–Z),6,"The Wonderful Wizard of Oz (1900), L. Frank Baum",1900.0,Tom and Jerry and the Wizard of Oz (2011),2011.0,1,True
https://en.wikipedia.org/wiki/List_of_fiction_works_made_into_feature_films_(S%E2%80%93Z),List_of_fiction_works_made_into_feature_films_(S–Z),6,"The Wonderful Wizard of Oz (1900), L. Frank Baum",1900.0,Dorothy and the Witches of Oz (2012),2012.0,1,True
https://en.wikipedia.org/wiki/List_of_fiction_works_made_into_feature_films_(S%E2%80%93Z),List_of_fiction_works_made_into_feature_films_(S–Z),6,"The Wonderful Wizard of Oz (1900), L. Frank Baum",1900.0,Oz the Great and Powerful (2013),2013.0,1,True
https://en.wikipedia.org/wiki/List_of_fiction_works_made_into_feature_films_(S%E2%80%93Z),List_of_fiction_works_made_into_feature_films_(S–Z),6,"The Wonderful Wizard of Oz (1900), L. Frank Baum",1900.0,Legends of Oz: Dorothy's Return (2013),2013.0,1,True
https://en.wikipedia.org/wiki/List_of_fiction_works_made_into_feature_films_(S%E2%80%93Z),List_of_fiction_works_made_into_feature_films_(S–Z),6,"The Wonderful Wizard of Oz (1900), L. Frank Baum",1900.0,Guardians of Oz (2015),2015.0,1,True
https://en.wikipedia.org/wiki/List_of_fiction_works_made_into_feature_films_(S%E2%80%93Z),List_of_fiction_works_made_into_feature_films_(S–Z),6,"The Wonderful Wizard of Oz (1900), L. Frank Baum",1900.0,Tom and Jerry: Back to Oz (2016),2016.0,1,True
https://en.wikipedia.org/wiki/List_of_fiction_works_made_into_feature_films_(S%E2%80%93Z),List_of_fiction_works_made_into_feature_films_(S–Z),6,"The Wonderful Wizard of Oz (1900), L. Frank Baum",1900.0,The Steam Engines of Oz (2018),2018.0,1,True
https://en.wikipedia.org/wiki/List_of_fiction_works_made_into_feature_films_(S%E2%80%93Z),List_of_fiction_works_made_into_feature_films_(S–Z),6,"The World According to Garp (1978), John Irving",1978.0,The World According to Garp (1982),1982.0,1,True
https://en.wikipedia.org/wiki/List_of_fiction_works_made_into_feature_films_(S%E2%80%93Z),List_of_fiction_works_made_into_feature_films_(S–Z),6,"A Wrinkle in Time (1962), Madeleine L'Engle",1962.0,A Wrinkle in Time (2003),2003.0,1,True
https://en.wikipedia.org/wiki/List_of_fiction_works_made_into_feature_films_(S%E2%80%93Z),List_of_fiction_works_made_into_feature_films_(S–Z),6,"A Wrinkle in Time (1962), Madeleine L'Engle",1962.0,A Wrinkle in Time (2018),2018.0,1,True
https://en.wikipedia.org/wiki/List_of_fiction_works_made_into_feature_films_(S%E2%80%93Z),List_of_fiction_works_made_into_feature_films_(S–Z),6,"Wuthering Heights (1847), Emily Brontë",1847.0,Emily Brontë's Wuthering Heights (1992),1992.0,1,True
https://en.wikipedia.org/wiki/List_of_fiction_works_made_into_feature_films_(S%E2%80%93Z),List_of_fiction_works_made_into_feature_films_(S–Z),6,"Wuthering Heights (1847), Emily Brontë",1847.0,Wuthering Heights (2003),2003.0,1,True
https://en.wikipedia.org/wiki/List_of_fiction_works_made_into_feature_films_(S%E2%80%93Z),List_of_fiction_works_made_into_feature_films_(S–Z),6,"Wuthering Heights (1847), Emily Brontë",1847.0,Wuthering Heights (2011),2011.0,1,True
https://en.wikipedia.org/wiki/List_of_fiction_works_made_into_feature_films_(S%E2%80%93Z),List_of_fiction_works_made_into_feature_films_(S–Z),7,"The Year of Living Dangerously (1978), Christopher Koch",1978.0,The Year of Living Dangerously (1982),1982.0,1,True
https://en.wikipedia.org/wiki/List_of_fiction_works_made_into_feature_films_(S%E2%80%93Z),List_of_fiction_works_made_into_feature_films_(S–Z),7,"The Year of the Jellyfish (French: L'Année des méduses) (1983), Christopher Frank",1983.0,Year of the Jellyfish (1984),1984.0,1,True
https://en.wikipedia.org/wiki/List_of_fiction_works_made_into_feature_films_(S%E2%80%93Z),List_of_fiction_works_made_into_feature_films_(S–Z),7,"Yo, Puta (2003), Isabel Pisano",2003.0,Whore (2004),2004.0,1,True
https://en.wikipedia.org/wiki/List_of_fiction_works_made_into_feature_films_(S%E2%80%93Z),List_of_fiction_works_made_into_feature_films_(S–Z),7,"Your Ticket Is No Longer Valid (1977), Romain Gary",1977.0,Your Ticket Is No Longer Valid (1981),1981.0,1,True
https://en.wikipedia.org/wiki/List_of_fiction_works_made_into_feature_films_(S%E2%80%93Z),List_of_fiction_works_made_into_feature_films_(S–Z),7,"Young Adam (1957), Alexander Trocchi",1957.0,Young Adam (2003),2003.0,1,True
https://en.wikipedia.org/wiki/List_of_fiction_works_made_into_feature_films_(S%E2%80%93Z),List_of_fiction_works_made_into_feature_films_(S–Z),8,"Zift (Bulgarian: Дзифт, Dzift) (2006), Vladislav Todorov",2006.0,Zift (2008),2008.0,1,True
https://en.wikipedia.org/wiki/List_of_fiction_works_made_into_feature_films_(S%E2%80%93Z),List_of_fiction_works_made_into_feature_films_(S–Z),8,"Zona Zamfirova (1906), Stefan Sremac",1906.0,Zona Zamfirova (2002),2002.0,1,True
