row_id,book_title,book_author,book_publication_year,film_title,movie_release_year,release_period,genre_bucket,match_confidence,fiction_work_raw,film_adaptation_raw,source_page_url,book_avg_rating,book_ratings_count,book_reviews_count,book_page_count,book_series_indicator,book_description,book_description_length,goodreads_match_title,goodreads_match_score,movie_release_month,runtime_minutes,mpaa_rating,distributor,movie_genre_raw,imdb_vote_count,imdb_rating,top_500_box_office
1,A Love in Germany,Rolf Hochhuth,1978,A Love in Germany,1983,1980_1984,Drama_Literary,medium,"A Love in Germany (German: Eine Liebe in Deutschland) (1978), Rolf Hochhuth",A Love in Germany (1983),https://en.wikipedia.org/wiki/List_of_fiction_works_made_into_feature_films_(K%E2%80%93R),,,,,,,,,0,10.0,110.0,,,"Drama,Romance,War",441.0,6.5,0
2,A Letter to Five Wives,John Klempner,1945,A Letter to Three Wives,1985,1985_1989,Drama_Literary,medium,"A Letter to Five Wives (1945), John Klempner",A Letter to Three Wives (1985),https://en.wikipedia.org/wiki/List_of_fiction_works_made_into_feature_films_(K%E2%80%93R),,,,,,,,,0,12.0,,,,,,,0
3,58 Minutes,Walter Wager,1987,Die Hard 2,1990,1990_1994,Drama_Literary,medium,"58 Minutes (1987), Walter Wager",Die Hard 2 (1990),"https://en.wikipedia.org/wiki/List_of_fiction_works_made_into_feature_films_(0%E2%80%939,_A%E2%80%93C)",3.64,9.0,2.0,,0.0,,0.0,59 Minutes,90,7.0,124.0,R,Netflix | MOKÉP | Disney+,"Action,Thriller",406006.0,7.2,0
4,A Running Duck,Paula Gosling,1974,Fair Game,1995,1995_1999,Drama_Literary,medium,"A Running Duck (a.k.a. Fair Game) (1974), Paula Gosling",Fair Game (1995),https://en.wikipedia.org/wiki/List_of_fiction_works_made_into_feature_films_(K%E2%80%93R),3.69,57.0,8.0,202.0,0.0,"Clare Randell, copywriter for a major San Francisco advertising agency, is running for a cab one evening when she is suddenly, inexplicably shot by a sniper. When the police investigate, Lieutenant Mike Malchek discerns the mark of Edison, a deadly assassin he's been tracking for years. Then Clare's fiance is killed in a second attempt on her life, and the cold, silent Malchek is assigned to protect her. This is the intriguing story of antagonists who fall in love under nerve-shattering circumstances. And just as Clare and Malchek begin to realize their passion for one another, Edison is after them again, full force.",624.0,A Running Duck,100,11.0,91.0,R,Warner Bros. Entertainment | Netflix,"Action,Romance,Thriller",14681.0,4.4,0
5,69,Ryu Murakami,1987,69,2004,2000_2004,Drama_Literary,medium,"69 (シクスティナイン, Shikusutinain) (1987), Ryu Murakami",69 (2004),"https://en.wikipedia.org/wiki/List_of_fiction_works_made_into_feature_films_(0%E2%80%939,_A%E2%80%93C)",,,,,,,,,0,7.0,114.0,,Toei Company,"Comedy,Drama",518.0,6.7,0
6,A Good Year,Peter Mayle,2004,A Good Year,2006,2005_2009,Drama_Literary,medium,"A Good Year (2004), Peter Mayle",A Good Year (2006),https://en.wikipedia.org/wiki/List_of_fiction_works_made_into_feature_films_(D%E2%80%93J),3.61,5283.0,560.0,287.0,0.0,"The writer with a claim to being the world's foremost literary escape artist is back, with an intoxicating novel about the business and pleasure of wine, set in his beloved Provence.
Max Skinner has recently lost his job at a London financial firm and just as recently learned that he has inherited his late uncle's vineyard in Provence. On arrival he finds the climate delicious, the food even better, and two of the locals ravishing. Unfortunately, the wine produced on his new property is swill. Why then are so many people interested in it? Enter a beguiling Californian who knows more about wine than Max does - and may have a better claim to the estate. Fizzy with intrigue, bursting with local color and savor, A Good Yearis Mayle at his most entertaining.",763.0,A Good Year,100,9.0,117.0,PG-13,20th Century Studios | Netflix | Fandango at Home,"Comedy,Drama,Romance",106688.0,6.9,0
7,A Princess of Mars,Edgar Rice Burroughs,1917,John Carter,2012,2010_2014,Drama_Literary,medium,"A Princess of Mars (1917), Edgar Rice Burroughs",John Carter (2012),https://en.wikipedia.org/wiki/List_of_fiction_works_made_into_feature_films_(K%E2%80%93R),3.8,69.0,22.0,445.0,1.0,"Her oval face was beautiful in the extreme, her every feature finely chisled and exquisite, her eyes large and lustrous and her head surmounted by a mass of coal black, waving hair, caught loosely into a strange yet becoming coiffure. Similar in face and figure to women of Earth, she was nevertheless a true Martian--and prisoner of the fierce green giants who held me captive, as well!
First book in Edgar Rice Burroughs's Mars series.",437.0,A Princess of Mars,100,3.0,132.0,PG-13,Netflix | Walt Disney Studios Motion Pictures | Disney+,"Action,Adventure,Sci-Fi",298203.0,6.6,0
8,A Watcher in the Woods,Florence Engel Randall,1976,The Watcher in the Woods,2017,2015_2019,Drama_Literary,medium,"A Watcher in the Woods (1976), Florence Engel Randall",The Watcher in the Woods (2017),https://en.wikipedia.org/wiki/List_of_fiction_works_made_into_feature_films_(S%E2%80%93Z),3.46,333.0,59.0,,0.0,"When their family moves into a house at the edge of a forest, two sisters sense an invisible presence as strange occurrences take place.",136.0,The Watcher in the Woods,100,10.0,,,Lifetime,,,,0
9,All Quiet on the Western Front,Erich Maria Remarque,1929,All Quiet on the Western Front,2022,2020_2024,Drama_Literary,medium,"All Quiet on the Western Front (German: Im Westen nichts Neues) (1929), Erich Maria Remarque",All Quiet on the Western Front (2022),"https://en.wikipedia.org/wiki/List_of_fiction_works_made_into_feature_films_(0%E2%80%939,_A%E2%80%93C)",3.93,255610.0,5480.0,296.0,1.0,"This is the testament of Paul Baumer, who enlists with his classmates in the German army of World War I. These young men become enthusiastic soldiers, but their world of duty, culture, and progress breaks into pieces under the first bombardment in the trenches.
Through years of vivid horror, Paul holds fast to a single vow: to fight against the hatred that meaninglessly pits young men of the same generation but different uniforms against one another - if only he can come out of the war alive.",497.0,All Quiet on the Western Front,100,10.0,148.0,R,Netflix,"Drama,History,War",312106.0,7.8,0
10,A Passage to India,E. M. Forster,1924,A Passage to India,1984,1980_1984,Drama_Literary,medium,"A Passage to India (1924), E. M. Forster",A Passage to India (1984),https://en.wikipedia.org/wiki/List_of_fiction_works_made_into_feature_films_(K%E2%80%93R),3.67,2366.0,280.0,362.0,0.0,"E. M. Forster's exquisitely observed novel about the clash of cultures and the consequences of perception, set in colonial India 
Among the greatest novels of the twentieth century and the basis for director David Lean's Academy Award-winning film, A Passage to Indiaunravels the growing racial tension between Indians, uneasy at best with colonial power, and the British, largely ignorant and dismissive of the society they're infiltrating. A sudden moment of confusion results in a devastating series of events that threatens to ruin a man's life, revealing just how deeply--and swiftly--prejudice has taken root.",615.0,A Passage to India,100,12.0,164.0,PG,Netflix | EMI Films,"Adventure,Drama,History",22996.0,7.3,0
11,Allan Quatermain,Sir H. Rider Haggard,1887,Allan Quatermain and the Lost City of Gold,1987,1985_1989,Drama_Literary,medium,"Allan Quatermain (1887), Sir H. Rider Haggard",Allan Quatermain and the Lost City of Gold (1987),"https://en.wikipedia.org/wiki/List_of_fiction_works_made_into_feature_films_(0%E2%80%939,_A%E2%80%93C)",3.89,2465.0,120.0,,1.0,"Allan Quartermain is a sequel to the famous novel King Solomon's Mines. Quatermain has lost his only son and longs to get back into the wilderness. Having persuaded Sir Henry Curtis, Captain John Good, and the Zulu chief Umbopa to accompany him, they set out from the coast of east Africa, this time in search of a white race reputed to live north of Mount Kenya. They survive fierce encounters with Masai warriors, undergo a terrifying subterranean journey, and discover a lost civilization before being caught up in a passionate love-triangle that engulfs the country in a ferocious civil war. This novel is based on author's own experience in the African continent.
Excerpt:
'I have just buried my boy, my poor handsome boy of whom I was so proud, and my heart is broken. It is very hard having only one son to lose him thus, but God's will be done. Who am I that I should complain? The great wheel of Fate rolls on like a Juggernaut, and crushes us all in turn, some soon, some late it does not matter when, in the end, it crushes us all. We do not prostrate ourselves before it like the poor Indians; we fly hither and thither we cry for mercy; but it is of no use, the black Fate thunders on and in its season reduces us to powder. 'Poor Harry to go so soon! just when his life was opening to him. He was doing so well at the hospital, he had passed his last examination with honours, and I was proud of them, much prouder than he was, I think. And then he must needs go to that smallpox hospital. He wrote to me that he was not afraid of smallpox and wanted to gain the experience; and now the disease has killed him, and I, old and grey and withered, am left to mourn over him, without a chick or child to comfort me. I might have saved him, too-I have money enough for both of us, and much more than enough-King Solomon's Mines provided me with that; but I said, ""No, let the boy earn his living, let him labour that he may enjoy rest."" But the rest has come to him before the labour. Oh, my boy, my boy!",2013.0,Allan Quatermain,100,12.0,99.0,PG,The Cannon Group,"Action,Adventure,Comedy",11430.0,4.6,0
12,A Captive in the Land,James Aldridge,1962,A Captive in the Land,1990,1990_1994,Drama_Literary,medium,"A Captive in the Land (1962), James Aldridge",A Captive in the Land (1990),"https://en.wikipedia.org/wiki/List_of_fiction_works_made_into_feature_films_(0%E2%80%939,_A%E2%80%93C)",,,,,,,,,0,1.0,96.0,PG,Gloria Film,Drama,81.0,5.1,0
13,A Simple Plan,Scott Smith,1993,A Simple Plan,1998,1995_1999,Drama_Literary,medium,"A Simple Plan (1993), Scott Smith",A Simple Plan (1998),https://en.wikipedia.org/wiki/List_of_fiction_works_made_into_feature_films_(S%E2%80%93Z),3.91,265.0,49.0,432.0,0.0,"When two brothers and a friend find four million dollars in the cockpit of a downed plane buried in the snow, their plan seems so simple. But from the moment it is set into motion, Hank Mitchell's well-ordered life spins out of control, sending him on a downward spiral of deceit, treachery, and blackmail.",306.0,A Simple Plan,100,12.0,121.0,R,Paramount Pictures | Netflix,"Crime,Drama,Thriller",82976.0,7.5,0
14,A Connecticut Yankee in King Arthur's Court,Mark Twain,1889,Black Knight,2001,2000_2004,Drama_Literary,medium,"A Connecticut Yankee in King Arthur's Court (1889), Mark Twain",Black Knight (2001),"https://en.wikipedia.org/wiki/List_of_fiction_works_made_into_feature_films_(0%E2%80%939,_A%E2%80%93C)",3.76,820.0,24.0,,0.0,"Hank Morgan, a 19th century Hartfordian, awakens to find himself inexplicably transported to Arthurian England in 528.
The story begins in a 1st person narrative in Warwick Castle, where a man details his recollection of a tale told him by a stranger who's personified as a Knight thru his language & familiarity with armor.
After a brief tale of Launcelot slaying two giants in 3rd-person narrative, Hank Morgan enters &, given whiskey, is persuaded to tell his story. Described thru 1st-person narrative as a man familiar with firearms & machinery, he'd become a superintendent in firearms manufacture. He describes the beginning of his tale by illustrating details of a disagreement with subordinates, where he sustained a head injury caused by a man named Hercules. Passing out, he describes waking up beneath an oak in rural Camelot where a Knight catches him trespassing, & after establishing rapport, leads him to the castle.
Hank is ridiculed for his appearance & sentenced to burn at the stake. Luckily, this coincides with the 528 solar eclipse, which he'd learned about in his own time. Recalling this, he convinces everyone of his power by making it seem he causes the eclipse at the moment he's to be burned. He's liberated, given the position of principal royal minister & treated with awe. Celebrity brings him a title: ""The Boss.""
Hank learns about medieval practices & superstitions. He outdoes fake sorcerers & miracle-working clergy. Merlin becomes jealous. Despite being a court officer, Hank's willing to go among the people to promote new economic policies as well as democratic & modern principles. Arthur chooses to join him on an excursion during which he exposes himself to smallpox in order to help a peasant. Despite this noble act, he's unwilling to abandon medieval ways. He eventually causes the arrest of the incognito Hank & himself by being unable to act like a commoner. Hank & a group of bicycle-riding knights rescue them.
Hank industrializes the country behind the back of the ruling class. He creates schools which teach modern ideas & English, removing new generations from medieval concepts. He constructs factories producing modern tools & weapons. He marries. They have a daughter. While vacationing with them in France, he learns Arthur has died fighting his nephew Mordred. Hank establishes a republic, declares himself ruler & the people revolt. Merlin finally uses a spell to put him asleep to return to his own time.",2464.0,A Connecticut Yankee in King Arthur's Court,100,11.0,95.0,PG-13,20th Century Studios | Netflix,"Adventure,Comedy,Fantasy",45862.0,5.0,0
15,A Stir of Echoes,Richard Matheson,1958,Stir of Echoes: The Homecoming,2007,2005_2009,Drama_Literary,medium,"A Stir of Echoes (1958), Richard Matheson",Stir of Echoes: The Homecoming (2007),https://en.wikipedia.org/wiki/List_of_fiction_works_made_into_feature_films_(S%E2%80%93Z),3.89,8925.0,376.0,,0.0,"The novel that inspired the movie from Artisan Entertainment concerns an ordinary suburban husband who is able to read the minds of his neighbors and learn their sordid secrets. He is also haunted by the apparition of a mysterious woman, which forces him to uncover the truth behind a long-forgotten tragedy. Movie to star Kevin Bacon.",335.0,A Stir of Echoes,100,8.0,,R,,,,,0
16,A Very Private Gentleman,Martin Booth,1990,The American,2010,2010_2014,Drama_Literary,medium,"A Very Private Gentleman (1990), Martin Booth",The American (2010),https://en.wikipedia.org/wiki/List_of_fiction_works_made_into_feature_films_(S%E2%80%93Z),3.61,898.0,129.0,,0.0,"SOON TO BE A MAJOR MOTION PICTURE, THE AMERICAN, STARRING GEORGE CLOONEY AND DIRECTED BY ANTON CORBIJN
The locals in the Italian village where he lives call him Signor Farfalla--Mr. Butterfly--for he appears to be a discreet gentleman who paints rare butterflies. But as inconspicuous as Farfalla tries to make himself, his real profession is deadly, unbeknownst to the sometime brothel worker, Clara, with whom he sleeps.
Of a certain age, and as his feelings for Clara intensify, Farfalla has resolved to make his next job his last--all the while sensing a treacherous circle closing in on him.",596.0,A Very Private Gentleman,100,8.0,105.0,R,Focus Features | Netflix,"Crime,Drama,Thriller",106437.0,6.3,0
17,A Wrinkle in Time,Madeleine L'Engle,1962,A Wrinkle in Time,2018,2015_2019,Drama_Literary,medium,"A Wrinkle in Time (1962), Madeleine L'Engle",A Wrinkle in Time (2018),https://en.wikipedia.org/wiki/List_of_fiction_works_made_into_feature_films_(S%E2%80%93Z),4.04,321.0,26.0,,1.0,"When Charles Wallace Murry goes searching through a 'wrinkle in time' for his lost father, he finds himself on an evil planet where all life is enslaved by a huge pulsating brain known as 'It'. How Charles, his sister Meg and friend Calvin find and free his father makes this a very special and exciting mixture of fantasy and science fiction, which all the way through is dominated by the funny and mysterious trio of guardian angels known as Mrs Whatsit, Mrs Who and Mrs Which.",479.0,A Wrinkle in Time,100,3.0,109.0,PG,Walt Disney Studios Motion Pictures | Disney+,"Adventure,Drama,Family",49759.0,4.3,0
18,Anime Supremacy!,Mizuki Tsujimura,2014,Anime Supremacy!,2022,2020_2024,Drama_Literary,medium,"Anime Supremacy! (ハケンアニメ!, Haken Anime!) (2014), Mizuki Tsujimura",Anime Supremacy! (2022),"https://en.wikipedia.org/wiki/List_of_fiction_works_made_into_feature_films_(0%E2%80%939,_A%E2%80%93C)",,,,,,,,,0,5.0,129.0,,,"Comedy,Drama",587.0,6.7,0
19,A Stranger Is Watching,Mary Higgins Clark,1977,A Stranger Is Watching,1982,1980_1984,Drama_Literary,medium,"A Stranger Is Watching (1977), Mary Higgins Clark",A Stranger Is Watching (1982),https://en.wikipedia.org/wiki/List_of_fiction_works_made_into_feature_films_(S%E2%80%93Z),3.91,579.0,30.0,283.0,0.0,"Ronald Thompson knows he never killed Nina Peterson... yet in two days the state of Connecticut will take his life, having found him guilty via due process of law. But Thompson's death will not stop the pain and anger of Nina's husband, Steve. Thompson's death will not still the fears of Nna's six-year-old son, Neil, witness to his mother's brutal slaying. Not even the love and friendship of Sharon Martin, a journalist who is slowly becoming a part of their world, will ever erase their bitter memories. Only time, perhaps, will heal their wounds. But in the shadows a stranger waits, a cunning psychopath who has killed before, who has unfinished business at the Peterson home...",684.0,A Stranger Is Watching,100,1.0,92.0,R,United Artists,"Crime,Horror,Thriller",1005.0,5.4,0
20,Beaches,Iris Rainer Dart,1985,Beaches,1988,1985_1989,Drama_Literary,medium,"Beaches (1985), Iris Rainer Dart",Beaches (1988),"https://en.wikipedia.org/wiki/List_of_fiction_works_made_into_feature_films_(0%E2%80%939,_A%E2%80%93C)",4.14,76.0,10.0,336.0,0.0,"Loudmouthed, redheaded Cee Cee Bloom has her sights set on Hollywood. Bertie White, quiet and conservative, dreams of getting married and having children. In 1951, their childhood worlds collide in Atlantic City. Keeping in touch as pen pals, they reunite over the years ... always near the ocean.
Powerful and moving, this novel follows Cee Cee and Bertie's extraordinary friendship over the course of thirty years as they transform from adolescents into adults. A bestselling novel that became a hugely successful film, Beachesis funny, heartbreaking, and a tale that should be a part of every woman's library.",612.0,Beaches,100,12.0,123.0,PG-13,Netflix | Walt Disney Studios Motion Pictures,"Comedy,Drama,Music",30743.0,7.0,0
21,A Midnight Clear,William Wharton,1982,A Midnight Clear,1992,1990_1994,Drama_Literary,medium,"A Midnight Clear (1982), William Wharton",A Midnight Clear (1992),https://en.wikipedia.org/wiki/List_of_fiction_works_made_into_feature_films_(K%E2%80%93R),4.19,17.0,1.0,256.0,0.0,,0.0,A Midnight Clear,100,4.0,108.0,,Sony Pictures Home Entertainment | Netflix,"Drama,War",10593.0,7.1,0
22,Aimez-vous Brahms?,Françoise Sagan,1959,Jahan Tum Le Chalo,1999,1995_1999,Drama_Literary,medium,"Aimez-vous Brahms? (1959), Françoise Sagan",Jahan Tum Le Chalo (1999),"https://en.wikipedia.org/wiki/List_of_fiction_works_made_into_feature_films_(0%E2%80%939,_A%E2%80%93C)",3.71,1520.0,53.0,120.0,0.0,"Al momento della pubblicazione di questo romanzo, alla fine degli anni Cinquanta, Francoise Sagan era un mito: rappresentava con la sua vita e i suoi scritti l'anticonformismo, la ribellione e soprattutto un nuovo modo di interpretare la femminilita. Protagonista di ""Le piace Brahms?"" e una donna sulla soglia dei quarantanni legata a un coetaneo e profondamente insoddisfatta della propria vita sentimentale. Un nuovo amore, un uomo giovane e disinibito, la induce a mettersi ancora in gioco. La scelta tra i due e molto sofferta: il giovane Simon la riempie di attenzioni, si dimostra una persona piu matura della sua eta, la invita a concerti e le scrive biglietti; ma la sicurezza - e la noia - garantita dal legame con il compagno resta sempre un richiamo molto forte... Un romanzo che rappresenta uno spaccato degli anni Cinquanta, ma che e anche una variazione sul tema amoroso, e in particolare sul tema del triangolo in amore, di straordinaria modernita.",964.0,Aimez-vous Brahms?,100,1.0,173.0,,,Romance,32.0,6.4,0
23,A Mother's Gift,Britney Spears and Lynne Spears,2001,Brave New Girl,2004,2000_2004,Drama_Literary,medium,"A Mother's Gift (2001), Britney Spears and Lynne Spears",Brave New Girl (2004),https://en.wikipedia.org/wiki/List_of_fiction_works_made_into_feature_films_(K%E2%80%93R),3.19,533.0,50.0,240.0,0.0,"A stirring and heartfelt novel about the special bond between one mother and daughter, ""A Mother's Gift"" follows 14-year-old Holly Faye Lovell, a rising young singer. Now that Holly's off with her posh new friends and new life, she's ashamed to find herself embarrassed by her mom and their humble background. Meanwhile, her mother finds herself wanting to reveal a long-hidden secret that could destroy their bond forever.",423.0,A Mother's Gift,100,4.0,,,,,,,0
24,Adam Resurrected,Yoram Kaniuk,1969,Adam Resurrected,2009,2005_2009,Drama_Literary,medium,"Adam Resurrected (Hebrew: אדם בן כלב) (1969), Yoram Kaniuk",Adam Resurrected (2009),"https://en.wikipedia.org/wiki/List_of_fiction_works_made_into_feature_films_(0%E2%80%939,_A%E2%80%93C)",,,,,,,,,0,8.0,106.0,R,,"Drama,War",4715.0,6.2,0
25,Airborn,Kenneth Oppel,2004,Airborn,2012,2010_2014,Drama_Literary,medium,"Airborn (2004), Kenneth Oppel",Airborn (2012),"https://en.wikipedia.org/wiki/List_of_fiction_works_made_into_feature_films_(0%E2%80%939,_A%E2%80%93C)",4.16,11.0,5.0,10.0,1.0,This swashbuckling adventure is set in a world where great airships ply the skies-- and where there are unknown lands and strange creatures to be discovered.,157.0,Airborn (Economy),63,3.0,81.0,NR,,"Comedy,Crime,Horror",2676.0,3.8,0
26,Annihilation,Jeff VanderMeer,2014,Annihilation,2018,2015_2019,Drama_Literary,medium,"Annihilation (2014), Jeff VanderMeer",Annihilation (2018),"https://en.wikipedia.org/wiki/List_of_fiction_works_made_into_feature_films_(0%E2%80%939,_A%E2%80%93C)",3.63,860.0,43.0,209.0,1.0,"If J.J. Abrams and Margaret Atwood collaborated on a novel, it might look something like 'Annihilation', the first in an extraordinary trilogy.
For thirty years, Area X, monitored by the secret agency known as the Southern Reach, has remained mysterious and remote behind its intangible border- an environmental disaster zone, though to all appearances an abundant wilderness. Eleven expeditions have been sent in to investigate; even for those that have made it out alive, there have been terrible consequences.
'Annihilation' is the story of the twelfth expedition and is told by its nameless biologist. Introverted but highly intelligent, the biologist brings her own secrets with her. She is accompanied by a psychologist, an anthropologist and a surveyor, their stated mission: to chart the land, take samples and expand the Southern Reach's understanding of Area X.
But they soon find out that they are being manipulated by forces both strange and all too familiar. An unmapped tunnel is not as it first appears. An inexplicable moaning calls in the distance at dusk. And while each member of the expedition has surrendered to the authority of the Southern Reach, the power of Area X is far more difficult to resist.",1222.0,Annihilation,100,2.0,115.0,R,Paramount Pictures | Netflix | Hulu,"Adventure,Drama,Horror",391552.0,6.8,0
27,Atomised,Michel Houellebecq,1998,The Elementary Particles,2021,2020_2024,Drama_Literary,medium,"Atomised (French: Les Particules élémentaires) (1998), Michel Houellebecq",The Elementary Particles (2021),"https://en.wikipedia.org/wiki/List_of_fiction_works_made_into_feature_films_(0%E2%80%939,_A%E2%80%93C)",3.78,2628.0,211.0,379.0,0.0,"Half-brothers Michel and Bruno have a mother in common but little else. Michel is a molecular biologist, a thinker and idealist, a man with no erotic life to speak of and little in the way of human society. Bruno, by contrast, is a libertine, though more in theory than in practice, his endless lust being all too rarely reciprocated. Both are symptomatic members of our atomised society, where religion has given way to shallow 'new age' philosophies and love to meaningless sexual connections.
Atomisedtells the stories of the two brothers, but the real subject of the novel is the dismantling of contemporary society and its assumptions, its political incorrectness, and its caustic and penetrating asides on everything from anthropology to the problem pages of girls' magazines.",782.0,Atomised,100,,,,,,,,0
28,A Tale of Two Cities,Charles Dickens,1859,A Tale of Two Cities,1984,1980_1984,Drama_Literary,medium,"A Tale of Two Cities (1859), Charles Dickens",A Tale of Two Cities (1984),https://en.wikipedia.org/wiki/List_of_fiction_works_made_into_feature_films_(S%E2%80%93Z),3.82,1207.0,119.0,,0.0,"The French Revolution comes to vivid life in Charles Dickens's famous novel about the best of times and the worst of times...
The storming of the Bastille...the death carts with their doomed human cargo...the swift drop of the guillotine blade--this is the French Revolution that Charles Dickens vividly captures in his famous work A Tale of Two Cities. With dramatic eloquence, he brings to life a time of terror and treason, a starving people rising in frenzy and hate to overthrow a corrupt and decadent regime. With insight and compassion, Dickens casts his novel of unforgettable scenes with some memorable characters: the sinister Madame Defarge, knitting her patterns of death; the gentle Lucie Manette, unswerving in her devotion to her broken father; Charles Darnay, the lover with a secret past; and dissolute Sydney Carton, whose unlikely heroism gives his life meaning.
--penguinrandomhouse.com",906.0,A Tale of Two Cities,100,1.0,,,,,,,0
29,Bellman and True,Desmond Lowden,1975,Bellman and True,1987,1985_1989,Drama_Literary,medium,"Bellman and True (1975), Desmond Lowden",Bellman and True (1987),"https://en.wikipedia.org/wiki/List_of_fiction_works_made_into_feature_films_(0%E2%80%939,_A%E2%80%93C)",4.22,5.0,1.0,,0.0,,0.0,Bellman and True,100,11.0,114.0,,ITV,"Crime,Drama",614.0,6.7,0
30,Amerika,Franz Kafka,1927,Amerika,1994,1990_1994,Drama_Literary,medium,"Amerika (1927), Franz Kafka",Amerika (1994),"https://en.wikipedia.org/wiki/List_of_fiction_works_made_into_feature_films_(0%E2%80%939,_A%E2%80%93C)",3.74,122.0,14.0,218.0,0.0,"Karl Rossman has been banished by his parents to America, following a family scandal. There, with unquenchable optimism, he throws himself into the strange experiences that lie before him as he slowly makes his way into the interior of the great continent. Although Kafka's first novel (begun in 1911 and never finished), can be read as a menacing allegory of modern life, it is also infused with a quite un Kafkaesque blitheness and sunniness, brought to life in this lyrical translation that returns to the original manuscript of the book.",541.0,Amerika,100,6.0,90.0,,,"Drama,Mystery",249.0,6.1,0
31,All Men Are Mortal,Simone de Beauvoir,1946,All Men Are Mortal,1995,1995_1999,Drama_Literary,medium,"All Men Are Mortal (French: Tous les hommes sont mortels) (1946), Simone de Beauvoir",All Men Are Mortal (1995),"https://en.wikipedia.org/wiki/List_of_fiction_works_made_into_feature_films_(0%E2%80%939,_A%E2%80%93C)",4.09,42.0,5.0,,0.0,,0.0,All Men Are Mortal,100,11.0,93.0,,,Drama,189.0,4.8,0
32,A Widow for One Year,John Irving,1998,The Door in the Floor,2004,2000_2004,Drama_Literary,medium,"A Widow for One Year (1998), John Irving",The Door in the Floor (2004),https://en.wikipedia.org/wiki/List_of_fiction_works_made_into_feature_films_(S%E2%80%93Z),3.74,684.0,98.0,537.0,0.0,"A Widow for One Year covers thirty-seven years in the life of Ruth Cole, a renowned novelist.
Ruth's story is told in three parts, each focusing on a crucial time in her life. When we first meet her--on Long Island, in the summer of 1958--Ruth is only four.
The second window into Ruth's life opens in the fall of 1990, when Ruth is an unmarried woman whose personal life is not nearly as successful as her literary career. She distrusts her judgment in men, for good reason.
A Widow for One Year closes in the autumn of 1995, when Ruth Cole is a forty-one-year-old widow and mother. She's about to fall in love for the first time.
Richly comic, as well as deeply disturbing A Widow for One Year is a multilayered love story of astonishing emotional force. Both ribald and erotic, it is also a brilliant novel about the passage of time and the relentlessness of grief.",868.0,A Widow for One Year,100,7.0,111.0,R,Netflix | Eagle Pictures,"Comedy,Drama",16638.0,6.6,0
33,All the Way,Andy Behrens,2001,Sex Drive,2008,2005_2009,Drama_Literary,medium,"All the Way (2001), Andy Behrens",Sex Drive (2008),"https://en.wikipedia.org/wiki/List_of_fiction_works_made_into_feature_films_(0%E2%80%939,_A%E2%80%93C)",,,,,,,,,0,10.0,109.0,R,Summit Entertainment | Netflix,"Comedy,Romance",95674.0,6.5,0
34,All You Need Is Kill,Hiroshi Sakurazaka,2009,Edge of Tomorrow,2014,2010_2014,Drama_Literary,medium,"All You Need Is Kill (2009), Hiroshi Sakurazaka",Edge of Tomorrow (2014),"https://en.wikipedia.org/wiki/List_of_fiction_works_made_into_feature_films_(0%E2%80%939,_A%E2%80%93C)",4.05,10315.0,1235.0,200.0,0.0,"There's one thing worse than dying. It's coming back to do it again and again... When the alien Gitai invade, Keiji Kiriya is just one of many raw recruits shoved into a suit of battle armor and sent out to kill. Keiji dies on the battlefield, only to find himself reborn each morning to fight and die again and again. On the 158th iteration though, he sees something different, something out of place: the female soldier known as the Bitch of War. Is the Bitch the key to Keiji's escape, or to his final death?",511.0,All You Need Is Kill,100,5.0,113.0,PG-13,Netflix | InterCom,"Action,Adventure,Sci-Fi",799910.0,7.9,0
35,Ben-Hur: A Tale of the Christ,Lew Wallace,1880,Ben-Hur,2016,2015_2019,Drama_Literary,medium,"Ben-Hur: A Tale of the Christ (1880), Lew Wallace",Ben-Hur (2016),"https://en.wikipedia.org/wiki/List_of_fiction_works_made_into_feature_films_(0%E2%80%939,_A%E2%80%93C)",4.02,43.0,5.0,,0.0,"In first century Judaea, Jewish prince Judah Ben-Hur is betrayed by his childhood friend Messala and sentenced to life as a Roman slave. When, during a pirate attack in the Aegean, Ben-Hur saves the life of a galley commander, his fortunes improve and he returns to Galilee a free man. There, his quest for vengeance turns into insurrection, but his life is transformed when he witnesses Christ's baptism by John the Baptist.
Ben-Hur: A Tale of the Christ, the best-selling novel of revenge and redemption, has been enormously popular since its publication in 1880. Ben-Hurhas been translated into multiple languages, and adapted for radio, the stage, and television numerous times. The 1959 MGM movie starring Charlton Heston won eleven Academy Awards, a record it shares with Titanicand The Lord of the Rings: The Return of the King.
HarperPerennial Classics brings great works of literature to life in digital format, upholding the highest standards in ebook production and celebrating reading in all its forms. Look for more titles in the HarperPerennial Classics collection to build your digital library.",1109.0,Ben-Hur: A Tale of the Christ,100,8.0,123.0,PG-13,Paramount Pictures | Netflix | Hulu,"Action,Adventure,Drama",49411.0,5.7,0
36,Something Wicked This Way Comes,Ray Bradbury,1962,Something Wicked This Way Comes,1983,1980_1984,Fantasy_SciFi,medium,"Something Wicked This Way Comes (1962), Ray Bradbury",Something Wicked This Way Comes (1983),https://en.wikipedia.org/wiki/List_of_fiction_works_made_into_feature_films_(S%E2%80%93Z),3.95,161.0,25.0,317.0,1.0,"A carnival rolls in sometime after the midnight hour on a chill Midwestern October eve, ushering in Halloween a week before its time. A calliope's shrill siren song beckons to all with a seductive promise of dreams and youth regained. In this season of dying, Cooger & Dark's Pandemonium Shadow Show has come to Green Town, Illinois, to destroy every life touched by its strange and sinister mystery. And two inquisitive boys standing precariously on the brink of adulthood will soon discover the secret of the satanic raree-show's smoke, mazes, and mirrors, as they learn all too well the heavy cost of wishes - and the stuff of nightmare.",640.0,Something Wicked This Way Comes,100,4.0,95.0,PG,Netflix | Walt Disney Studios Motion Pictures,"Fantasy,Mystery,Thriller",12762.0,6.7,0
37,The Space Vampires,Colin Wilson,1976,Lifeforce,1985,1985_1989,Fantasy_SciFi,medium,"The Space Vampires (1976), Colin Wilson",Lifeforce (1985),https://en.wikipedia.org/wiki/List_of_fiction_works_made_into_feature_films_(S%E2%80%93Z),3.36,376.0,45.0,220.0,0.0,"When Captain Carlsen entered the vast derelict spaceship, he was stunned by its awesome splendor--and shaken by the discovery of its immobilized humanoid passengers.
Later, after three of those strange aliens had been transported to Earth, his foreboding was more than justified. The creatures were energy vampires whose seductive embraces were total, whose lust for vitality was boundless. As they took over the willing bodies of their victims and sexual murders spread terror throughout the land, Carlsen worked toward their destruction--even though he was erotically drawn to the most beautiful vampire of all!",613.0,The Space Vampires,100,6.0,101.0,R,TriStar Pictures | Netflix,"Action,Horror,Mystery",34163.0,6.2,0
38,Orlando: A Biography,Virginia Woolf,1928,Orlando,1992,1990_1994,Fantasy_SciFi,medium,"Orlando: A Biography (1928), Virginia Woolf",Orlando (1992),https://en.wikipedia.org/wiki/List_of_fiction_works_made_into_feature_films_(K%E2%80%93R),3.86,36.0,5.0,,0.0,"Fantasy, love offering, exuberant celebration of English life and literature, Orlando is a uniquely entertaining novel. Originally conceived by Virginia Woolf as a playful tribute to Vita Sackville-West, Orlando's central character lives as both a man and a woman through four centuries.",287.0,Orlando: A Biography,100,12.0,94.0,PG-13,Sony Pictures Classics,"Biography,Drama,Fantasy",20853.0,7.1,0
39,Congo,Michael Crichton,1980,Congo,1995,1995_1999,Fantasy_SciFi,medium,"Congo (1980), Michael Crichton",Congo (1995),"https://en.wikipedia.org/wiki/List_of_fiction_works_made_into_feature_films_(0%E2%80%939,_A%E2%80%93C)",3.56,131539.0,1316.0,,0.0,"Deep in the African rain forest, near the legendary ruins of the Lost City of Zinj, an expedition of eight American geologists is mysteriously and brutally killed in a matter of minutes.
Ten thousand miles away, Karen Ross, the Congo Project Supervisor, watches a gruesome video transmission of the aftermath: a camp destroyed, tents crushed and torn, equipment scattered in the mud alongside dead bodies -- all motionless except for one moving image -- a grainy, dark, man-shaped blur.
In San Francisco, primatologist Peter Elliot works with Amy, a gorilla with an extraordinary vocabulary of 620 ""signs,"" the most ever learned by a primate, and she likes to fingerpaint. But recently, her behavior has been erratic and her drawings match, with stunning accuracy, the brittle pages of a Portuguese print dating back to 1642 . . . a drawing of an ancient lost city. A new expedition -- along with Amy -- is sent into the Congo where they enter a secret world, and the only way out may be through a horrifying death . . .",1020.0,Congo,100,6.0,109.0,PG-13,Paramount Pictures,"Action,Adventure,Mystery",52237.0,5.3,0
40,"Crouching Tiger, Hidden Dragon",Wang Dulu,1942,"Crouching Tiger, Hidden Dragon",2000,2000_2004,Fantasy_SciFi,medium,"Crouching Tiger, Hidden Dragon (Chinese: 卧虎藏龙, Wòhǔ Cánglóng) (1942), Wang Dulu","Crouching Tiger, Hidden Dragon (2000)","https://en.wikipedia.org/wiki/List_of_fiction_works_made_into_feature_films_(0%E2%80%939,_A%E2%80%93C)",4.03,33.0,2.0,,1.0,"The start of Episode 2 New story, new characters and new kung fu now show up on the scene Two new warriors, Jen and Lo, are going to join the kung fu world. Will they affect the status of Li Mu Bai and Yu Shu Lien? Li will renew his swordplay with his master Nan Chiang - what new height of power will he reach? On the other hand, Jade Fox is going to steal the secret treasure of the Wudan Society. What exactly will it be? How will it help to enhance her swordmanship to the extreme and conquer the others?",508.0,"Crouching Tiger, Hidden Dragon, Vol. 5",90,7.0,120.0,,InterCom,"Action,Adventure,Drama",293373.0,7.9,0
41,A Scanner Darkly,Philip K. Dick,1977,A Scanner Darkly,2006,2005_2009,Fantasy_SciFi,medium,"A Scanner Darkly (1977), Philip K. Dick",A Scanner Darkly (2006),https://en.wikipedia.org/wiki/List_of_fiction_works_made_into_feature_films_(S%E2%80%93Z),4.04,165.0,7.0,,0.0,"""A SCANNER DARKLY, one of Philip K. Dick's most popular and bestselling novels, is now a major motion picture...
Bob Arctor is a dealer of the lethally addictive drug Substance D, which he also takes in massive quantities. Fred is the police agent assigned to tail and eventually bust him. What Fred doesn't know is that Substance D gradually splits the user's brain into two distinct, combative entities, and that he is, in fact, in frantic pursuit of himself.
A SCANNER DARKLY is caustically funny and razor sharp in its depiction of drug-induced paranoia and madness; it's an industrial-strength stress test of identity as unnerving as it is riveting.
Writer/Director Richard Linklater shot a live-action film, starring Keanu Reeves, Robert Downey Jr., Woody Harrelson, and Winona Ryder, and then animated over the underlying images. The result is an eerily lifelike, richly detailed animation.""",898.0,A Scanner Darkly,100,7.0,100.0,R,Netflix | Warner Independent Pictures,"Animation,Comedy,Crime",121638.0,7.0,0
42,Beautiful Creatures,Kami Garcia and Margaret Stohl,2009,Beautiful Creatures,2013,2010_2014,Fantasy_SciFi,medium,"Beautiful Creatures (2009), Kami Garcia and Margaret Stohl",Beautiful Creatures (2013),"https://en.wikipedia.org/wiki/List_of_fiction_works_made_into_feature_films_(0%E2%80%939,_A%E2%80%93C)",3.81,204.0,16.0,672.0,0.0,"Everyone has heard of the Beaufort twins, but few have ever seen them...
On the eve of their 21st birthday, at one of the most lavish parties society has ever seen, Octavia and Flora Beaufort are launched into the world.
For Octavia, it is one of the most thrilling nights of her life, an evening glittering with the promise of her future. But Flora shrinks from the limelight, fearful of what lies beyond the walls of her over-protective aunt's house.
As Octavia is swept into a whirlwind of lavish spending and fashionable society, she grasps eagerly at whatever she wants: clothes, houses, men... even a department store. But Flora yearns for security - and when she is rescued from harm by a kind stranger, she seems to have found the love and protection she craves. Prey to all kinds of dangers, the twins soon realise that without each other, they run the risk of losing everything. But is it already too late...?",919.0,Beautiful Creatures,100,2.0,124.0,PG-13,Warner Bros. Entertainment | Netflix | ProVideo,"Drama,Fantasy,Romance",93183.0,6.1,0
43,Do Androids Dream of Electric Sheep?,Philip K. Dick,1967,Blade Runner 2049,2017,2015_2019,Fantasy_SciFi,medium,"Do Androids Dream of Electric Sheep? (1967), Philip K. Dick",Blade Runner 2049 (2017),https://en.wikipedia.org/wiki/List_of_fiction_works_made_into_feature_films_(D%E2%80%93J),4.08,77.0,11.0,159.0,1.0,"This is the first paperback edition.
World War Terminus had left the Earth devastated. Through its ruins, bounty hunter Rick Deckard stalked, in search of the renegade replicants who were his prey. When he wasn't `retiring' them with his laser weapon, he dreamed of owning a live animal -- the ultimate status symbol in a world all but bereft of animal life. Then Rick got his chance: the assignment to kill six Nexus-6 targets, for a huge reward. But in Deckard's world things were never that simple, and his assignment quickly turned into a nightmare kaleidoscope of subterfuge and deceit -- and the threat of death for the hunter rather than the hunted...",658.0,Do Androids Dream of Electric Sheep?,100,10.0,164.0,R,Warner Bros. Entertainment | Netflix | InterCom,"Action,Drama,Mystery",746914.0,8.0,0
44,Dune,Frank Herbert,1965,Dune: Part Two,2024,2020_2024,Fantasy_SciFi,medium,"Dune (1965), Frank Herbert",Dune: Part Two (2024),https://en.wikipedia.org/wiki/List_of_fiction_works_made_into_feature_films_(D%E2%80%93J),4.2,8271.0,266.0,,1.0,"Here is the novel that will be forever considered a triumph of the imagination. Set on the desert planet Arrakis, Duneis the story of the boy Paul Atreides, who would become the mysterious man known as Muad'Dib. He would avenge the traitorous plot against his noble family--and would bring to fruition humankind's most ancient and unattainable dream.
A stunning blend of adventure and mysticism, environmentalism and politics, Dune won the first Nebula Award, shared the Hugo Award, and formed the basis of what it undoubtedly the grandest epic in science fiction.",564.0,Dune,100,2.0,166.0,PG-13,Warner Bros. Entertainment | Universal Pictures | InterCom | Warner Bros. Pictures,"Action,Adventure,Drama",722124.0,8.4,1
45,The Dragon and the George,Gordon R. Dickson,1976,The Flight of Dragons,1982,1980_1984,Fantasy_SciFi,medium,"The Dragon and the George (1976), Gordon R. Dickson",The Flight of Dragons (1982),https://en.wikipedia.org/wiki/List_of_fiction_works_made_into_feature_films_(D%E2%80%93J),3.88,48.0,1.0,279.0,1.0,"Through no fault of his own, the once human Jim Eckert had become a dragon. Unfortunately, his beloved Angie had remained human. But in this magical land anything could happen. To make matter worse, Angie had been taken prisoner by an evil dragon and was held captive in the impenetrable Loathly Tower. So in this land where humans were edible and beasts were magical--where spells worked and logic didn't--Jim Eckert had a big, strange problem.",445.0,The Dragon and the George,100,8.0,,,Warner Bros. Entertainment | American Broadcasting Company,,,,0
46,Rising Sun,Michael Crichton,1992,Rising Sun,1993,1990_1994,Fantasy_SciFi,medium,"Rising Sun (1992), Michael Crichton",Rising Sun (1993),https://en.wikipedia.org/wiki/List_of_fiction_works_made_into_feature_films_(K%E2%80%93R),3.62,1254.0,62.0,399.0,0.0,"On the forty-fifth floor of the Nakamoto Tower in downtown L.A.--the new American headquarters of the immense Japanese conglomerate--a grand opening celebration is in full swing.
On the forty-sixth floor, in an empty conference room, the dead body of a beautiful young woman is discovered.
The investigation begins ... and immediately becomes a headlong chase through a twisting maze of industrial intrigue ... a no-holds-barred conflict in which control of a vital American technology is the fiercely coveted prize--and the Japanese saying ""business is war"" takes on a terrifying reality ...",592.0,Rising Sun,100,7.0,129.0,R,20th Century Studios | Netflix,"Action,Crime,Drama",50178.0,6.3,0
47,Eaters of the Dead,Michael Crichton,1976,The 13th Warrior,1999,1995_1999,Fantasy_SciFi,medium,"Eaters of the Dead (1976), Michael Crichton",The 13th Warrior (1999),https://en.wikipedia.org/wiki/List_of_fiction_works_made_into_feature_films_(D%E2%80%93J),3.64,25262.0,920.0,,0.0,"The year is A.D. 922. A refined Arab courtier, representative of the powerful Caliph of Bagdad, encounters a party of Viking warriors who are journeying to the barbaric North. He is appalled by their Viking customs -- the wanton sexuality of their pale, angular women, their disregard for cleanliness , their cold-blooded human sacrifices. But it is not until they reach the depths of the Northland that the courtier learns the horrifying and inescapable truth: He has been enlisted by these savage, inscrutable warriors to help combat a terror that plagues them -- a monstrosity that emerges under cover of night to slaughter the Vikings and devour their flesh . . .",667.0,Eaters of the Dead,100,8.0,102.0,R,Walt Disney Studios Motion Pictures | Disney+,"Action,Adventure,History",138880.0,6.6,0
48,The Lord of the Rings,J. R. R. Tolkien,1954,The Lord of the Rings: The Return of the King,2003,2000_2004,Fantasy_SciFi,medium,"The Lord of the Rings (1954–1955), J. R. R. Tolkien",The Lord of the Rings: The Return of the King (2003),https://en.wikipedia.org/wiki/List_of_fiction_works_made_into_feature_films_(K%E2%80%93R),4.59,257.0,18.0,,0.0,,0.0,The Lord of the Rings,100,12.0,201.0,PG-13,New Line Cinema,"Adventure,Drama,Fantasy",2151503.0,9.0,1
49,Dragons of Autumn Twilight,Margaret Weis and Tracy Hickman,1984,Dragonlance: Dragons of Autumn Twilight,2008,2005_2009,Fantasy_SciFi,medium,"Dragons of Autumn Twilight (1984), Margaret Weis and Tracy Hickman",Dragonlance: Dragons of Autumn Twilight (2008),https://en.wikipedia.org/wiki/List_of_fiction_works_made_into_feature_films_(D%E2%80%93J),4.02,171.0,15.0,447.0,1.0,"Dragons.
Creatures of legend. Stories told to children.
But now dragons have returned to Krynn. The darkness of war and destruction threatens to engulf the land.
Then hope appears -- a blue crystal staff in the hands of a beautiful barbarian woman. The promise of hope, as fleeting as smoke upon the autumn wind, forces a group of long-time friends into the unlikely roles of heroes.
Knight and barbarian, warrior and half-elf, dwarf and kender and dark-souled mage; they begin a perilous quest for --
the legendary Dragonlance.",528.0,Dragons of Autumn Twilight,100,1.0,,PG-13,Paramount Pictures | Netflix,,,,0
50,Radio Free Albemuth,Philip K. Dick,1976,Radio Free Albemuth,2011,2010_2014,Fantasy_SciFi,medium,"Radio Free Albemuth (1976), Philip K. Dick",Radio Free Albemuth (2011),https://en.wikipedia.org/wiki/List_of_fiction_works_made_into_feature_films_(K%E2%80%93R),,,,,,,,,0,,111.0,,Netflix | Freestyle Releasing,"Drama,Sci-Fi",1996.0,5.6,0
51,Fahrenheit 451,Ray Bradbury,1953,Fahrenheit 451,2018,2015_2019,Fantasy_SciFi,medium,"Fahrenheit 451 (1953), Ray Bradbury",Fahrenheit 451 (2018),https://en.wikipedia.org/wiki/List_of_fiction_works_made_into_feature_films_(D%E2%80%93J),3.97,598.0,32.0,,0.0,"The terrifyingly prophetic novel of a post-literate future.Guy Montag is a fireman. His job is to burn books, which are forbidden, being the source of all discord and unhappiness. Even so, Montag is unhappy; there is discord in his marriage. Are books hidden in his house? The Mechanical Hound of the Fire Department, armed with a lethal hypodermic, escorted by helicopters, is ready to track down those dissidents who defy society to preserve and read books.
The classic dystopian novel of a post-literate future, Fahrenheit 451 stands alongside Orwell's 1984 and Huxley's Brave New World as a prophetic account of Western civilization's enslavement by the media, drugs and conformity.
Bradbury's powerful and poetic prose combines with uncanny insight into the potential of technology to create a novel which, decades on from first publication, still has the power to dazzle and shock.",887.0,Fahrenheit 451,100,5.0,100.0,PG-13,HBO,"Drama,Sci-Fi,Thriller",25767.0,5.0,0
52,Jurassic Park,Michael Crichton,1990,Jurassic World Dominion,2022,2020_2024,Fantasy_SciFi,medium,"Jurassic Park (1990), Michael Crichton",Jurassic World Dominion (2022),https://en.wikipedia.org/wiki/List_of_fiction_works_made_into_feature_films_(D%E2%80%93J),3.97,1154.0,137.0,448.0,1.0,"An alternate cover edition for the 25th Anniversary edition sharing this ISBN can be found .
From the author of ""Timeline, Sphere, ""and"" Congo, "" this is the classic thriller of science run amok that took the world by storm. #1 ""NEW YORK TIMES"" BESTSELLER ""Wonderful . . . powerful.""--""The Washington Post Book World"" An astonishing technique for recovering and cloning dinosaur DNA has been discovered. Now humankind's most thrilling fantasies have come true. Creatures extinct for eons roam Jurassic Park with their awesome presence and profound mystery, and all the world can visit them--for a price. Until something goes wrong. . . . In ""Jurassic Park, ""Michael Crichton taps all his mesmerizing talent and scientific brilliance to create his most electrifying technothriller. ""Frighteningly real . . . compelling . . . It'll keep you riveted.""""--The Detroit News"" ""Crichton's dinosaurs are genuinely frightening.""""--Chicago Sun-Times"" "" "" ""Full of suspense.""--""The New York Times Book Review"" A #1 ""New York Times"" bestseller, this is the classic thriller of science run amok that took the world by storm. Available for the first time in a tall Premium Edition. Reissue.",1176.0,Jurassic Park,100,6.0,147.0,PG-13,Universal Pictures,"Action,Adventure,Sci-Fi",243758.0,5.6,1
53,The Enchanted April,Elizabeth von Arnim,1922,Enchanted April,1992,1990_1994,Fantasy_SciFi,medium,"The Enchanted April (1922), Elizabeth von Arnim",Enchanted April (1992),https://en.wikipedia.org/wiki/List_of_fiction_works_made_into_feature_films_(D%E2%80%93J),3.97,343.0,15.0,,0.0,"A discreet advertisement in The Times, addressed to ""those who appreciate wisteria and sunshine,"" is the prelude to a revelatory month for four very different women. High above a bay on the Italian Riviera stands the medieval castle San Salvatore. Beckoned to this haven are Mrs. Wilkins, Mrs. Arbuthnot, Mrs. Fisher, and Lady Caroline Dester, each quietly craving a respite. Lulled by the gentle spirit of the Mediterranean, they gradually shed their public skins, discovering a harmony each of them has longed for but none has ever known. First published in 1922, this captivating novel is imbued with the descriptive power and lighthearted irreverence for which Elizabeth von Arnim is renowned.",697.0,The Enchanted April,100,11.0,95.0,PG,Netflix | Medusa Film,Drama,7741.0,7.3,0
54,Sphere,Michael Crichton,1987,Sphere,1998,1995_1999,Fantasy_SciFi,medium,"Sphere (1987), Michael Crichton",Sphere (1998),https://en.wikipedia.org/wiki/List_of_fiction_works_made_into_feature_films_(S%E2%80%93Z),3.77,1363.0,27.0,,0.0,"From the author of Jurassic Park, Timeline, and Congocomes a psychological thriller about a group of scientists who investigate a spaceship discovered on the ocean floor.
In the middle of the South Pacific, a thousand feet below the surface, a huge vessel is unearthed. Rushed to the scene is a team of American scientists who descend together into the depths to investigate the astonishing discovery. What they find defies their imaginations and mocks their attempts at logical explanation. It is a spaceship, but apparently it is undamaged by its fall from the sky. And, most startling, it appears to be at least three hundred years old, containing a terrifying and destructive force that must be controlled at all costs.",723.0,Sphere,100,2.0,134.0,PG-13,Warner Bros. Entertainment | Netflix,"Mystery,Sci-Fi,Thriller",118159.0,6.1,0
55,Timeline,Michael Crichton,1999,Timeline,2003,2000_2004,Fantasy_SciFi,medium,"Timeline (1999), Michael Crichton",Timeline (2003),https://en.wikipedia.org/wiki/List_of_fiction_works_made_into_feature_films_(S%E2%80%93Z),3.83,150786.0,2942.0,489.0,0.0,"In an Arizona desert, a man wanders in a daze, speaking words that make no sense. Within twenty-four hours he is dead, his body swiftly cremated by his only known associates. Halfway around the world, archaeologists make a shocking discovery at a medieval site. Suddenly they are swept off to the headquarters of a secretive multinational corporation that has developed an astounding technology. Now this group is about to get a chance not to study the past but to enter it. And with history opened up to the present, the dead awakened to the living, these men and women will soon find themselves fighting for their very survival -- six hundred years ago.",655.0,Timeline,100,11.0,116.0,PG-13,Paramount Pictures,"Action,Adventure,Sci-Fi",69106.0,5.6,0
56,Eragon,Christopher Paolini,2003,Eragon,2006,2005_2009,Fantasy_SciFi,medium,"Eragon (2003), Christopher Paolini",Eragon (2006),https://en.wikipedia.org/wiki/List_of_fiction_works_made_into_feature_films_(D%E2%80%93J),3.86,178.0,15.0,593.0,1.0,"Un ragazzo. Un drago. Un mondo di avventure. Quando Eragon trova una liscia pietra blu nella foresta, e convinto che gli sia toccata una grande fortuna: potra venderla e nutrire la sua famiglia per tutto l'inverno. Ma la pietra in realta e un uovo. Quando si schiude rivelando il suo straordinario contenuto, un cucciolo di drago, Eragon scopre che gli e toccata in sorte un'eredita antica come l'Impero. Forte di una spada magica e dei consigli di un vecchio cantastorie, dovra cavarsela in un universo denso di magia, mistero e insidie, imparare a distinguere l'amico dal nemico, dimostrare di essere il degno erede dei Cavalieri dei Draghi...",645.0,Eragon,100,12.0,104.0,PG,Netflix | InterCom | Disney+,"Action,Adventure,Family",134395.0,5.1,0
57,The Girl Who Leapt Through Time,Yasutaka Tsutsui,1966,Time Traveller: The Girl Who Leapt Through Time,2010,2010_2014,Fantasy_SciFi,medium,"The Girl Who Leapt Through Time (時をかける少女, Toki o Kakeru Shōjo) (serialised 1966–1967, published as a book 1967), Yasutaka Tsutsui",Time Traveller: The Girl Who Leapt Through Time (2010),https://en.wikipedia.org/wiki/List_of_fiction_works_made_into_feature_films_(D%E2%80%93J),3.15,63.0,12.0,,0.0,"The story of Kazuko Yoshiyama, a schoolgirl who accidentally acquires the ability to time travel.",97.0,The Girl who Leapt Through Time,100,3.0,122.0,,,"Adventure,Drama,Sci-Fi",1800.0,6.5,0
58,Ready Player One,Ernest Cline,2011,Ready Player One,2018,2015_2019,Fantasy_SciFi,medium,"Ready Player One (2011), Ernest Cline",Ready Player One (2018),https://en.wikipedia.org/wiki/List_of_fiction_works_made_into_feature_films_(K%E2%80%93R),4.31,376328.0,44094.0,374.0,0.0,"In the year 2044, reality is an ugly place. The only time teenage Wade Watts really feels alive is when he's jacked into the virtual utopia known as the OASIS. Wade's devoted his life to studying the puzzles hidden within this world's digital confines, puzzles that are based on their creator's obsession with the pop culture of decades past and that promise massive power and fortune to whoever can unlock them. When Wade stumbles upon the first clue, he finds himself beset by players willing to kill to take this ultimate prize. The race is on, and if Wade's going to survive, he'll have to win--and confront the real world he's always been so desperate to escape.",667.0,Ready Player One,100,3.0,140.0,PG-13,Warner Bros. Entertainment | Netflix,"Action,Adventure,Sci-Fi",538288.0,7.4,0
59,Planet of the Apes,Pierre Boulle,1963,Kingdom of the Planet of the Apes,2024,2020_2024,Fantasy_SciFi,medium,"Planet of the Apes (French: La Planète des singes) (1963), Pierre Boulle",Kingdom of the Planet of the Apes (2024),https://en.wikipedia.org/wiki/List_of_fiction_works_made_into_feature_films_(K%E2%80%93R),3.91,75.0,16.0,245.0,1.0,"Em pouco tempo, os desbravadores do espaco descobrem a terrivel verdade: nesse mundo, seus pares humanos nao passam de bestas selvagens a servico da especie dominante... os macacos. Desde as primeiras paginas ate o surpreendente final - ainda mais impactante que a famosa cena final do filme de 1968 -, O planeta dos macacos e um romance de tirar o folego, temperado com boa dose de satira. Nele, Boulle revisita algumas das questoes mais antigas da humanidade: O que define o homem? O que nos diferencia dos animais? Quem sao os verdadeiros inimigos de nossa especie? Publicado pela primeira vez em 1963, O planeta dos macacos, de Pierre Boulle, inspirou uma das mais bem-sucedidas franquias da historia do cinema, tendo inicio no classico de 1968, estrelado por Charlton Heston, passando por diversas sequencias e chegando as adaptacoes cinematograficas mais recentes. Com milhoes de exemplares vendidos ao redor do mundo, O planeta dos macacos e um dos maiores classicos da ficcao cientifica, imprescindivel aos fas de cultura pop.",1034.0,Planet of the Apes,100,5.0,145.0,PG-13,20th Century Studios | Fórum Hungary,"Action,Adventure,Drama",167071.0,6.8,1
60,The Heaven Sword and Dragon Saber,Jin Yong,1961,Kung Fu Cult Master,1993,1990_1994,Fantasy_SciFi,medium,"The Heaven Sword and Dragon Saber (Chinese: 倚天屠龙记) (1961), Jin Yong",Kung Fu Cult Master (1993),https://en.wikipedia.org/wiki/List_of_fiction_works_made_into_feature_films_(D%E2%80%93J),,,,,,,,,0,12.0,107.0,,,"Action,Fantasy,History",4436.0,6.4,0
61,The Positronic Man,Isaac Asimov and Robert Silverberg,1993,Bicentennial Man,1999,1995_1999,Fantasy_SciFi,medium,"The Positronic Man (1993), Isaac Asimov and Robert Silverberg",Bicentennial Man (1999),https://en.wikipedia.org/wiki/List_of_fiction_works_made_into_feature_films_(K%E2%80%93R),4.07,143.0,23.0,259.0,1.0,"Powerful and haunting, The Positronic Manis an unforgettable novel that redefines Isaac Asimov's and Robert Silverberg's place among the greatest science fiction authors of all time.In the twenty-first century the creation of the positronic brain leads to the development of robot laborers and revolutionizes life on Earth. But to the Martin family, their household robot NDR-113 is more than a trusted friend, a confidant, a member of the family. For through some unknown manufacturing glitch, Andrew has been blessed with a capacity for love and a drive toward self-awareness and devlopment that are almost...human.
But almost is not enough. Andrew's dream is to become fully human. Facing human prejudice, the laws of robotics, and his own mechanical limitations, Andrew will use science and law in his quest for the impossible, arriving at last at a terrifying choice: to make his dream a reality, he must pay the ultimate price.",933.0,The Positronic Man,100,12.0,132.0,PG,Netflix | Walt Disney Studios Motion Pictures,"Drama,Romance,Sci-Fi",131423.0,6.9,0
62,Waltz into Darkness,Cornell Woolrich,1947,Original Sin,2001,2000_2004,Fantasy_SciFi,medium,"Waltz into Darkness (1947), Cornell Woolrich",Original Sin (2001),https://en.wikipedia.org/wiki/List_of_fiction_works_made_into_feature_films_(S%E2%80%93Z),3.55,98.0,2.0,,1.0,"A fun, creative, non-stop adventure! Tait brings us a well-realized magical world full of double dealing, action, and romance that fans of urban fantasy (like me!) will really love.
-Chris Marie Green, author of ONLY THE GOOD DIE YOUNG, Ghost for Hire, Book 1
An ancient, deadly magic is rising, and she's the only one who can harness it...
Kate Hamilton hates being treated like an outcast. Born a powerless Null to America's pre-eminent magical family, she escapes to a distant college and the life of a theater major. The last thing she wants is to be dragged into her family's war for global domination against the rival Makris clan. But when an innocent favor pulls Kate into a perilous contest with a legendary magical stone, she plunges into their dangerous world of spellcasting and scheming. A world Kate's sexy, devious boyfriend Kris is all too familiar with...
Hardened magical operative Kristof ""Kris"" Makris chafes under the rule of his lunatic father, but he's found the perfect way to overthrow his leader and save his people. But the artifact he needs is in the hands of the Hamilton family, and each attempt to steal it from Kate brings him closer to blowing his cover. If he does, he'll do more than alert his father to his treachery. He'll lose Kate. And that possibility bothers him more than he cares to admit.
As the ancient power inside the stone begins to transform Kate into a vessel of world-destroying magic, the line between friends and enemies blurs. Kristof must choose between his family and the girl he's grown to love. And Kate must either trust the man she thought she knew or lose herself to the stone's deadly embrace.",1655.0,Cast into Darkness,86,5.0,116.0,R,Metro-Goldwyn-Mayer | Netflix,"Crime,Drama,Mystery",63292.0,6.0,0
63,Northern Lights,Philip Pullman,1995,The Golden Compass,2007,2005_2009,Fantasy_SciFi,medium,"Northern Lights (1995), Philip Pullman",The Golden Compass (2007),https://en.wikipedia.org/wiki/List_of_fiction_works_made_into_feature_films_(K%E2%80%93R),3.29,853.0,54.0,372.0,0.0,"A CLASSIC FROM THE NEW YORK TIMESBESTSELLING AUTHOR OF THE THINGS THEY CARRIED
Originally published in 1975, Tim O'Brien's debut novel demonstrates the emotional complexity and enthralling narrative tension that later earned him the National Book Award. At its core is the relationship between two brothers: one who went to Vietnam and one who stayed at home. As the two brothers struggle against an unexpected blizzard in Minnesota's remote north woods, what they discover about themselves and each other will change both of them for ever.",540.0,Northern Lights,100,12.0,113.0,PG-13,Netflix | InterCom,"Adventure,Family,Fantasy",203297.0,6.1,0
64,The Hobbit,J. R. R. Tolkien,1937,The Hobbit: The Battle of the Five Armies,2014,2010_2014,Fantasy_SciFi,medium,"The Hobbit (1937), J. R. R. Tolkien",The Hobbit: The Battle of the Five Armies (2014),https://en.wikipedia.org/wiki/List_of_fiction_works_made_into_feature_films_(D%E2%80%93J),4.25,7733.0,762.0,306.0,1.0,"Bilbo Baggins is a reasonably typical hobbit: fond of sleeping, eating, drinking, parties and presents. However, it is his destiny to travel to the dwarflands in the east, to help slay the dragon Smaug. His quest takes him through enchanted forests, spiders' lairs, and under the Misty Mountains, where he comes across the vile Gollum, and tricks him out of his 'Precious' - a ring that makes its bearer invisible, and wields a terrible power of its own.
J.R.R. Tolkien's own description for the original edition:
""If you care for journeys there and back, out of the comfortable Western world, over the edge of the Wild, and home again, and can take an interest in a humble hero (blessed with a little wisdom and a little courage and considerable good luck), here is a record of such a journey and such a traveler. The period is the ancient time between the age of Faerie and the dominion of men, when the famous forest of Mirkwood was still standing, and the mountains were full of danger. In following the path of this humble adventurer, you will learn by the way (as he did) - if you do not already know all about these things - much about trolls, goblins, dwarves, and elves, and get some glimpses into the history and politics of a neglected but important period.""
""For Mr. Bilbo Baggins visited various notable persons; conversed with the dragon, Smaug the Magnificent; and was present, rather unwillingly, at the Battle of the Five Armies. This is all the more remarkable, since he was a hobbit. Hobbits have hitherto been passed over in history and legend, perhaps because they as a rule preferred comfort to excitement. But this account, based on his personal memoirs, of the one exciting year in the otherwise quiet life of Mr. Baggins will give you a fair idea of the estimable people now (it is said) becoming rather rare. They do not like noise.""",1859.0,The Hobbit,100,12.0,144.0,PG-13,Warner Bros. Entertainment | Netflix,"Adventure,Fantasy",614733.0,7.4,1
65,The Wonderful Wizard of Oz,L. Frank Baum,1900,The Steam Engines of Oz,2018,2015_2019,Fantasy_SciFi,medium,"The Wonderful Wizard of Oz (1900), L. Frank Baum",The Steam Engines of Oz (2018),https://en.wikipedia.org/wiki/List_of_fiction_works_made_into_feature_films_(S%E2%80%93Z),3.98,199.0,13.0,,1.0,"Follow the yellow brick road!
Dorothy thinks she's lost forever when a tornado whirls her and her dog, Toto, into a magical world. To get home, she must find the wonderful wizard in the Emerald City of Oz. On the way she meets the Scarecrow, the Tin Woodman and the Cowardly Lion. But the Wicked Witch of the West has her own plans for the new arrival - will Dorothy ever see Kansas again?",389.0,The Wonderful Wizard of Oz,100,5.0,79.0,NR,,"Adventure,Animation,Family",3474.0,3.9,0
66,Spaceman of Bohemia,Jaroslav Kalfař,2017,Spaceman,2024,2020_2024,Fantasy_SciFi,medium,"Spaceman of Bohemia (2017), Jaroslav Kalfař",Spaceman (2024),https://en.wikipedia.org/wiki/List_of_fiction_works_made_into_feature_films_(S%E2%80%93Z),3.89,960.0,212.0,277.0,0.0,"An intergalactic odyssey of love, ambition, and self-discovery
Orphaned as a boy, raised in the Czech countryside by his doting grandparents, Jakub Prochazka has risen from small-time scientist to become the country's first astronaut. When a dangerous solo mission to Venus offers him both the chance at heroism he's dreamt of, and a way to atone for his father's sins as a Communist informer, he ventures boldly into the vast unknown. But in so doing, he leaves behind his devoted wife, Lenka, whose love, he realizes too late, he has sacrificed on the altar of his ambitions.
Alone in Deep Space, Jakub discovers a possibly imaginary giant alien spider, who becomes his unlikely companion. Over philosophical conversations about the nature of love, life and death, and the deliciousness of bacon, the pair form an intense and emotional bond. Will it be enough to see Jakub through a clash with secret Russian rivals and return him safely to Earth for a second chance with Lenka?
Rich with warmth and suspense and surprise, Spaceman of Bohemia is an exuberant delight from start to finish. Very seldom has a novel this profound taken readers on a journey of such boundless entertainment and sheer fun.",1202.0,Spaceman of Bohemia,100,2.0,107.0,R,Netflix,"Adventure,Drama,Romance",46740.0,5.7,0
67,Stardust,Neil Gaiman,1999,Stardust,2007,2005_2009,Fantasy_SciFi,medium,"Stardust (1999), Neil Gaiman",Stardust (2007),https://en.wikipedia.org/wiki/List_of_fiction_works_made_into_feature_films_(S%E2%80%93Z),4.08,3618.0,523.0,333.0,0.0,"In the sleepy English countryside of decades past, there is a town that has stood on a jut of granite for six hundred years. And immediately to the east stands a high stone wall, for which the village is named. Here in the town of Wall, Tristran Thorn has lost his heart to the hauntingly beautiful Victoria Forester. One crisp October night, as they watch, a star falls from the sky, and Victoria promises to marry Tristran if he'll retrieve that star and bring it back for her. It is this promise that sends Tristran through the only gap in the wall, across the meadow, and into the most unforgettable adventure of his life.",626.0,Stardust,100,8.0,127.0,PG-13,Microsoft Store | Netflix | UIP-Dunafilm,"Adventure,Fantasy,Romance",297668.0,7.6,0
68,The Host,Stephenie Meyer,2008,The Host,2013,2010_2014,Fantasy_SciFi,medium,"The Host (2008), Stephenie Meyer",The Host (2013),https://en.wikipedia.org/wiki/List_of_fiction_works_made_into_feature_films_(D%E2%80%93J),3.84,1521.0,226.0,656.0,1.0,"The phenomenal #1 bestseller is now a major motion picture: ""Startling and addictive. . . . An epic story of love, family, and loyalty."" -USAToday
Melanie Stryder refuses to fade away.
Our world has been invaded by an unseen enemy that takes over the minds of human hosts while leaving their bodies intact. But Wanderer, the invading ""soul"" who occupies Melanie's body, finds its former tenant refusing to relinquish possession of her mind.
As Melanie fills Wanderer's thoughts with visions of Jared, a human who lives in hiding, Wanderer begins to yearn for a man she's never met. Soon Wanderer and Melanie-reluctant allies-set off to search for the man they both love.
Featuring one of the most unusual love triangles in literature, THE HOSTis a riveting and unforgettable novel about the persistence of love and the essence of what it means to be human.
THE HOST movie opens in theaters on March 29, 2013.",908.0,The Host,100,3.0,125.0,PG-13,Netflix | Open Road Flims | ProVideo,"Action,Adventure,Drama",121588.0,5.8,0
69,The Time Traveler's Wife,Audrey Niffenegger,2003,The Time Traveler's Wife,2009,2005_2009,Fantasy_SciFi,medium,"The Time Traveler's Wife (2003), Audrey Niffenegger",The Time Traveler's Wife (2009),https://en.wikipedia.org/wiki/List_of_fiction_works_made_into_feature_films_(S%E2%80%93Z),3.95,747127.0,31085.0,528.0,0.0,"The Time Traveler's Wifeis the story of Clare, a beautiful art student, and Henry, an adventuresome librarian, who have known each other since Clare was six and Henry was thirty-six, and were married when Clare was twenty-three and Henry thirty-one. Impossible but true, because Henry is one of the first people diagnosed with Chrono-Displacement Disorder: periodically his genetic clock resets and he finds himself misplaced in time, pulled to moments of emotional gravity in his life, past and future. His disappearances are spontaneous, his experiences unpredictable, alternately harrowing and amusing.
The Time Traveler's Wifedepicts the effects of time travel on Henry and Clare's marriage and their passionate love for each other as the story unfolds from both points of view. Clare and Henry attempt to live normal lives, pursuing familiar goals--steady jobs, good friends, children of their own. All of this is threatened by something they can neither prevent nor control, making their story intensely moving and entirely unforgettable.",1044.0,The Time Traveler's Wife,100,8.0,107.0,PG-13,Netflix | InterCom,"Drama,Fantasy,Romance",165211.0,7.1,0
70,The Mortal Instruments – Book One: City of Bones,Cassandra Clare,2007,The Mortal Instruments: City of Bones,2013,2010_2014,Fantasy_SciFi,medium,"The Mortal Instruments – Book One: City of Bones (2007), Cassandra Clare",The Mortal Instruments: City of Bones (2013),https://en.wikipedia.org/wiki/List_of_fiction_works_made_into_feature_films_(K%E2%80%93R),4.35,666.0,28.0,12.0,0.0,Free Comic Book Day Preview of THE MORTAL INSTRUMENTS: CITY OF BONES #1. This is also a flip-book preview of The Stuff of Legend.,129.0,The Mortal Instruments: City of Bones,87,8.0,130.0,PG-13,Netflix | Screen Gems | ProVideo,"Action,Adventure,Fantasy",143418.0,5.8,0
71,Murphy's Romance: A Novel,Max Schott,1980,Murphy's Romance,1985,1985_1989,Romance,medium,"Murphy's Romance: A Novel (1980), Max Schott",Murphy's Romance (1985),https://en.wikipedia.org/wiki/List_of_fiction_works_made_into_feature_films_(K%E2%80%93R),3.3,17.0,6.0,,0.0,,0.0,Murphy's Romance,80,12.0,107.0,PG-13,Columbia Pictures | Netflix,"Comedy,Drama,Romance",7784.0,7.0,0
72,"After Dark, My Sweet",Jim Thompson,1955,"After Dark, My Sweet",1990,1990_1994,Romance,medium,"After Dark, My Sweet (1955), Jim Thompson","After Dark, My Sweet (1990)","https://en.wikipedia.org/wiki/List_of_fiction_works_made_into_feature_films_(0%E2%80%939,_A%E2%80%93C)",3.91,33.0,2.0,,0.0,"Los planes no siempre salen bien. Cuando William <>Collins, una antigua estrella del boxeo, se escapa del centro psiquiatrico donde esta recluido, nada le hace pensar que la vida alli afuera puede ser de locos. Con una conducta gravemente danada por los golpes recibidos a lo largo de su carrera profesional, Kid bascula entre su exquisita amabilidad natural y sus repentinos brotes de violencia que le convierten en una maquina de matar.
En su nuevo camino se cruzara la bella Fay, quien, junto a su socio, convencera a Kid para dar el golpe perfecto: secuestrar a un inocente nino y vivir del rescate que esperan sacar de sus padres. Pero no sera tan facil: el nino es diabetico y, a menos que le inyecten puntualmente su dosis de insulina, puede morir en sus brazos...",771.0,"After Dark, My Sweet",100,8.0,114.0,R,Netflix,"Crime,Drama,Mystery",4733.0,6.5,0
73,Message in a Bottle,Nicholas Sparks,1998,Message in a Bottle,1999,1995_1999,Romance,medium,"Message in a Bottle (1998), Nicholas Sparks",Message in a Bottle (1999),https://en.wikipedia.org/wiki/List_of_fiction_works_made_into_feature_films_(K%E2%80%93R),3.95,187312.0,3228.0,342.0,0.0,"Shimmering with suspense and emotional intensity - takes readers on a hunt for the truth about a man and his memories, and about both the heartbreaking fragility and enormous strength of love.
Nicholas Sparks is our very best chronicler of the human heart. His stunning first novel, The Notebook, has been given by friend to friend and lover to lover all over the world as a testament to the timeless power of love. But if we thought he could never again move us so deeply, he now shows us he can-in a story that renews our faith in destiny...in the ability of true lovers to find each other no matter where, no matter when... Message In A Bottle
Thrown to the waves, and to fate, the bottle could have ended up anywhere. Instead, it is found just three weeks after it begins its journey. Theresa Osborne, divorced and the mother of a twelve-year-old son, picks it up during a seaside vacation from her job as a Boston newspaper columnist. Inside is a letter that opens with:
My Dearest Catherine, I miss you my darling, as I always do, but today is particularly hard because the ocean has been singing to me, and the song is that of our life together...
For ""Garrett,"" the man who signs the letter, the message is the only way he knows to express his undying love for a woman he has lost. For Theresa, wary of romance since her husband shattered her trust, the message raises questions that intrigue her. Who are Garrett and Catherine? Where is he now? What is his story?
Challenged by the mystery, and pulled to find Garrett by emotions she does not fully understand, Theresa begins a search that takes her to a sunlit coastal town and an unexpected confrontation. Brought together by chance-or something more powerful-Theresa and Garrett are people whose lives are about to touch for a purpose, in a tale that resonates with our deepest hopes for finding that special someone and everlasting love.
Shimmering with suspense and emotional intensity, Message in a Bottle takes readers on a hunt for the truth about a man and his memories, and about both the heartbreaking fragility and enormous strength of love. For those who cherished The Notebook and readers waiting to discover the magic of Nicholas Sparks's storytelling, here is his new, achingly lovely novel of happenstance, desire, and the choices that matter most...",2326.0,Message in a Bottle,100,2.0,126.0,PG-13,Warner Bros. Entertainment | Netflix,"Drama,Romance",42339.0,6.3,0
74,A Walk to Remember,Nicholas Sparks,1999,A Walk to Remember,2002,2000_2004,Romance,medium,"A Walk to Remember (1999), Nicholas Sparks",A Walk to Remember (2002),https://en.wikipedia.org/wiki/List_of_fiction_works_made_into_feature_films_(S%E2%80%93Z),4.15,549725.0,9914.0,240.0,0.0,"Every April, when the wind blows from the sea and mingles with the scent of lilacs, Landon Carter remembers his last year at Beaufort High. It was 1958, and Landon had already dated a girl or two. He even swore that he had once been in love. Certainly the last person in town he thought he'd fall for was Jamie Sullivan, the daughter of the town's Baptist minister.
A quiet girl who always carried a Bible with her schoolbooks, Jamie seemed content living in a world apart from the other teens. She took care of her widowed father, rescued hurt animals, and helped out at the local orphanage. No boy had ever asked her out. Landon would never have dreamed of it.
Then a twist of fate made Jamie his partner for the homecoming dance, and Landon Carter's life would never be the same. Being with Jamie would show him the depths of the human heart and lead him to a decision so stunning it would send him irrevocably on the road to manhood...
Did You Know?-
That Jamie was named after Nicholas's editor, Jamie Raab?
That Landon is the name of his third son?
That Nicholas Sparks recorded his own reading for the audio version of the novel?",1136.0,A Walk to Remember,100,1.0,101.0,PG,Warner Bros. Entertainment | Netflix,"Drama,Romance",230574.0,7.3,0
75,Nights in Rodanthe,Nicholas Sparks,2002,Nights in Rodanthe,2008,2005_2009,Romance,medium,"Nights in Rodanthe (2002), Nicholas Sparks",Nights in Rodanthe (2008),https://en.wikipedia.org/wiki/List_of_fiction_works_made_into_feature_films_(K%E2%80%93R),3.82,131201.0,3304.0,222.0,0.0,"From the #1 New York Times bestselling author Nicholas Sparks comes a tender story of hope and joy; of sacrifice and forgiveness -- a moving reminder that love is possible at any age, at any time, and often comes when we least expect it. At forty-five, Adrienne Willis must rethink her entire life when her husband abandons her for a younger woman. Reeling with heartache and in search of a respite, she flees to the small coastal town of Rodanthe, North Carolina to tend to a friend's inn for the weekend. But when a major storm starts moving in, it appears that Adrienne's perfect getaway will be ruined -- until a guest named Paul Flanner arrives. At fifty-four, Paul has just sold his medical practice and come to Rodanthe to escape his own shattered past. Now, with the storm closing in, two wounded people will turn to each other for comfort -- and in one weekend set in motion feelings that will resonate throughout the rest of their lives.
Did You Know?---
The main characters' names were Christmas presents to Nicholas's in-laws (Paul and Adrienne)?
This was Nicholas's first book to debut at #1?",1105.0,Nights in Rodanthe,100,9.0,97.0,PG-13,Netflix | InterCom | Warner Bros. Pictures,"Drama,Romance",27429.0,6.0,0
76,Dear John,Nicholas Sparks,2006,Dear John,2010,2010_2014,Romance,medium,"Dear John (2006), Nicholas Sparks",Dear John (2010),https://en.wikipedia.org/wiki/List_of_fiction_works_made_into_feature_films_(D%E2%80%93J),4.01,447841.0,9211.0,276.0,0.0,"An angry rebel, John dropped out of school and enlisted in the Army, not knowing what else to do with his life--until he meets the girl of his dreams, Savannah. Their mutual attraction quickly grows into the kind of love that leaves Savannah waiting for John to finish his tour of duty, and John wanting to settle down with the woman who has captured his heart.
But 9/11 changes everything. John feels it is his duty to re-enlist. And sadly, the long separation finds Savannah falling in love with someone else.
Dear John, the letter read... and with those two words, a heart was broken and two lives were changed forever. Returning home, John must come to grips with the fact that Savannah, now married, is still his true love--and face the hardest decision of his life.",771.0,Dear John,100,2.0,108.0,PG-13,Netflix | Screen Gems,"Drama,Romance,War",163433.0,6.3,0
77,After,Anna Todd,2014,After,2019,2015_2019,Romance,medium,"After (2014), Anna Todd",After (2019),"https://en.wikipedia.org/wiki/List_of_fiction_works_made_into_feature_films_(0%E2%80%939,_A%E2%80%93C)",3.73,17474.0,1701.0,350.0,0.0,"An infant left in the trash to die. A teenage mother who never knew she was pregnant . . .
Before That Morning, these were the words most often used to describe straight-A student and star soccer player Devon Davenport: responsible, hardworking, mature. But all that changes when the police find Devon home sick from school as they investigate the case of an abandoned baby. Soon the connection is made. Devon has just given birth; the baby in the trash is hers. After That Morning, there's only one way to define Devon: attempted murderer.
And yet gifted author Amy Efaw does the impossible. She turns Devon into an empathetic character, a girl who was in such deep denial that she refused to believe she was pregnant. Through airtight writing and fast-paced, gripping storytelling, Ms. Efaw takes the reader on Devon's unforgettable journey toward clarity, acceptance, and redemption.",886.0,After,100,4.0,105.0,PG-13,Netflix | Rai Cinema | Amazon Prime Video | Big Bang Media,"Drama,Romance",75323.0,5.3,0
78,After Ever Happy,Anna Todd,2015,After Ever Happy,2022,2020_2024,Romance,medium,"After Ever Happy (2015), Anna Todd",After Ever Happy (2022),"https://en.wikipedia.org/wiki/List_of_fiction_works_made_into_feature_films_(0%E2%80%939,_A%E2%80%93C)",4.08,13331.0,793.0,512.0,1.0,"Tessa and Hardin have defied all the odds, but will their fairy tale ending be turned on its head? AFTER EVER HAPPY...Life will never be the same. #HESSA
It's never been all rainbows and sunshine for Tessa and Hardin, but each new challenge they've faced has only made their passionate bond stronger and stronger. But when a revelation about the past shakes Hardin's inpenetrable facade to the core--and then Tessa suffers a tragedy--will they stick together again, or be torn apart?
As the shocking truth about each of their families emerges, it's clear the two lovers are not so different from each other. Tessa is no longer the sweet, simple, good girl she was when she met Hardin--any more than he is the cruel, moody boy she fell so hard for. Tessa understands all the troubling emotions brewing beneath Hardin's exterior, and she knows she's the only one who can calm him when he erupts. He needs her.
But the more layers of his past come to light, the darker he grows, and the harder he pushes Tessa--and everyone else in his life--away. Tessa's not sure if she really can save him--not without sacrificing herself. She refuses to go down without a fight. But who is she fighting for--Hardin or herself?",1210.0,"After Ever Happy (After, #4)",80,8.0,95.0,R,Voltage Pictures,"Drama,Romance",15077.0,4.8,0
79,After Hours,Edwin Torres,1979,Carlito's Way,1993,1990_1994,Romance,medium,"After Hours (1979), Edwin Torres",Carlito's Way (1993),"https://en.wikipedia.org/wiki/List_of_fiction_works_made_into_feature_films_(0%E2%80%939,_A%E2%80%93C)",4.08,67.0,5.0,,0.0,"Older and wiser after five years inside, Carlito Brigante, Puerto Rican heavy hitter and drug dealer is looking to slow down, maybe get out of the whole scene. But as a name with a rep to uphold it's tough, and Carlito needs to pull in some money somehow.",255.0,After Hours,100,11.0,144.0,R,Universal Pictures | Netflix,"Crime,Drama,Thriller",246787.0,7.9,0
80,Nine and a Half Weeks: A Memoir of a Love Affair,Elizabeth McNeill,1978,The First 9½ Weeks,1998,1995_1999,Romance,medium,"Nine and a Half Weeks: A Memoir of a Love Affair (1978), Elizabeth McNeill",The First 9½ Weeks (1998),https://en.wikipedia.org/wiki/List_of_fiction_works_made_into_feature_films_(K%E2%80%93R),3.55,1676.0,151.0,117.0,0.0,"The powerfully erotic memoir that inspired the legendary film with a forward by bestselling novelist Francine Prose. Nine and a Half Weeksis a true story so unusual, so passionate, and so extreme in its psychology and sexuality that it will take your breath away.
Elizabeth McNeill was an executive for a large corporation when she began an affair with a man she met casually. Their sexual excitement depended on a pattern of domination and humiliation, and as their relationship progressed they played out ever more dangerous and elaborate variations on that pattern of sadomasochism. By the end, Elizabeth had relinquished all control over her body -- and her mind.
With a cool detachment that makes the experiences and sensations she describes all the more frightening in their intensity, Elizabeth McNeill deftly unfolds her story and invites you into the mesmerizing and dangerous world of Nine and a Half Weeks-- a world you won't soon forget.",949.0,Nine and a Half Weeks: A Memoir of a Love Affair,100,11.0,100.0,R,Starz Entertainment,"Drama,Thriller",785.0,3.5,0
81,Possession: A Romance,A. S. Byatt,1990,Possession,2002,2000_2004,Romance,medium,"Possession: A Romance (1990), A. S. Byatt",Possession (2002),https://en.wikipedia.org/wiki/List_of_fiction_works_made_into_feature_films_(K%E2%80%93R),3.88,926.0,145.0,511.0,0.0,"Alternate cover edition .
""Literary critics make natural detectives,"" says Maud Bailey, heroine of a mystery where the clues lurk in university libraries, old letters, and dusty journals. Together with Roland Michell, a fellow academic and accidental sleuth, Maud discovers a love affair between the two Victorian writers the pair has dedicated their lives to studying: Randolph Ash, a literary great long assumed to be a devoted and faithful husband, and Christabel La Motte, a lesser-known ""fairy poetess"" and chaste spinster. At first, Roland and Maud's discovery threatens only to alter the direction of their research, but as they unearth the truth about the long-forgotten romance, their involvement becomes increasingly urgent and personal. Desperately concealing their purpose from competing researchers, they embark on a journey that pulls each of them from solitude and loneliness, challenges the most basic assumptions they hold about themselves, and uncovers their unique entitlement to the secret of Ash and La Motte's passion.",1041.0,Possession: A Romance,100,8.0,102.0,PG-13,Focus Features | Netflix,"Drama,Mystery,Romance",13999.0,6.3,0
82,The Nanny Diaries,Emma McLaughlin and Nicola Kraus,2002,The Nanny Diaries,2007,2005_2009,Romance,medium,"The Nanny Diaries (2002), Emma McLaughlin and Nicola Kraus",The Nanny Diaries (2007),https://en.wikipedia.org/wiki/List_of_fiction_works_made_into_feature_films_(K%E2%80%93R),3.4,592.0,53.0,307.0,1.0,"Nan has a tricky relationship with her employer, Mrs X.
A non-existent relationship with Mr X.
But she loves their little boy to pieces.
In between looking after four-year-old Grayer and running a thousand errands for Mrs X, his rich, uptight Manhattanite mohter, Nan is trying to have a life. There's college, shopping, her friends, her cat George. And the gorgeous Harvard boy from the sixth floor...
But the X family's dramas keep intruding - visits from Mr X's predatory mistress, catastrophic family outings and, as a final straw, the case of the marriage-destroying panties. As Divorce looms, Nan realises how attached she's become to the Xs' unloved son - and how nannying has become more than just a job.
Funny, touching and true-to-life, The Nanny Diariesis a modern-day Mary Poppins story - with attitude.",815.0,The Nanny Diaries,100,8.0,105.0,PG-13,Paramount Pictures | Netflix,"Comedy,Drama,Romance",67457.0,6.2,0
83,The Last Song,Nicholas Sparks,2009,The Last Song,2010,2010_2014,Romance,medium,"The Last Song (2009), Nicholas Sparks",The Last Song (2010),https://en.wikipedia.org/wiki/List_of_fiction_works_made_into_feature_films_(K%E2%80%93R),4.14,430780.0,9595.0,390.0,0.0,"Seventeen year-old Veronica ""Ronnie"" Miller's life was turned upside-down when her parents divorced and her father moved from New York City to Wilmington, North Carolina. Three years later, she remains angry and alienated from her parents, especially her father... until her mother decides it would be in everyone's best interest if she spent the summer in Wilmington with him.
Ronnie's father, a former concert pianist and teacher, is living a quiet life in the beach town, immersed in creating a work of art that will become the centerpiece of a local church. The tale that unfolds is an unforgettable story about love in its myriad forms - first love, the love between parents and children - that demonstrates, as only a Nicholas Sparks novel can, the many ways that deeply felt relationships can break our hearts... and heal them.",834.0,The Last Song,100,3.0,107.0,PG,Netflix | Fórum Hungary | Walt Disney Studios Motion Pictures | Disney+,"Drama,Music,Romance",95812.0,6.0,0
84,After Everything,Anna Todd,2015,After Everything,2023,2020_2024,Romance,medium,"After Everything (2015), Anna Todd",After Everything (2023),"https://en.wikipedia.org/wiki/List_of_fiction_works_made_into_feature_films_(0%E2%80%939,_A%E2%80%93C)",3.36,86.0,21.0,336.0,0.0,"For readers who were swept away by Under the Tuscan Sun, charmed by Le Divorce, and intrigued by The Descendants, comes a heartwarming novel about midlife coming-of-age.
It's never too late to make amends.
In contemporary London and rural France, a small group of friends reach their late fifties and discover that life still presents them with surprises and unexpected chances for new beginnings.
Recently divorced and seeking to reinvent herself, Penny moves to a picturesque town in France and renounces sex--until she meets an irresistible American philosophy professor. Meanwhile, handsome and unmarried Peter falls head over heels for the first time in his life with plump, sexy, and fiercely independent Frieda; David and Angie face challenges in their childless and co-dependent marriage; and Jeremy, twice divorced and the most successful of them all, develops a destructive interest in underage girls.
At the heart of the story is Sandy, Penny's ex-husband and a once acclaimed songwriter who realizes too late that he took his marriage and two children for granted. He wants to make amends with his family, but first he'll have to confront a secret tragedy that has haunted him for decades.
Wonderfully wise and deeply engaging, After Everything provides an insightful look into the complicated relationships we all experience at some point in our lives. As this beautifully written debut novel unfolds, some relationships blossom, some fade, but all reveal the ambivalent nature of the ties that bind us together.",1525.0,After Everything,100,9.0,93.0,R,,"Drama,Romance",11852.0,4.8,0
85,The Notebook,Nicholas Sparks,1996,The Notebook,2004,2000_2004,Romance,medium,"The Notebook (1996), Nicholas Sparks",The Notebook (2004),https://en.wikipedia.org/wiki/List_of_fiction_works_made_into_feature_films_(K%E2%80%93R),4.07,5796.0,691.0,213.0,1.0,"A man with a faded, well-worn notebook open in his lap. A woman experiencing a morning ritual she doesn't understand. Until he begins to read to her. The Notebook is an achingly tender story about the enduring power of love, a story of miracles that will stay with you forever. Set amid the austere beauty of coastal North Carolina in 1946, The Notebook begins with the story of Noah Calhoun, a rural Southerner returned home from World War II. Noah, thirty-one, is restoring a plantation home to its former glory, and he is haunted by images of the beautiful girl he met fourteen years earlier, a girl he loved like no other. Unable to find her, yet unwilling to forget the summer they spent together, Noah is content to live with only memories. . . until she unexpectedly returns to his town to see him once again. Allie Nelson, twenty-nine, is now engaged to another man, but realizes that the original passion she felt for Noah has not dimmed with the passage of time. Still, the obstacles that once ended their previous relationship remain, and the gulf between their worlds is too vast to ignore. With her impending marriage only weeks away, Allie is forced to confront her hopes and dreams for the future, a future that only she can shape. Like a puzzle within a puzzle, the story of Noah and Allie is just beginning. As it unfolds, their tale miraculously becomes something different, with much higher stakes. The result is a deeply moving portrait of love itself, the tender moments, and fundamental changes that affect us all. Shining with a beauty that is rarely found in current literature, The Notebook establishes Nicholas Sparks as a classic storyteller with a unique insight into the only emotion that really matters.
Did You Know?---
The Notebook was only the third novel in recent history to spend over a year as a hardcover best-seller?
One of the poems by Walt Whitman quoted in the novel is entitled ""To a Common Prostitute?""
The title for the novel was chosen by Theresa Park, Nicholas's agent?",2016.0,The Notebook,100,6.0,123.0,PG-13,New Line Cinema | Netflix,"Drama,Romance",682884.0,7.8,0
86,The Secret Dreamworld of a Shopaholic,Madeline Wickham (as Sophie Kinsella),2003,Confessions of a Shopaholic,2009,2005_2009,Romance,medium,"The Secret Dreamworld of a Shopaholic (2003), Madeline Wickham (as Sophie Kinsella)",Confessions of a Shopaholic (2009),https://en.wikipedia.org/wiki/List_of_fiction_works_made_into_feature_films_(S%E2%80%93Z),3.62,1804.0,206.0,320.0,1.0,"Becky Bloomwood has a fabulous flat in London's trendiest neighborhood, a troupe of glamorous socialite friends, and a closet brimming with the season's must-haves. The only trouble is, she can't actually afford it--not any of it. Her job writing at Successful Saving magazine not only bores her to tears, it doesn't pay much at all. And lately Becky's been chased by dismal letters from the bank--letters with large red sums she can't bear to read. She tries cutting back. But none of her efforts succeeds. Her only consolation is to buy herself something . . . just a little something.
Finally a story arises that Becky actually cares about, and her front-page article catalyzes a chain of events that will transform her life--and the lives of those around her--forever.",772.0,"The Secret Dreamworld of a Shopaholic (Shopaholic, #1)",83,2.0,104.0,PG,Netflix | Walt Disney Studios Motion Pictures | Disney+,"Comedy,Romance",88497.0,5.9,0
87,The Lucky One,Nicholas Sparks,2008,The Lucky One,2012,2010_2014,Romance,medium,"The Lucky One (2008), Nicholas Sparks",The Lucky One (2012),https://en.wikipedia.org/wiki/List_of_fiction_works_made_into_feature_films_(K%E2%80%93R),4.1,270822.0,8313.0,326.0,0.0,"When U.S. Marine Logan Thibault finds a photograph of a smiling young woman half-buried in the dirt during his third tour of duty in Iraq, his first instinct is to toss it aside. Instead, he brings it back to the base for someone to claim, but when no one does, he finds himself always carrying the photo in his pocket. Soon Thibault experiences a sudden streak of luck--winning poker games and even surviving deadly combat that kills two of his closest buddies. Only his best friend, Victor, seems to have an explanation for his good fortune: the photograph--his lucky charm.
Back home in Colorado, Thibault can't seem to get the photo--and the woman in it--out of his mind. Believing that she somehow holds the key to his destiny, he sets out on a journey across the country to find her, never expecting the strong but vulnerable woman he encounters in Hampton, North Carolina--Elizabeth, a divorced mother with a young son--to be the girl he's been waiting his whole life to meet. Caught off guard by the attraction he feels, Thibault keeps the story of the photo, and his luck, a secret. As he and Elizabeth embark upon a passionate and all-consuming love affair, the secret he is keeping will soon threaten to tear them apart--destroying not only their love, but also their lives.
Filled with tender romance and terrific suspense, The Lucky One is Nicholas Sparks at his best--an unforgettable story about the surprising paths our lives often take and the power of fate to guide us to true and everlasting love.",1516.0,The Lucky One,100,4.0,101.0,PG-13,Warner Bros. Entertainment,"Drama,Mystery,Romance",118116.0,6.4,0
88,After We Collided,Anna Todd,2014,After We Collided,2020,2020_2024,Romance,medium,"After We Collided (2014), Anna Todd",After We Collided (2020),"https://en.wikipedia.org/wiki/List_of_fiction_works_made_into_feature_films_(0%E2%80%939,_A%E2%80%93C)",,,,,,,,,0,9.0,105.0,R,Netflix | Amazon Prime Video | Big Bang Media,"Drama,Romance",43862.0,5.1,0
89,Evil Under the Sun,Agatha Christie,1981,Evil Under the Sun,1982,1980_1984,Thriller_Mystery_Crime,medium,"Evil Under the Sun (1981), Agatha Christie",Evil Under the Sun (1982),https://en.wikipedia.org/wiki/List_of_fiction_works_made_into_feature_films_(D%E2%80%93J),3.94,84.0,7.0,219.0,1.0,"Set at the Jolly Roger, a posh vacation resort for the rich and famous on the southern coast of England, Evil Under the Sunis one of Agatha Christie's most intriguing mysteries. When a gorgeous young bride is brutally strangled to death on the beach, only Hercule Poirot can sift through the secrets that shroud each of the guests and unravel the macabre mystery at this playground by the sea.",393.0,Evil Under The Sun,100,3.0,117.0,PG,Columbia Pictures | Netflix,"Crime,Drama,Mystery",23685.0,7.1,0
90,Appointment with Death,Agatha Christie,1938,Appointment with Death,1988,1985_1989,Thriller_Mystery_Crime,medium,"Appointment with Death (1938), Agatha Christie",Appointment with Death (1988),"https://en.wikipedia.org/wiki/List_of_fiction_works_made_into_feature_films_(0%E2%80%939,_A%E2%80%93C)",3.85,83.0,1.0,,1.0,"Among the towering red cliffs and the ancient ruins of Petra sits the corpse of Mrs. Boynton, the cruel and tyrannizing matriarch of the Boynton family. A tiny puncture mark on her wrist is the only sign of the fatal injection that killed her. With only twenty-four hours to solve the mystery, Hercule Poirot recalls a remark he overheard back in Jerusalem: ""You do see, don't you, that she's got to be killed?""",411.0,Appointment with Death,100,4.0,102.0,PG,The Cannon Group,"Crime,Drama,Mystery",7783.0,6.1,0
91,Clear and Present Danger,Tom Clancy,1989,Clear and Present Danger,1994,1990_1994,Thriller_Mystery_Crime,medium,"Clear and Present Danger (1989), Tom Clancy",Clear and Present Danger (1994),"https://en.wikipedia.org/wiki/List_of_fiction_works_made_into_feature_films_(0%E2%80%939,_A%E2%80%93C)",3.88,67.0,15.0,,1.0,,0.0,Éclair and Present Danger,95,8.0,141.0,PG-13,Paramount Pictures | Netflix,"Action,Crime,Drama",115745.0,6.9,0
92,A Time to Kill,John Grisham,1989,A Time to Kill,1996,1995_1999,Thriller_Mystery_Crime,medium,"A Time to Kill (1989), John Grisham",A Time to Kill (1996),https://en.wikipedia.org/wiki/List_of_fiction_works_made_into_feature_films_(S%E2%80%93Z),4.03,1243.0,19.0,720.0,1.0,"Tonya Hailey, ein zehnjahriges Madchen, wurde von zwei betrunkenen Mannern brutal vergewaltigt und missbraucht. Wenige Tage spater erschiesst Tonyas Vater Carl Lee Hailey die beiden Tater im Gerichtsgebaude, in dem sie zu einer ersten Anhorung vorgefuhrt wurden. Das Gerichtsverfahren, dass gegen ihn eingeleitet wird, gerat zum Sensationsprozess. Denn: die beiden Gewaltverbrecher sind Weisse; Carl Lee ist ein Schwarzer...",424.0,A Time to Kill,100,7.0,149.0,R,Netflix | InterCom,"Crime,Drama,Thriller",204541.0,7.5,0
93,A Painted House,John Grisham,2001,A Painted House,2003,2000_2004,Thriller_Mystery_Crime,medium,"A Painted House (2001), John Grisham",A Painted House (2003),https://en.wikipedia.org/wiki/List_of_fiction_works_made_into_feature_films_(K%E2%80%93R),3.67,60826.0,2987.0,384.0,0.0,"Until that September of 1952, Luke Chandler had never kept a secret or told a single lie. But in the long, hot summer of his seventh year, two groups of migrant workers -- and two very dangerous men -- came through the Arkansas Delta to work the Chandler cotton farm. And suddenly mysteries are flooding Luke's world.
A brutal murder leaves the town seething in gossip and suspicion. A beautiful young woman ignites forbidden passions. A fatherless baby is born ... and someone has begun furtively painting the bare clapboards of the Chandler farmhouse, slowly, painstakingly, bathing the run-down structure in gleaming white. And as young Luke watches the world around him, he unravels secrets that could shatter lives -- and change his family and his town forever....
From the Paperback edition.",797.0,A Painted House,100,4.0,,,,,,,0
94,Angels & Demons,Dan Brown,2000,Angels & Demons,2009,2005_2009,Thriller_Mystery_Crime,medium,"Angels & Demons (2000), Dan Brown",Angels & Demons (2009),"https://en.wikipedia.org/wiki/List_of_fiction_works_made_into_feature_films_(0%E2%80%939,_A%E2%80%93C)",,,,,,,,,0,4.0,138.0,PG-13,Columbia Pictures | InterCom,"Mystery,Thriller",324796.0,6.7,0
95,One Shot,Lee Child,2004,Jack Reacher,2012,2010_2014,Thriller_Mystery_Crime,medium,"One Shot (2004), Lee Child",Jack Reacher (2012),https://en.wikipedia.org/wiki/List_of_fiction_works_made_into_feature_films_(K%E2%80%93R),3.73,430.0,65.0,133.0,0.0,"Nick Carlyle understands the intricacies of his job better than anyone. He lives to crunch those numbers and his skills are valued throughout the company. If his personal life might be lacking, he doesn't notice, especially whenever he steals a harmless glance or two at Riley Jameson's tight body.
When a universal flu shot is developed, it's hailed as a miracle, and rightly so. But the seemingly harmless side-effects begin to change the world, warping the statistics that Nick's always used to guide him through life.
No one changes as much as Riley. Suddenly the young man is bigger, stronger. He's also aggressive in ways Nick isn't prepared for, and for the first time analyzing the numbers does nothing to help the situation.
And if numbers can't help him, what can?",774.0,One Shot,100,12.0,130.0,PG-13,Paramount Pictures | Netflix | UIP-Dunafilm,"Action,Thriller",389847.0,7.0,0
96,3 Assassins,Kōtarō Isaka,2004,Grasshopper,2015,2015_2019,Thriller_Mystery_Crime,medium,"3 Assassins (グラスホッパー, Gurasuhoppā) (2004), Kōtarō Isaka",Grasshopper (2015),"https://en.wikipedia.org/wiki/List_of_fiction_works_made_into_feature_films_(0%E2%80%939,_A%E2%80%93C)",3.93,469.0,11.0,,0.0,,0.0,ASSASSINS,90,11.0,119.0,,,"Action,Crime,Drama",400.0,5.5,0
97,Death on the Nile,Agatha Christie,1937,Death on the Nile,2022,2020_2024,Thriller_Mystery_Crime,medium,"Death on the Nile (1937), Agatha Christie",Death on the Nile (2022),https://en.wikipedia.org/wiki/List_of_fiction_works_made_into_feature_films_(D%E2%80%93J),4.07,191.0,16.0,252.0,1.0,"The tranquility of a cruise along the Nile was shattered by the discovery that Linnet Ridgeway had been shot through the head. She was young, stylish and beautiful. A girl who had everything - until she lost her life.",217.0,Death on the Nile,100,2.0,127.0,PG-13,20th Century Studios | Fórum Hungary | Disney+,"Crime,Drama,Mystery",208875.0,6.3,0
98,The Little Drummer Girl,John le Carré,1983,The Little Drummer Girl,1984,1980_1984,Thriller_Mystery_Crime,medium,"The Little Drummer Girl (1983), John le Carré",The Little Drummer Girl (1984),https://en.wikipedia.org/wiki/List_of_fiction_works_made_into_feature_films_(K%E2%80%93R),3.94,145.0,23.0,430.0,0.0,"Charlie is a promiscuous, unsuccessful, English actress in her twenties. Vacationing on the Greek island of Mykonos with friends, she longs for commitment. But to what? To whom? Intrigued by a handsome, solitary bather, Charlie finds herself lured into the ""theatre of the real."" For the mysterious man is Kurtz, an embattled Israeli intelligence officer out to stop the bombing of Jews in Europe. Forced to play her most challenging role, Charlie is plunged into a deceptive and delicate trap set to ensnare an elusive Palestinian terrorist...and soon proves herself a double agent of the highest order.",604.0,The Little Drummer Girl,100,10.0,130.0,,Warner Bros. Entertainment,Drama,2658.0,6.1,0
99,Basil of Baker Street,Eve Titus,1958,The Great Mouse Detective,1986,1985_1989,Thriller_Mystery_Crime,medium,"Basil of Baker Street (1958), Eve Titus",The Great Mouse Detective (1986),"https://en.wikipedia.org/wiki/List_of_fiction_works_made_into_feature_films_(0%E2%80%939,_A%E2%80%93C)",,,,,,,,,0,7.0,74.0,G,,"Adventure,Animation,Family",58573.0,7.1,0
100,Patriot Games,Tom Clancy,1987,Patriot Games,1992,1990_1994,Thriller_Mystery_Crime,medium,"Patriot Games (1987), Tom Clancy",Patriot Games (1992),https://en.wikipedia.org/wiki/List_of_fiction_works_made_into_feature_films_(K%E2%80%93R),3.74,52.0,6.0,,0.0,"Federal Agent Pete Riordan has two problems, and both of them could end with murder.
Convicted killer Mikey-mike Magro has never made a secret of the fact that if he ever gets out of jail, he's going to go after the man he thinks put him there, Jerry 'Digger' Doherty. And now it seems some very influential people are trying to get Magro pardoned and out on the street.
Riordan figures Bishop Paul Doherty, an old friend who also happens to be the Digger's brother, might put him on the right track - and he might just be able to help him with his second problem too: word is that a man is over from the old country intending to buy arms for the IRA. No one knows his name, or even what he looks like, but Riordan needs to find him fast - or his two problems could come together like a lighted fuse and a stick of gelignite.",825.0,The Patriot Game,96,6.0,117.0,R,Netflix | UIP-Dunafilm,"Action,Thriller",127871.0,6.8,0
101,Absolute Power,David Baldacci,1996,Absolute Power,1997,1995_1999,Thriller_Mystery_Crime,medium,"Absolute Power (1996), David Baldacci",Absolute Power (1997),"https://en.wikipedia.org/wiki/List_of_fiction_works_made_into_feature_films_(0%E2%80%939,_A%E2%80%93C)",4.15,1107.0,32.0,,0.0,"A grizzled professional cat burglar gets trapped inside the bedroom closet of one of the world's richest men, only to witness, through a one-way mirror, two Secret Service agents kill the billionaire's trampy young wife as she tries to fight off the drunken sexual advances of the nation's chief executive. Running for his life, but not before he picks up a bloodstained letter opener that puts the president at the scene of the crime, the burglar becomes the target of a clandestine manhunt orchestrated by leading members of the executive branch.
Meanwhile, Jack Graham, once a public defender and now a high-powered corporate attorney, gets drawn into the case because the on-the-lam burglar just happens to be the father of his former financee, a crusading Virginia prosecutor.
Embroidering the narrative through assorted plot whorls are the hero's broken romance; his conflict over selling out for financial success; the prosecutor's confused love-hate for her burglar father; the relentless investigation by a northern Virginia career cop; the dilemma of government agents trapped in a moral catch-22; the amoral ambitions of a sexy White House Chief of Staff; and the old burglar's determination to bring down the ruthless president.
Meanwhile, lurking at the novel's center like a venomous spider is the sociopathic president.",1334.0,Absolute Power,100,2.0,121.0,R,Columbia Pictures | Netflix,"Action,Crime,Drama",64726.0,6.7,0
102,Along Came a Spider,James Patterson,1993,Along Came a Spider,2001,2000_2004,Thriller_Mystery_Crime,medium,"Along Came a Spider (1993), James Patterson",Along Came a Spider (2001),"https://en.wikipedia.org/wiki/List_of_fiction_works_made_into_feature_films_(0%E2%80%939,_A%E2%80%93C)",4.09,341.0,20.0,435.0,1.0,"A missing little girl named Maggie Rose.A family of three brutally murdered in the projects of Washington, D.C.
The thrill-killing of a beautiful elementary school teacher.
A psychopathic serial kidnapper/murderer who calls himself the Son of Lindbergh. He is so terrifying that the FBI, the Secret Service, and the police cannot outsmart him - even after he's been captured.
Gary Soneji is a mild-mannered mathematics teacher at a Washington, D.C., private school for the children of the political and social elite. He's so popular that the kids all call him ""Mr. Chips."" And he's very, very smart. Growing up, he always knew he was smarter than the rest of them - he knew that the Great Ones always fooled everybody. He kidnaps Maggie Rose, the golden-haired daughter of a famous movie actress, and her best friend, Shrimpie Goldberg, the son of the secretary of the treasury, right out from under the noses of their two Secret Service agents. But Gary Soneji is not surprised at his skill. He's done it before. Hundreds of times before.
Alex Cross is a homicide detective with a Ph.D. in psychology. he looks like Muhammad Ali in his prime. Cross works and lives in the ghettos of D.C. He's a tough guy from a tough part of town who wears Harris Tweed jackets and likes to relax by banging out Gershwin tunes on his baby grand piano. He has two adorable kids of his own. They are his own special vulnerabilities.
Jezzie Flanaganis the first woman ever to hold the highly sensitive job as supervisor of the Secret Service in Washington. Blond, mysterious, seductive, she's got an outer shell that's as tough s it is beautiful. She rides her black BMW motorcycle at speeds of no less than 100 mph. What is she running from? What is her secret?
Alex Cross and Jezzie Flanagan are about to have a forbidden love affair-at the worst possible time for both of them. Because Gary Soneji, who wants to commit the ""crime of the century,"" is playing at the top of his game. The latest of the unspeakable crimes happened in Alex Cross's precinct. They happened under the protection of Jezzie Flanagan's men. Now Soneji is at large again, still wreaking havoc.
Alex Cross must face the ultimate test as a psychologist: how do you outmaneuver a brilliant psychopath? Especially one who appears to have a split personality - one who won't let the other half remember those horrific acts?
Soneji has outsmarted the FBI, the Secret Service, and the police. Who will be his next victim?
Gary Soneji is every parent's worst nightmare. He has become Alex Cross's nightmare. And now, reader, he's about to become yours.",2602.0,Along Came a Spider,100,4.0,104.0,R,Paramount Pictures | Netflix,"Crime,Drama,Mystery",103583.0,6.4,0
103,Detective,Arthur Hailey,1997,Detective,2005,2005_2009,Thriller_Mystery_Crime,medium,"Detective (1997), Arthur Hailey",Detective (2005),https://en.wikipedia.org/wiki/List_of_fiction_works_made_into_feature_films_(D%E2%80%93J),3.86,1922.0,100.0,400.0,0.0,"Hours before he is due to set off on a long-delayed and much-deserved vacation with his wife and son, Det.-Sgt. Malcolm Ainslie takes a phone call he would have been better off ignoring. The caller is the chaplain at Florida State Prison, delivering a message from Elroy Doil, the serial murderer Ainslie helped put on the prison's death row. On the eve of his execution, Doil has asked to make a confession. But there is a condition: he will deliver it only in person to Ainslie.
Ainslie has no choice. Doil was convicted of a double murder, but he was suspected in ten more. No homicide detective could turn down the opportunity to close ten murder cases in a single night. What Ainslie learns from the condemned man, however, propels the ex-priest-turned-cop into an investigation that reaches into the most elite levels of his own department and the Miami city government. And it tests as never before his skills as a cop and his character as a man.
Master storyteller Arthur Hailey is legendary for the scrupulously researched authenticity and electrifying realism of his novels, for taking readers inside the places where men and women endure and sometimes crack under the pressures of jobs that shape our lives and world. Bristling with the sights, sounds, and true-to-life details of a contemporary urban homicide division, and with all the narrative suspense that has made him one of the best-selling fiction writers of our time, Detective is the novel Arthur Hailey was destined to write.",1498.0,Detective,100,,,,,,,,0
104,The Feather Men,Sir Ranulph Fiennes,1991,Killer Elite,2011,2010_2014,Thriller_Mystery_Crime,medium,"The Feather Men (1991), Sir Ranulph Fiennes",Killer Elite (2011),https://en.wikipedia.org/wiki/List_of_fiction_works_made_into_feature_films_(D%E2%80%93J),3.89,420.0,54.0,384.0,0.0,"The Feather Men is the riveting story of the efforts by a private British vigilance committee to eliminate a band of coldblooded contract killers. From 1977 to 1990, three hired assassins known as the Clinic tracked down and murdered four former British soldiers, one at a time. Each of the assassinations was carried out in such an ingenious fashion that there would be no hint of foul play, but one clue these killings had in common was that all four victims had fought in the Arabian desert. Throughout those fourteen years the Feather Men - so known because ""our touch is light"" - were never far behind the hit team. Finally, in the autumn of 1990, on a quiet English country lane, the Feather Men achieved a form of justice. Then - for reasons disclosed in these pages - they asked Ranulph Fiennes to reveal their spellbinding story. For many months, The Feather Men has been a number-one best-seller in England. It is a fascinating account of a tenacious double manhunt: the assassins stalking their victims and the Feather Men pursuing the assassins. It is perhaps the ultimate vigilante story, a tale that combines the white-knuckled tension of The Day of the Jackal and the revelatory drama of Spycatcher. And, at its heart, this shocking and intriguing real-life adventure raises the moral question of whether private citizens should take the law into their own hands. ""However, I for one,"" says the author, ""am truly glad that the Feather Men exist, or existed. As to my reasons...the reader will learn in what follows.""",1531.0,The Feather Men,100,9.0,116.0,R,Netflix | Fórum Hungary | Walt Disney Studios Motion Pictures | Open Road Flims | Entertainment Film Distributors,"Action,Crime,Thriller",140726.0,6.4,0
105,Heidi,Johanna Spyri,1880,Heidi,2015,2015_2019,Thriller_Mystery_Crime,medium,"Heidi (1880–81), Johanna Spyri",Heidi (2015),https://en.wikipedia.org/wiki/List_of_fiction_works_made_into_feature_films_(D%E2%80%93J),3.97,81.0,10.0,240.0,1.0,"At the age of five, little orphan Heidi is sent to live with her grandfather in the Alps. Everyone in the village is afraid of him, but Heidi is fascinated by his long beard and bushy grey eyebrows. She loves her life in the mountains, playing in the sunshine and growing up amongst the goats and birds. But one terrible day, Heidi is collected by her aunt and is made to live with a new family in town. Heidi can't bear to be away from her grandfather; can she find a way back up the mountain, where she belongs?",513.0,Heidi,100,12.0,111.0,G,StudioCanal,"Drama,Family",8247.0,7.4,0
106,The Mirror Crack'd from Side to Side,Agatha Christie,1962,The Mirror Crack'd,1980,1980_1984,Thriller_Mystery_Crime,medium,"The Mirror Crack'd from Side to Side (1962), Agatha Christie",The Mirror Crack'd (1980),https://en.wikipedia.org/wiki/List_of_fiction_works_made_into_feature_films_(K%E2%80%93R),3.89,30.0,4.0,192.0,1.0,"Movie star Marina Gregg stars in a real-life mystery when her biggest fan is poisoned. Scene stealer Miss Jane Marple suspects that the lethal cocktail was intended for someone else, and wonders who's next for a final fade-out.",227.0,The Mirror Crack'd from Side to Side,100,2.0,105.0,PG,Netflix | ITC Entertainment,"Crime,Mystery,Thriller",11083.0,6.2,0
107,The Holcroft Covenant,Robert Ludlum,1978,The Holcroft Covenant,1985,1985_1989,Thriller_Mystery_Crime,medium,"The Holcroft Covenant (1978), Robert Ludlum",The Holcroft Covenant (1985),https://en.wikipedia.org/wiki/List_of_fiction_works_made_into_feature_films_(D%E2%80%93J),3.88,8696.0,122.0,547.0,0.0,"The Second World War is over. Three top Nazis have embezzled $780 million from Nazi funds - and then committed suicide. Their Covenant, to be inherited by their three eldest children, is to redistribute this vast wealth amongst the survivors of the Holocaust. Reparation must be made. Conventional Noel Holcroft is one of the inheritors and his mission is to find the other two 'children' and prove himself worthy of his task. But the Sonnenkinder, the Children of the Sun, are determined to gain control of the millions and establish a Nazi Fourth Reich. As Holcroft tries to carry out his destiny, he finds himself enmeshed in a bewildering, horrifying nightmare ...",668.0,The Holcroft Covenant,100,9.0,112.0,R,EMI Films,"Action,Crime,Mystery",4326.0,5.7,0
108,The Client,John Grisham,1993,The Client,1994,1990_1994,Thriller_Mystery_Crime,medium,"The Client (1993), John Grisham",The Client (1994),"https://en.wikipedia.org/wiki/List_of_fiction_works_made_into_feature_films_(0%E2%80%939,_A%E2%80%93C)",3.97,1750.0,65.0,,0.0,"Ubiistvoto na senator Boiet razt'rsva tsiala Amerika. Po sluchaia ima zapodozrian mafiot, no trup't na senatora ne e otkrit. A bez trup obvinenieto e s v'rzani r'tse.
Edinaisetgodishniiat Mark Suei edinstven znae k'de e zaroven Boiet.
FBR go pritiska da dade pokazaniia, kakvoto i da kostva tova na semeistvoto mu.
Mark obache e siguren, che ako progovori, mafiiata shche mu otm'sti.
Redzhi Lav niama goliam advokatski opit, no otkakto praktikuva profesiiata si, zashchitava samo maloletni. Edinstveno tia bi mogla da spasi Mark ot zaplakhite, idvashchi ot dve strani. A Redzhi e gotova na vsichko za svoia klient.",614.0,The Client,100,7.0,119.0,PG-13,Warner Bros. Entertainment | Netflix,"Crime,Drama,Mystery",84483.0,6.7,0
109,Kidnapped,Robert Louis Stevenson,1886,Kidnapped,1995,1995_1999,Thriller_Mystery_Crime,medium,"Kidnapped (1886), Robert Louis Stevenson",Kidnapped (1995),https://en.wikipedia.org/wiki/List_of_fiction_works_made_into_feature_films_(K%E2%80%93R),3.78,525.0,18.0,214.0,1.0,"Being the memoirs of the adventures of David Balfour in the year 1751 how he was kidnapped and cast away; his sufferings in a desert isle; his journey in the wild highlands; his acquaintance with Alec Breck Stewart and other notorious highland Jacobites; with all that he suffered at the hands of his uncle, Ebenezer Balfour of Shaws, falsely so called
Written by himself and now set forth by Robert Louis Stevenson with a preface by Mrs. Stevenson",448.0,Kidnapped,100,11.0,,,,Thriller,50.0,5.8,0
110,And Then There Were None,Agatha Christie,1939,Identity,2003,2000_2004,Thriller_Mystery_Crime,medium,"And Then There Were None (1939), Agatha Christie",Identity (2003),"https://en.wikipedia.org/wiki/List_of_fiction_works_made_into_feature_films_(0%E2%80%939,_A%E2%80%93C)",4.23,429352.0,12618.0,264.0,0.0,"First, there were ten - a curious assortment of strangers summoned as weekend guests to a private island off the coast of Devon. Their host, an eccentric millionaire unknown to all of them, is nowhere to be found. All that the guests have in common is a wicked past they're unwilling to reveal - and a secret that will seal their fate. For each has been marked for murder. One by one they fall prey. Before the weekend is out, there will be none. And only the dead are above suspicion.",485.0,And Then There Were None,100,4.0,90.0,R,Columbia Pictures | Netflix,"Mystery,Thriller",290840.0,7.3,0
111,The Assassination of Jesse James by the Coward Robert Ford,Ron Hansen,1983,The Assassination of Jesse James by the Coward Robert Ford,2007,2005_2009,Thriller_Mystery_Crime,medium,"The Assassination of Jesse James by the Coward Robert Ford (1983), Ron Hansen",The Assassination of Jesse James by the Coward Robert Ford (2007),"https://en.wikipedia.org/wiki/List_of_fiction_works_made_into_feature_films_(0%E2%80%939,_A%E2%80%93C)",3.91,1646.0,183.0,,0.0,"One of the great classic tales ofThe Great American West...
IT IS 1881. Jesse James, at the age of 34, is at the height of his fame and powers as a singularly successful outlaw. Robert Ford is the skittish younger brother of one of the James gang: he has made himself an expert on the gang, but his particular interest - his obsession - is Jesse James himself. Both drawn to him and frightened of him, the nineteen-year-old is uncertain whether he wants to serve James or destroy him or, somehow, become him.
Never have these two men been portrayed and their saga explored with such poetry, such grim precision and such raw-boned feeling as Ron Hansen has brought to this masterful retelling.
'Wonderful. This is great storytelling, not undermined by our knowin how it turns out. The reader is driven - by story and by language and by history... the best blend of fiction and history I've read in a long while!'-- John Irving, author of The World According to Garp",964.0,The Assassination of Jesse James by the Coward Robert Ford,100,9.0,160.0,R,Netflix | InterCom | Fandango at Home,"Biography,Crime,Drama",203368.0,7.5,0
112,The Killer Inside Me,Jim Thompson,1952,The Killer Inside Me,2010,2010_2014,Thriller_Mystery_Crime,medium,"The Killer Inside Me (1952), Jim Thompson",The Killer Inside Me (2010),https://en.wikipedia.org/wiki/List_of_fiction_works_made_into_feature_films_(K%E2%80%93R),3.89,21.0,1.0,,0.0,"Lou Ford is the deputy sheriff of a small town in Texas. The worst thing most people can say against him is that he's a little slow and a little boring. But, then, most people don't know about the sickness--the sickness that almost got Lou put away when he was younger. The sickness that is about to surface again.
An underground classic since its publication in 1952, The Killer Inside Meis the book that made Jim Thompson's name synonymous with the roman noir.",462.0,The Killer Inside Me,100,2.0,109.0,R,Netflix | Icon Productions,"Crime,Drama,Mystery",36932.0,6.1,0
113,Murder on the Orient Express,Agatha Christie,1934,Murder on the Orient Express,2017,2015_2019,Thriller_Mystery_Crime,medium,"Murder on the Orient Express (1934), Agatha Christie",Murder on the Orient Express (2017),https://en.wikipedia.org/wiki/List_of_fiction_works_made_into_feature_films_(K%E2%80%93R),4.16,1434.0,40.0,,1.0,"Alternate cover edition can be found .
Agatha Christie's most famous murder mystery, reissued with a striking cover designed to appeal to the latest generation of Agatha Christie fans and book lovers.
Just after midnight, a snowdrift stops the Orient Express in its tracks. The luxurious train is surprisingly full for the time of the year, but by the morning it is one passenger fewer. An American tycoon lies dead in his compartment, stabbed a dozen times, his door locked from the inside.
Isolated and with a killer in their midst, detective Hercule Poirot must identify the murderer - in case he or she decides to strike again.",632.0,Murder on the Orient Express,100,11.0,114.0,PG-13,20th Century Studios | Netflix | Disney+,"Comedy,Crime,Drama",319824.0,6.5,0
114,The Osterman Weekend,Robert Ludlum,1972,The Osterman Weekend,1983,1980_1984,Thriller_Mystery_Crime,medium,"The Osterman Weekend (1972), Robert Ludlum",The Osterman Weekend (1983),https://en.wikipedia.org/wiki/List_of_fiction_works_made_into_feature_films_(K%E2%80%93R),3.66,20.0,2.0,336.0,0.0,,0.0,The Osterman Weekend,100,10.0,103.0,R,20th Century Studios | Netflix,"Action,Drama,Thriller",10122.0,5.8,0
115,The Investigation,Dorothy Uhnak,1977,Kojak: The Price of Justice,1987,1985_1989,Thriller_Mystery_Crime,medium,"The Investigation (1977), Dorothy Uhnak",Kojak: The Price of Justice (1987),https://en.wikipedia.org/wiki/List_of_fiction_works_made_into_feature_films_(D%E2%80%93J),3.68,85.0,12.0,320.0,0.0,"Kitty Keeler is beautiful, blond, and anything but the conventional middle-class mother of the neighborhood. She is estranged from her husband, hoards expensive clothes and leads a very social life around gambling casinos and organized crime.
When Kitty's two small sons are found dead, everyone quickly concludes Kitty murdered them. She quickly becomes a media sensation.
During the course of the investigation, Sgt. Joe Peters, begins to doubt the evidence against Kitty. He is near the end of a failed marriage and reluctantly approaching retirement. He believes Kitty is innocent and finds himself falling in love with her. Joe begins to peel back the complex layers in the conspiracy of silence while his feelings for Kitty become an obsession...putting his career in jeopardy.",783.0,The Investigation,100,2.0,,,,,,,0
116,The Firm,John Grisham,1991,The Firm,1993,1990_1994,Thriller_Mystery_Crime,medium,"The Firm (1991), John Grisham",The Firm (1993),https://en.wikipedia.org/wiki/List_of_fiction_works_made_into_feature_films_(D%E2%80%93J),3.92,1894.0,144.0,421.0,0.0,"When Mitch McDeere signed on with Bendini, Lambert & Locke of Memphis, he thought he and his beautiful wife, Abby, were on their way. The firm leased him a BMW, paid off his school loans, arranged a mortgage, and hired him a decorator. Mitch McDeere should have remembered what his brother Ray-- doing fifteen years in a Tennessee jail-- already knew. You never get nothing for nothing. Now the FBI has the lowdown on Mitch's firm and needs his help. Mitch is caught between a rock and a hard place, with no choice-- if he wants to live..",538.0,The Firm,100,6.0,154.0,R,Paramount Pictures | Netflix,"Drama,Mystery,Thriller",160552.0,6.9,1
117,Kiss the Girls,James Patterson,1995,Kiss the Girls,1997,1995_1999,Thriller_Mystery_Crime,medium,"Kiss the Girls (1995), James Patterson",Kiss the Girls (1997),https://en.wikipedia.org/wiki/List_of_fiction_works_made_into_feature_films_(K%E2%80%93R),3.93,103.0,13.0,451.0,1.0,"We begin with Alex Cross, the detective introduced in Along Came a Spider. He's back, and this time it's personal.Alex's favorite niece, Naomi, a beautiful young woman, disappears from school at Duke University. The trail of evidence points to Wylie, a serial killer who takes sexual perversion to new heights. Wylie works in the Chapel Hill and Durham area of the South; his partner in depravity, Rudolph, finds his women in and around southern California.
They are both serial freaks who have learned that there's strength in numbers.
Kiss the Girlsis about a secret sexual obsession of many men, and the nightmare of every woman in America. It is about a killer who takes women off the streets, who possesses them, subjugates them, keeps them captive, and murders many of them for ""disobedience.""
Alex Cross encounters in the new South the most horrifying serial criminal in history. Eventually, it is believed that hundreds of women disappeared over a ten-year period. Kiss the Girls-- it's a roller-coaster, so hang on!",1024.0,Kiss The Girls,100,9.0,115.0,R,Paramount Pictures | Netflix,"Crime,Drama,Mystery",99722.0,6.6,0
118,Antikiller,Daniil Koretsky,1999,Antikiller,2002,2000_2004,Thriller_Mystery_Crime,medium,"Antikiller (French: Антикиллер) (1999), Daniil Koretsky",Antikiller (2002),"https://en.wikipedia.org/wiki/List_of_fiction_works_made_into_feature_films_(0%E2%80%939,_A%E2%80%93C)",,,,,,,,,0,8.0,114.0,,Central Partnership,"Action,Crime",1830.0,5.6,0
119,The Constant Gardener,John le Carré,2001,The Constant Gardener,2005,2005_2009,Thriller_Mystery_Crime,medium,"The Constant Gardener (2001), John le Carré",The Constant Gardener (2005),"https://en.wikipedia.org/wiki/List_of_fiction_works_made_into_feature_films_(0%E2%80%939,_A%E2%80%93C)",3.78,13682.0,722.0,496.0,0.0,"Now a major motion picture from Fernando Meirelles, the Academy Award-nominated director of City of God
The Constant Gardeneris a magnificent exploration of the new world order by one of the most compelling and elegant storytellers of our time. The novel opens in northern Kenya with the gruesome murder of Tessa Quayle--young, beautiful, and dearly beloved to husband Justin. When Justin sets out on a personal odyssey to uncover the mystery of her death, what he finds could make him not only a suspect among his own colleagues, but a target for Tessa's killers as well.
A master chronicler of the betrayals of ordinary people caught in political conflict, John le Carre portrays the dark side of unbridled capitalism as only he can. In The Constant Gardenerhe tells a compelling, complex story of a man elevated through tragedy as Justin Quayle--amateur gardener, aging widower, and ineffectual bureaucrat--discovers his own natural resources and the extraordinary courage of the woman he barely had time to love.",1016.0,The Constant Gardener,100,8.0,129.0,R,Focus Features | Fandango at Home,"Drama,Mystery,Romance",155436.0,7.3,0
120,The Lincoln Lawyer,Michael Connelly,2005,The Lincoln Lawyer,2011,2010_2014,Thriller_Mystery_Crime,medium,"The Lincoln Lawyer (2005), Michael Connelly",The Lincoln Lawyer (2011),https://en.wikipedia.org/wiki/List_of_fiction_works_made_into_feature_films_(K%E2%80%93R),4.14,193.0,18.0,,1.0,"Meet Mickey Haller a cynical defense attorney whose one remaining spark of integrity may cost him his life.
For defence attorney Mickey Haller the clock is always ticking. Operating out of the back of a Lincoln car and with two ex-wives and dozens of guilty clients he can't afford to miss a trick. When a Beverly Hills rich boy is arrested for brutally beating a woman Haller has his first high-paying - and seemingly innocent - client in years. But then the case starts to fall apart and the suspect isn't quite who he seems - and Haller quickly discovers that when you swim with the sharks it's easy to wind up as prey.",622.0,The Lincoln Lawyer,100,3.0,118.0,R,Starz Entertainment | Netflix,"Crime,Drama,Mystery",269190.0,7.3,0
121,They Do It with Mirrors,Agatha Christie,1952,Murder with Mirrors,1985,1985_1989,Thriller_Mystery_Crime,medium,"They Do It with Mirrors (1952), Agatha Christie",Murder with Mirrors (1985),https://en.wikipedia.org/wiki/List_of_fiction_works_made_into_feature_films_(S%E2%80%93Z),3.75,37.0,4.0,188.0,1.0,"A man is shot at in a juvenile reform home - but someone else dies...
Miss Marple senses danger when she visits a friend living in a Victorian mansion which doubles as a rehabilitation centre for delinquents. Her fears are confirmed when a youth fires a revolver at the administrator, Lewis Serrocold. Neither is injured. But a mysterious visitor, Mr Gilbrandsen, is less fortunate - shot dead simultaneously in another part of the building.
Pure coincidence? Miss Marple thinks not, and vows to discover the real reason for Mr Gilbrandsen's visit.",548.0,They Do it with Mirrors (Miss Marple #6),76,2.0,,NR,,,,,0
122,The Hunt for Red October,Tom Clancy,1984,The Hunt for Red October,1990,1990_1994,Thriller_Mystery_Crime,medium,"The Hunt for Red October (1984), Tom Clancy",The Hunt for Red October (1990),https://en.wikipedia.org/wiki/List_of_fiction_works_made_into_feature_films_(D%E2%80%93J),4.02,14.0,4.0,,1.0,Book,4.0,The Hunt for Red October,100,3.0,135.0,PG-13,Paramount Pictures | Netflix,"Action,Adventure,Thriller",229883.0,7.5,0
123,The Apocalypse Watch,Robert Ludlum,1995,The Apocalypse Watch,1997,1995_1999,Thriller_Mystery_Crime,medium,"The Apocalypse Watch (1995), Robert Ludlum",The Apocalypse Watch (1997),"https://en.wikipedia.org/wiki/List_of_fiction_works_made_into_feature_films_(0%E2%80%939,_A%E2%80%93C)",3.87,6161.0,107.0,751.0,0.0,"American agent Harry Latham has penetrated the fortresslike mountain hideaway of the Brotherhood of the Watch, a neo-Nazi organization that was born in the days after the fall of the Third Reich. After three years in deep cover, and on the eve of his most spectacular success, Harry Latham has disappeared.
Drew Latham, Special Officer for Consular Operations in Paris, is frantic to discover his older brother's fate. But when he receives the sudden good news that Harry has surfaced, gut-twisting doubts arise. Has Harry's cover been blown? And if so, why has the Brotherhood of the Watch let him live?
For Harry Latham has emerged with an explosive list: the secret supporters of the movement, among them some of the highest-ranking officials in the United States and its allies, names synonymous with honorable service to their nations. It is a document that could topple governments --- but is it legitimate? Can Drew Latham trust his own brother? The search for the truth about Harry --- and the growing Nazi threat --- will plunge Drew into a labyrinth of deceit and death. And whoever gets out alive holds the fate of the free world in his hands.",1154.0,The Apocalypse Watch,100,3.0,,,,,,,0
124,Murder in Amityville,Hans Holzer,1979,Amityville II: The Possession,1982,1980_1984,Horror,medium,"Murder in Amityville (1979), Hans Holzer",Amityville II: The Possession (1982),https://en.wikipedia.org/wiki/List_of_fiction_works_made_into_feature_films_(K%E2%80%93R),3.14,46.0,3.0,,0.0,,0.0,Murder in Amityville,100,9.0,104.0,R,Orion Pictures | Netflix,Horror,14103.0,5.6,0
125,Demon City Shinjuku,Hideyuki Kikuchi,1982,Demon City Shinjuku,1988,1985_1989,Horror,medium,"Demon City Shinjuku (魔界都市〈新宿〉, Makai Toshi: Shinjuku) (1982), Hideyuki Kikuchi",Demon City Shinjuku (1988),https://en.wikipedia.org/wiki/List_of_fiction_works_made_into_feature_films_(D%E2%80%93J),,,,,,,,,0,10.0,,,,,,,0
126,Don't Look and It Won't Hurt,Richard Peck,1971,Gas Food Lodging,1992,1990_1994,Horror,medium,"Don't Look and It Won't Hurt (1971), Richard Peck",Gas Food Lodging (1992),https://en.wikipedia.org/wiki/List_of_fiction_works_made_into_feature_films_(D%E2%80%93J),3.48,0.0,1.0,178.0,0.0,A teenage girl struggles to understand her place within her family and in the world.,84.0,Don't Look and It Won't Hurt,100,7.0,101.0,R,,"Drama,Romance",4781.0,6.6,0
127,Father of Frankenstein,Christopher Bram,1995,Gods and Monsters,1998,1995_1999,Horror,medium,"Father of Frankenstein (1995), Christopher Bram",Gods and Monsters (1998),https://en.wikipedia.org/wiki/List_of_fiction_works_made_into_feature_films_(D%E2%80%93J),4.11,511.0,45.0,276.0,0.0,"James Whale, the elegant director of such classic horror films as""Frankenstein"" and ""The Bride of Frankenstein, "" was found at his Los Angeles mansion in 1957, dead of unnatural causes. Christopher Bram, whose social insight and wit have earned him comparisons to Henry James and Gore Vidal, explores the mystery of Whale's last days in this evocative and suspenseful work of fiction. Home from the hospital after a minor stroke, Whale becomes convinced that his time is nearly over. Increasingly confused and disoriented, he is overwhelmed by images from the past: his working-class childhood in Britain, lavish Hollywood premieres in the 1930s attended with a nervous lover, meeting Garbo, parties with Elsa Manchester, Charles Laughton, and Elizabeth Taylor, nightmares from his own movies. Handsome ex-marine Clayton Boone, an angry loner who is Whale's gardener, becomes the focus of a fantastic plot Whale devises to provide his life with the dramatic ending it deserves. Bram juxtaposes the worlds of two very different men, James Whale and Clayton Boone, deftly shifting between the complex mind of an English exile full of experience and sardonic humor, and that of an American whose attitude toward Whale moves from disgust to fascination to a final shock of disbelief. Suggesting influences as diverse as Sunset Boulevard and the works of Christopher Isherwood, ""Father of Frankenstein"" is a rich yet cutting look at fame, mortality, and hidden desire. Often praised for his singular take on history, culture, and sex, Bram has surpassed himself with this ingenious new novel.",1587.0,Father of Frankenstein,100,9.0,105.0,R,Starz Entertainment,"Biography,Drama",34179.0,7.3,0
128,Dreamcatcher,Stephen King,2001,Dreamcatcher,2003,2000_2004,Horror,medium,"Dreamcatcher (2001), Stephen King",Dreamcatcher (2003),https://en.wikipedia.org/wiki/List_of_fiction_works_made_into_feature_films_(D%E2%80%93J),3.59,118369.0,1334.0,688.0,0.0,"Au coeur de la foret de Derry, quatre amis d'enfance, unis pour le meilleur et pour le pire, confrontes a un phenomene terrifiant qu'ils ne risquent pas d'oublier... Stephen King, au sommet de son talent, cerne au plus profond de l'inconscient collectif les peurs de notre temps. Dans la lignee de Caet d'Insomnie, un tres grand King.",334.0,Dreamcatcher,100,3.0,134.0,R,Warner Bros. Entertainment | Netflix,"Drama,Horror,Sci-Fi",100927.0,5.5,0
129,Escape to Witch Mountain,Alexander Key,1968,Race to Witch Mountain,2009,2005_2009,Horror,medium,"Escape to Witch Mountain (1968), Alexander Key",Race to Witch Mountain (2009),https://en.wikipedia.org/wiki/List_of_fiction_works_made_into_feature_films_(D%E2%80%93J),3.88,70.0,14.0,,1.0,,0.0,Escape to Witch Mountain,100,3.0,98.0,PG,Netflix | Fórum Hungary | Walt Disney Studios Motion Pictures,"Action,Adventure,Family",66024.0,5.7,0
130,Carrie,Stephen King,1974,Carrie,2013,2010_2014,Horror,medium,"Carrie (1974), Stephen King",Carrie (2013),"https://en.wikipedia.org/wiki/List_of_fiction_works_made_into_feature_films_(0%E2%80%939,_A%E2%80%93C)",3.93,1972.0,310.0,290.0,0.0,"Carrie knew she should not use the terrifying power she possessed... But one night at her senior prom, Carrie was scorned and humiliated just one time too many, and in a fit of uncontrollable fury she turned her clandestine game into a weapon of horror and destruction...",271.0,Carrie,100,10.0,100.0,R,Sony Pictures | Netflix,"Drama,Horror,Thriller",155269.0,5.8,0
131,Cell,Stephen King,2006,Cell,2016,2015_2019,Horror,medium,"Cell (2006), Stephen King",Cell (2016),"https://en.wikipedia.org/wiki/List_of_fiction_works_made_into_feature_films_(0%E2%80%939,_A%E2%80%93C)",3.64,147949.0,3869.0,449.0,0.0,"Witness Stephen King's triumphant, blood-spattered return to the genre that made him famous. Cell, the king of horror's homage to zombie films (the book is dedicated in part to George A. Romero) is his goriest, most horrific novel in years, not to mention the most intensely paced. Casting aside his love of elaborate character and town histories and penchant for delayed gratification, King yanks readers off their feet within the first few pages; dragging them into the fray and offering no chance catch their breath until the very last page. In CellKing taps into readers fears of technological warfare and terrorism. Mobile phones deliver the apocalypse to millions of unsuspecting humans by wiping their brains of any humanity, leaving only aggressive and destructive impulses behind. Those without cell phones, like illustrator Clayton Riddell and his small band of ""normies,"" must fight for survival, and their journey to find Clayton's estranged wife and young son rockets the book toward resolution. 
Fans that have followed King from the beginning will recognize and appreciate Cellas a departure--King's writing has not been so pure of heart and free of hang-ups in years (wrapping up his phenomenal Dark Tower series and receiving a medal from the National Book Foundation doesn't hurt either). ""Retirement"" clearly suits King, and lucky for us, having nothing left to prove frees him up to write frenzied, juiced-up horror-thrillers like Cell.",1456.0,Cell,100,7.0,98.0,R,Netflix | Saban Capital Group,"Action,Adventure,Horror",32922.0,4.5,0
132,Dracula,Bram Stoker,1897,Nosferatu,2024,2020_2024,Horror,medium,"Dracula (1897), Bram Stoker",Nosferatu (2024),https://en.wikipedia.org/wiki/List_of_fiction_works_made_into_feature_films_(D%E2%80%93J),3.98,8731.0,363.0,,0.0,"'Alone with the dead! I dare not go out, for I can hear the low howl of the wolf through the broken window'
When Jonathan Harker visits Transylvania to help Count Dracula with the purchase of a London house, he makes horrifying discoveries about his client and his castle. Soon afterwards, a number of disturbing incidents unfold in England: an unmanned ship is wrecked at Whitby; strange puncture marks appear on a young woman's neck; and the inmate of a lunatic asylum raves about the imminent arrival of his 'Master'. In the ensuing battle of wits between the sinister Count Dracula and a determined group of adversaries, Bram Stoker created a masterpiece of the horror genre, probing deeply into questions of human identity and sanity, and illuminating dark corners of Victorian sexuality and desire.",804.0,Dracula,100,12.0,132.0,R,Focus Features | UIP-Dunafilm,"Fantasy,Horror,Mystery",261896.0,7.1,0
133,The Dead Zone,Stephen King,1979,The Dead Zone,1983,1980_1984,Horror,medium,"The Dead Zone (1979), Stephen King",The Dead Zone (1983),https://en.wikipedia.org/wiki/List_of_fiction_works_made_into_feature_films_(D%E2%80%93J),3.9,134638.0,1840.0,402.0,0.0,"Also see: Alternate Cover Editions for this ISBN [ACE] 
-

Johnny, the small boy who skated at breakneck speed into an accident that for one horrifying moment plunged him into The Dead Zone.
Johnny Smith, the small-town schoolteacher who spun the wheel of fortune and won a four-and-a-half-year trip into The Dead Zone.
John Smith, who awakened from an interminable coma with an accursed power--the power to see the future and the terrible fate awaiting mankind in The Dead Zone.
~",483.0,The Dead Zone,100,10.0,103.0,R,Paramount Pictures | Netflix,"Drama,Fantasy,Thriller",84135.0,7.2,0
134,Demons,Fyodor Dostoyevsky,1872,The Possessed,1988,1985_1989,Horror,medium,"Demons (Russian: Бесы, romanized: Bésy, IPA: [ˈbʲe.sɨ]) (1872), Fyodor Dostoyevsky",The Possessed (1988),https://en.wikipedia.org/wiki/List_of_fiction_works_made_into_feature_films_(D%E2%80%93J),3.52,40.0,5.0,251.0,1.0,,0.0,Demons,100,2.0,116.0,,Gaumont,Drama,726.0,6.2,0
135,Evil Angels,Pascal Bruckner,1981,Bitter Moon,1992,1990_1994,Horror,medium,"Evil Angels (French: Lunes de fiel) (1981), Pascal Bruckner",Bitter Moon (1992),https://en.wikipedia.org/wiki/List_of_fiction_works_made_into_feature_films_(D%E2%80%93J),5.0,3.0,1.0,,0.0,,0.0,Evil Angel,95,9.0,139.0,R,Netflix,"Drama,Romance,Thriller",45998.0,7.2,0
136,She Who Was No More,Pierre Boileau and Thomas Narcejac,1952,Diabolique,1996,1995_1999,Horror,medium,"She Who Was No More (French: Celle qui n'était plus) (1952), Pierre Boileau and Thomas Narcejac",Diabolique (1996),https://en.wikipedia.org/wiki/List_of_fiction_works_made_into_feature_films_(S%E2%80%93Z),3.69,11.0,3.0,,0.0,"Every Saturday evening, travelling salesman Ferdinand Ravinel returns to his wife, Mireille, who waits patiently for him at home. But Ferdinand has another lover, Lucienne, an ambitious doctor, and together the adulterers have devised a murderous plan.
Drugging Mireille, the pair drown her in a bathtub, but in the morning, before the ""accidental"" death can be discovered, the corpse is gone--so begins the unraveling of Ferdinand's plot, and his sanity...
This classic of French noir fiction was adapted for the screen by Henri-Georges Clouzot as Les Diaboliques(The Devils), starring Simone Signoret and Vera Clouzot, the film which in turn inspired Alfred Hitchcock's Psycho. A second movie version, Diabolique, followed in 1996, starring Sharon Stone.
From the Trade Paperback edition.",790.0,She Who Was No More,100,3.0,107.0,R,Warner Bros. Entertainment | Netflix,"Drama,Horror,Mystery",16328.0,5.5,0
137,Exit Wounds,John Westermann,1990,Exit Wounds,2001,2000_2004,Horror,medium,"Exit Wounds (1990), John Westermann",Exit Wounds (2001),https://en.wikipedia.org/wiki/List_of_fiction_works_made_into_feature_films_(D%E2%80%93J),,,,,,,,,0,3.0,101.0,R,Warner Bros. Entertainment | Netflix,"Action,Crime,Thriller",38515.0,5.6,0
138,The Amityville Horror,Jay Anson,1977,The Amityville Horror,2005,2005_2009,Horror,medium,"The Amityville Horror (1977), Jay Anson",The Amityville Horror (2005),"https://en.wikipedia.org/wiki/List_of_fiction_works_made_into_feature_films_(0%E2%80%939,_A%E2%80%93C)",3.82,82759.0,1307.0,315.0,0.0,"On December 18, 1975, a young family of five moved into their new home, complete with finished basement, swimming pool, and boathouse. Twenty-eight days later, they fled in terror, leaving most of their belongings behind. -- The fantastic story of their experiences was widely publicized on network television, newspapers, and national magazines. But the Lutz family never disclosed the full details to the media. Now, their own carefully-reconstructed memories -- and independent interviews with local clergy and police -- reveal their entire harrowing story.
George and Kathleen Lutz were aware that the house had been the scene of a mass murder -- Ronnie DeFeo, 23, was convicted of shooting his parents, brothers, and sisters. But it seemed an ideal home for them and their three children, and the price was right. On the day they moved in, a priest invited to bless the house was told by an unseen voice to ""Get out!"" At his rectory, he began to suffer a series of inexplicable afflictions. Meanwhile, alone in their new home, the Lutz family were embarking on the most terrifying experience of their lives. It began when their five-year-old daughter boasted of her new playmate, someone -- or something -- named ""Jodie.""
THE AMITYVILLE HORROR is an unforgettable book with all the shocks and gripping suspense of THE EXORCIST, THE OMEN, or ROSEMARY'S BABY -- but with one vital difference! As the author reports, ""To the extent that I can verify them, all the events in this book are true.""",1496.0,The Amityville Horror,100,4.0,90.0,R,Metro-Goldwyn-Mayer | Netflix,Horror,122388.0,5.9,0
139,The Ghost,Robert Harris,2007,The Ghost Writer,2010,2010_2014,Horror,medium,"The Ghost (2007), Robert Harris",The Ghost Writer (2010),https://en.wikipedia.org/wiki/List_of_fiction_works_made_into_feature_films_(D%E2%80%93J),3.68,7933.0,689.0,384.0,0.0,"The stunning new novel from the No. 1 bestselling author of Fatherland; Enigma; Archangel; Pompeiiand Imperium.
""The moment I heard how McAra died I should have walked away. I can see that now. I should have said, 'Rick, I'm sorry, this isn't for me, I don't like the sound of it,' finished my drink and left. But he was such a good storyteller, Rick -- I often thought he should have been the writer and I the agent -- that once he'd started talking there was never any question I wouldn't listen, and by the time he had finished, I was done for.""
After five books set firmly in the past, Robert Harris returns with a contemporary novel that brings the reader face to face with some of the biggest issues of our time -- the result is a gripping and genuinely thrilling read.",775.0,The Ghost,100,2.0,128.0,PG-13,Fórum Hungary | Pathé Distribution,"Crime,Drama,Mystery",176409.0,7.2,0
140,Doctor Sleep,Stephen King,2013,Doctor Sleep,2019,2015_2019,Horror,medium,"Doctor Sleep (2013), Stephen King",Doctor Sleep (2019),https://en.wikipedia.org/wiki/List_of_fiction_works_made_into_feature_films_(D%E2%80%93J),4.1,98088.0,11885.0,531.0,1.0,"Stephen King returns to the characters and territory of one of his most popular novels ever, The Shining, in this instantly riveting novel about the now middle-aged Dan Torrance (the boy protagonist of The Shining) and the very special 12-year-old girl he must save from a tribe of murderous paranormals.
On highways across America, a tribe of people called The True Knot travel in search of sustenance. They look harmless - mostly old, lots of polyester, and married to their RVs. But as Dan Torrance knows, and spunky 12-year-old Abra Stone learns, The True Knot are quasi-immortal, living off the ""steam"" that children with the ""shining"" produce when they are slowly tortured to death.
Haunted by the inhabitants of the Overlook Hotel where he spent one horrific childhood year, Dan has been drifting for decades, desperate to shed his father's legacy of despair, alcoholism, and violence. Finally, he settles in a New Hampshire town, an AA community that sustains him, and a job at a nursing home where his remnant ""shining"" power provides the crucial final comfort to the dying. Aided by a prescient cat, he becomes ""Doctor Sleep.""
Then Dan meets the evanescent Abra Stone, and it is her spectacular gift, the brightest shining ever seen, that reignites Dan's own demons and summons him to a battle for Abra's soul and survival. This is an epic war between good and evil, a gory, glorious story that will thrill the millions of hyper-devoted fans of The Shining and wildly satisfy anyone new to the territory of this icon in the King canon.",1545.0,Doctor Sleep,100,10.0,152.0,R,Warner Bros. Entertainment | InterCom,"Drama,Fantasy,Horror",243437.0,7.3,0
141,Firestarter,Stephen King,1980,Firestarter,2022,2020_2024,Horror,medium,"Firestarter (1980), Stephen King",Firestarter (2022),https://en.wikipedia.org/wiki/List_of_fiction_works_made_into_feature_films_(D%E2%80%93J),3.85,145067.0,1431.0,416.0,0.0,"First, a man and a woman are subjects of a top-secret government experiment designed to produce extraordinary psychic powers.
Then, they are married and have a child. A daughter.
Early on the daughter shows signs of a wild and horrifying force growing within her. Desperately, her parents try to train her to keep that force in check, to ""act normal.""
Now the government wants its brainchild back - for its own insane ends.",423.0,Firestarter,100,5.0,94.0,R,Universal Pictures | UIP-Dunafilm,"Drama,Horror,Sci-Fi",25477.0,4.6,0
142,A Christmas Gift,Glendon Swarthout,1977,Kelly & Dolly: A Christmas to Remember,1984,1980_1984,Historical_Biography,medium,"A Christmas Gift (a. k. a. The Melodeon) (1977), Glendon Swarthout",Kelly & Dolly: A Christmas to Remember (1984),"https://en.wikipedia.org/wiki/List_of_fiction_works_made_into_feature_films_(0%E2%80%939,_A%E2%80%93C)",3.56,1792.0,153.0,,0.0,,0.0,A Christmas Gift,100,,,,,,,,0
143,Empire of the Sun,J. G. Ballard,1984,Empire of the Sun,1987,1985_1989,Historical_Biography,medium,"Empire of the Sun (1984), J. G. Ballard",Empire of the Sun (1987),https://en.wikipedia.org/wiki/List_of_fiction_works_made_into_feature_films_(D%E2%80%93J),,,,,0.0,,0.0,"امپراتوری خورشید (Empire of the Sun, #1)",94,12.0,153.0,PG,Warner Bros. Entertainment | Netflix,"Drama,War",142228.0,7.7,0
144,A Certain Mr. Takahashi,Ann Ireland,1985,The Pianist,1991,1990_1994,Historical_Biography,medium,"A Certain Mr. Takahashi (1985), Ann Ireland",The Pianist (1991),"https://en.wikipedia.org/wiki/List_of_fiction_works_made_into_feature_films_(0%E2%80%939,_A%E2%80%93C)",,,,,,,,,0,1.0,112.0,,Netflix | Filmoption International,Romance,151.0,4.9,0
145,Random Hearts,Warren Adler,1984,Random Hearts,1999,1995_1999,Historical_Biography,medium,"Random Hearts (1984), Warren Adler",Random Hearts (1999),https://en.wikipedia.org/wiki/List_of_fiction_works_made_into_feature_films_(K%E2%80%93R),,,,,,,,,0,10.0,133.0,R,Columbia Pictures | Netflix,"Drama,Mystery,Romance",25299.0,5.4,0
146,Charlotte Gray,Sebastian Faulks,1999,Charlotte Gray,2001,2000_2004,Historical_Biography,medium,"Charlotte Gray (1999), Sebastian Faulks",Charlotte Gray (2001),"https://en.wikipedia.org/wiki/List_of_fiction_works_made_into_feature_films_(0%E2%80%939,_A%E2%80%93C)",3.79,7494.0,353.0,401.0,1.0,"From the bestselling author of Birdsongcomes Charlotte Gray, the remarkable story of a young Scottish woman who becomes caught up in the effort to liberate Occupied France from the Nazis while pursuing a perilous mission of her own.
In blacked-out, wartime London, Charlotte Gray develops a dangerous passion for a battle-weary RAF pilot, and when he fails to return from a daring flight into France she is determined to find him. In the service of the Resistance, she travels to the village of Lavaurette, dyeing her hair and changing her name to conceal her identity. Here she will come face-to-face with the harrowing truth of what took place during Europe's darkest years, and will confront a terrifying secret that threatens to cast its shadow over the remainder of her days. Vividly rendered, tremendously moving, and with a narrative sweep and power reminiscent of his novel Birdsong, Charlotte Grayconfirms Sebastian Faulks as one of the finest novelists working today.",977.0,Charlotte Gray,100,12.0,121.0,PG-13,Warner Bros. Entertainment | Netflix,"Drama,Romance,Thriller",13686.0,6.4,0
147,A History of Violence,John Wagner,1997,A History of Violence,2005,2005_2009,Historical_Biography,medium,"A History of Violence (1997), John Wagner",A History of Violence (2005),https://en.wikipedia.org/wiki/List_of_fiction_works_made_into_feature_films_(D%E2%80%93J),3.44,42.0,8.0,304.0,0.0,"It was just another quiet day at McKenna's Diner--until a couple of wanted killers walked in looking for trouble. Instead, they got bullets, and Tom McKenna got to be an instant media celebrity. That got him a lot of attention from some people he thought
he'd escaped long ago. The kind of people who never forget a face--even after twenty years...
Now Tom must confront a group of cold-blooded mobsters intent on settling the score. As much as he tries to deny it, he's a man with a history of violence--and with the lives of his family hanging in the balance, he'll do anything to make sure his secret
past stays buried...forever.",632.0,A History of Violence,100,9.0,96.0,R,Netflix | InterCom,"Action,Crime,Drama",271733.0,7.4,0
148,War Horse,Michael Morpurgo,1982,War Horse,2011,2010_2014,Historical_Biography,medium,"War Horse (1982), Michael Morpurgo",War Horse (2011),https://en.wikipedia.org/wiki/List_of_fiction_works_made_into_feature_films_(S%E2%80%93Z),4.13,53.0,2.0,,1.0,"Joey is a warhorse, but he wasn't always. Once, he was a farm horse and a gentle boy named Albert was his master. Then World War I came storming through and everything changed. Albert's father sells Joey to the army where the beautiful, red-bay horse is trained to charge the enemy, drag heavy artillery, and carry wounded soldiers not much older than Albert off of battlefields. Amongst the clamoring of guns and slogging through the cold mud, Joey wonders if the war will ever end. And if it does, will he ever find Albert again?",531.0,War Horse,100,12.0,146.0,PG-13,Netflix | Walt Disney Studios Motion Pictures,"Adventure,Drama,History",172556.0,7.2,0
149,Father of the Bride,Edward Streeter,1949,Father of the Bride,2022,2020_2024,Historical_Biography,medium,"Father of the Bride (1949), Edward Streeter",Father of the Bride (2022),https://en.wikipedia.org/wiki/List_of_fiction_works_made_into_feature_films_(D%E2%80%93J),3.65,26.0,6.0,244.0,0.0,,0.0,Father of the Bride.,100,7.0,117.0,PG-13,HBO Max,"Comedy,Drama,Romance",14794.0,5.9,0
150,Fire on the Mountain,Edward Abbey,1962,Fire on the Mountain,1981,1980_1984,Historical_Biography,medium,"Fire on the Mountain (1962), Edward Abbey",Fire on the Mountain (1981),https://en.wikipedia.org/wiki/List_of_fiction_works_made_into_feature_films_(D%E2%80%93J),3.8,43.0,3.0,,0.0,,0.0,Fire on the Mountain,100,11.0,,,,,,,0
151,The Chocolate War,Robert Cormier,1974,The Chocolate War,1988,1985_1989,Historical_Biography,medium,"The Chocolate War (1974), Robert Cormier",The Chocolate War (1988),"https://en.wikipedia.org/wiki/List_of_fiction_works_made_into_feature_films_(0%E2%80%939,_A%E2%80%93C)",3.48,193.0,5.0,,1.0,"Does Jerry Renault dare to disturb the universe? You wouldn't think that his refusal to sell chocolates during his school's fundraiser would create such a stir, but it does; it's as if the whole school comes apart at the seams. To some, Jerry is a hero, but to others, he becomes a scapegoat--a target for their pent-up hatred. And Jerry? He's just trying to stand up for what he believes, but perhaps there is no way for him to escape becoming a pawn in this game of control; students are pitted against other students, fighting for honor--or are they fighting for their lives? In 1974, author Robert Cormier dared to disturb our universe when this book was first published. And now, with a new introduction by the celebrated author, The Chocolate Warstands ready to shock a new group of teen readers.",802.0,The Chocolate War,100,11.0,104.0,R,,Drama,2621.0,6.6,0
152,Howards End,E. M. Forster,1910,Howards End,1992,1990_1994,Historical_Biography,medium,"Howards End (1910), E. M. Forster",Howards End (1992),https://en.wikipedia.org/wiki/List_of_fiction_works_made_into_feature_films_(D%E2%80%93J),3.95,918.0,73.0,,0.0,"One of Forster's masterpieces, this book is about three families in England at the beginning of the 20th century. The families represent different gradations of the Edwardian middle class: the Wilcoxes, who are rich capitalists with a fortune made in the Colonies; the half-German Schlegel siblings (Margaret, Tibby & Helen), who represent the intellectual bourgeoisie & have a lot in common with the real-life Bloomsbury Group; & the Basts, a couple who are struggling members of the lower-middle class. The Schlegel sisters try to help the poor Basts & try to make the Wilcoxes less prejudiced.",596.0,Howards End,100,3.0,142.0,PG,Netflix | InterCom,"Drama,Romance",38480.0,7.3,0
153,The Incredible Journey,Sheila Burnford,1961,Homeward Bound II: Lost in San Francisco,1996,1995_1999,Historical_Biography,medium,"The Incredible Journey (1961), Sheila Burnford",Homeward Bound II: Lost in San Francisco (1996),https://en.wikipedia.org/wiki/List_of_fiction_works_made_into_feature_films_(D%E2%80%93J),4.16,149.0,5.0,,0.0,"Instinct told them that the way home lay to the west. And so the doughty young Labrador retriever, the roguish bull terrier and the indomitable Siamese set out through the Canadian wilderness. Separately, they would soon have died. But, together, the three house pets faced starvation, exposure, and wild forest animals to make their way home to the family they love. The Incredible Journeyis one of the great children's stories of all time--and has been popular ever since its debut in 1961.",492.0,The Incredible Journey,100,3.0,88.0,G,Netflix | InterCom | Disney+,"Adventure,Comedy,Family",17245.0,5.9,0
154,Hart's War,John Katzenbach,1999,Hart's War,2002,2000_2004,Historical_Biography,medium,"Hart's War (1999), John Katzenbach",Hart's War (2002),https://en.wikipedia.org/wiki/List_of_fiction_works_made_into_feature_films_(D%E2%80%93J),3.94,812.0,55.0,,0.0,"Second Lieutenant Tommy Hart, a navigator whose B-25 was shot out of the sky in 1942, is burdened with guilt as the only surviving member of his crew. Now he is just another POW at the fiercely guarded Stalag Luft 13 in Bavaria.
Then routine comes to a halt with the arrival of a new prisoner: First Lieutenant Lincoln Scott, an African American Tuskegee airman who instantly becomes the target of contempt from his fellow soldiers. When a prisoner is brutally murdered, and all the blood-soaked evidence points to Scott, Hart is tapped to defend the soldier. In a trial rife with racial tension and raw conflict, where the lines between ally and enemy blur, there are those with their own secret motives, and a burning passion for a rush to judgment, no matter what the cost.
From the Paperback edition.",804.0,Hart's War,100,2.0,125.0,R,Netflix | InterCom,"Drama,War",57689.0,6.4,0
155,All the King's Men,Robert Penn Warren,1946,All the King's Men,2006,2005_2009,Historical_Biography,medium,"All the King's Men (1946), Robert Penn Warren",All the King's Men (2006),"https://en.wikipedia.org/wiki/List_of_fiction_works_made_into_feature_films_(0%E2%80%939,_A%E2%80%93C)",4.08,1005.0,130.0,,0.0,"More than just a classic political novel, Warren's tale of power and corruption in the Depression-era South is a sustained meditation on the unforeseen consequences of every human act, the vexing connectedness of all people and the possibility--it's not much of one--of goodness in a sinful world. Willie Stark, Warren's lightly disguised version of Huey Long, the onetime Louisiana strongman/governor, begins as a genuine tribune of the people and ends as a murderous populist demagogue. Jack Burden is his press agent, who carries out the boss's orders, first without objection, then in the face of his own increasingly troubled conscience. And the politics? For Warren, that's simply the arena most likely to prove that man is a fallen creature. Which it does.",763.0,All the King's Men,100,9.0,128.0,PG-13,Columbia Pictures | Netflix,"Drama,Thriller",26539.0,6.1,0
156,The Fake Fusé: Satomi Hakkenden,Kazuki Sakuraba,2010,"Fusé: Memoirs of the Hunter Girl (伏 鉄砲娘の捕物帳, Fusé: Teppō Musume no Torimonochō)",2012,2010_2014,Historical_Biography,medium,"The Fake Fusé: Satomi Hakkenden (伏 贋作・里見八犬伝, Fusé Gansaku: Satomi Hakkenden) (2010), Kazuki Sakuraba","Fusé: Memoirs of the Hunter Girl (伏 鉄砲娘の捕物帳, Fusé: Teppō Musume no Torimonochō) (2012)",https://en.wikipedia.org/wiki/List_of_fiction_works_made_into_feature_films_(D%E2%80%93J),,,,,,,,,0,,,,,,,,0
157,The War of the Worlds,H. G. Wells,1898,War of the Worlds: The Attack,2023,2020_2024,Historical_Biography,medium,"The War of the Worlds (1898), H. G. Wells",War of the Worlds: The Attack (2023),https://en.wikipedia.org/wiki/List_of_fiction_works_made_into_feature_films_(S%E2%80%93Z),3.8,1777.0,167.0,199.0,0.0,"'For countless centuries Mars has been the star of war'
The night after a shooting star is seen streaking through the sky from Mars, a cylinder is discovered on Horsell Common near London. At first, naive locals approach the cylinder armed just with a white flag - only to be quickly killed by an all-destroying heat-ray as terrifying tentacled invaders emerge. Soon the whole of human civilization is under threat, as powerful Martians build gigantic killing machines, destroy all in their path with black gas and burning rays, and feast on the warm blood of trapped, still-living human prey. The forces of the Earth, however, may prove harder to beat than they at first appear.
The first modern tale of alien invasion, The War of the Worldsremains one of the most influential of all science-fiction works. Part of a brand-new Penguin series of H.G. Wells's works, this edition includes a newly established text, a full biographical essay on Wells, a further reading list and detailed notes. The introduction, by Brian Aldiss, considers the novel's view of religion and society.",1079.0,The War of the Worlds,100,4.0,85.0,,,"Horror,Sci-Fi,Thriller",3597.0,3.2,0
158,Six Weeks,Fred Mustard Stewart,1976,Six Weeks,1982,1980_1984,Historical_Biography,medium,"Six Weeks (1976), Fred Mustard Stewart",Six Weeks (1982),https://en.wikipedia.org/wiki/List_of_fiction_works_made_into_feature_films_(S%E2%80%93Z),3.45,57.0,6.0,202.0,0.0,,0.0,Six Weeks,100,12.0,107.0,PG,Universal Pictures,Drama,1160.0,5.6,0
159,The War of the Roses,Warren Adler,1981,The War of the Roses,1989,1985_1989,Historical_Biography,medium,"The War of the Roses (1981), Warren Adler",The War of the Roses (1989),https://en.wikipedia.org/wiki/List_of_fiction_works_made_into_feature_films_(S%E2%80%93Z),3.95,32.0,5.0,,0.0,,0.0,War of the Roses,100,12.0,116.0,R,20th Century Studios | Netflix | Fandango at Home,"Comedy,Romance",62541.0,6.9,0
160,Nineteen Eighty-Four,George Orwell,1949,1984,1984,1980_1984,Family_Children_YA,medium,"Nineteen Eighty-Four (1949), George Orwell",1984 (1956),https://en.wikipedia.org/wiki/List_of_fiction_works_made_into_feature_films_(K%E2%80%93R),4.14,247.0,4.0,,0.0,"Winston Smith is a low-rung member of the Party, the ruling government of Oceania. He works in the Ministry of Truth, the Party's propoganda arm, where he is in charge of revising history. He is but a small brick in the pyramid that is the Party, at the head of which stands Big Brother. Big Brother the infallible. Big Brother the all-powerful. In a totalitarian society, where individuality is suppressed and freedom of thought has its antithesis in the Thought Police, Winston finds respite in the company of Julia. Originality of thought awakens, love bloosoms and hope is rekindled. But what they don't know is that Big Brother is always watching...",654.0,Nineteen Eighty-Four,100,,113.0,,,"Drama,Sci-Fi",87632.0,7.0,0
161,"Danny, the Champion of the World",Roald Dahl,1975,"Danny, the Champion of the World",1989,1985_1989,Family_Children_YA,medium,"Danny, the Champion of the World (1975), Roald Dahl","Danny, the Champion of the World (1989)",https://en.wikipedia.org/wiki/List_of_fiction_works_made_into_feature_films_(D%E2%80%93J),4.07,183.0,21.0,173.0,0.0,"Phizzwhizzing new cover look and branding for the World's NUMBER ONE Storyteller!
Danny lives in a gipsy caravan with his father, the most marvellous and exciting father any boy ever had.
All the land around them belongs to Mr Victor Hazell, a rich snob with a great glistening beery face and tiny piggy eyes. Nobody likes him, not one-little bit.
So one day, Danny and his father concoct a daring plot that will give the old blue-faced baboon Victor Hazell the greatest shock of his life - so long as they don't get caught ...
Now you can listen to DANNY THE CHAMPION OF THE WORLD and other Roald Dahl audiobooks read by some very famous voices, including Kate Winslet, David Walliams and Steven Fry - plus there are added squelchy soundeffects from Pinewood Studios!",768.0,Danny the Champion of the World,100,7.0,,,Thames Television,,,,0
162,Trinity's Child,William Prochnau,1983,By Dawn's Early Light,1990,1990_1994,Family_Children_YA,medium,"Trinity's Child (1983), William Prochnau",By Dawn's Early Light (1990),https://en.wikipedia.org/wiki/List_of_fiction_works_made_into_feature_films_(S%E2%80%93Z),3.83,63.0,7.0,400.0,0.0,"Librarian's Note: this is an alternate published edition with the ISBN 10: 0722170335
Kazaklis and Moreau had flown countless missions together aboard their B-52, simulating nuclear bombing runs in anticipation of the doomsday command that somehow never came.
There had been false alarms, of course: computer malfunctions, straying airliners, even flocks of geese showing up on radar as inbound waves of missiles. But by a miracle no-one had taken that final, irrevocable step. Until now.",488.0,Trinity's Child,100,5.0,,PG,,,,,0
163,Bless the Child,Cathy Cash Spellman,1993,Bless the Child,2000,2000_2004,Family_Children_YA,medium,"Bless the Child (1993), Cathy Cash Spellman",Bless the Child (2000),"https://en.wikipedia.org/wiki/List_of_fiction_works_made_into_feature_films_(0%E2%80%939,_A%E2%80%93C)",3.77,14.0,3.0,481.0,0.0,"Still a young woman, Maggie O'Connor is not ready to be a grandmother, and her daughter Jenna is definitely not ready to be a mother to Cody, the baby she thrusts into Maggie's arms before she leaves town. When Jenna returns--addicted to drugs and caught in a satanic cult hell-bent on using Cody as a human sacrifice--only Maggie's faith can save her granddaughter's life.",373.0,Bless the Child,100,8.0,107.0,R,Paramount Pictures | Netflix | Amazon Prime Video,"Crime,Drama,Horror",15957.0,5.1,0
164,Bridge to Terabithia,Katherine Paterson,1977,Bridge to Terabithia,2007,2005_2009,Family_Children_YA,medium,"Bridge to Terabithia (1977), Katherine Paterson",Bridge to Terabithia (2007),"https://en.wikipedia.org/wiki/List_of_fiction_works_made_into_feature_films_(0%E2%80%939,_A%E2%80%93C)",3.98,343901.0,7742.0,143.0,0.0,"Jess Aarons' greatest ambition is to be the fastest runner in his grade. He's been practicing all summer and can't wait to see his classmates' faces when he beats them all. But on the first day of school, a new girl boldly crosses over to the boys' side and outruns everyone.
That's not a very promising beginning for a friendship, but Jess and Leslie Burke become inseparable. Together they create Terabithia, a magical kingdom in the woods where the two of them reign as king and queen, and their imaginations set the only limits.",532.0,Bridge to Terabithia,100,2.0,96.0,PG,Netflix | Moviemax | Disney+,"Drama,Family,Fantasy",189976.0,7.2,0
165,Avalon High,Meg Cabot,2005,Avalon High,2010,2010_2014,Family_Children_YA,medium,"Avalon High (2005), Meg Cabot",Avalon High (2010),"https://en.wikipedia.org/wiki/List_of_fiction_works_made_into_feature_films_(0%E2%80%939,_A%E2%80%93C)",3.8,37740.0,1841.0,,0.0,"To newcomer Ellie, Avalon High seems like a typical American high school, complete with jocks, nerds, cheerleaders, and even the obligatory senior class president, quarterback, and all-around good guy. But it doesn't take Ellie long to suspect that something weird is going on beneath the glossy surface of this tranquil hall of learning. As she pieces together the meaning of this unfolding drama, she begins to recognize some haunting Arthurian echoes, causing her to worry that she has become just a pawn in mythic history. A powerful novel by the author of The Princess Diaries.",582.0,Avalon High,100,1.0,,G,,,,,0
166,The BFG,Roald Dahl,1982,The BFG,2016,2015_2019,Family_Children_YA,medium,"The BFG (1982), Roald Dahl",The BFG (2016),"https://en.wikipedia.org/wiki/List_of_fiction_works_made_into_feature_films_(0%E2%80%939,_A%E2%80%93C)",,,,,,,,,0,6.0,117.0,PG,Walt Disney Studios Motion Pictures | Lionsgate Canada,"Adventure,Family,Fantasy",98984.0,6.3,0
167,Charlie and the Chocolate Factory,Roald Dahl,1964,Wonka,2023,2020_2024,Family_Children_YA,medium,"Charlie and the Chocolate Factory (1964), Roald Dahl",Wonka (2023),"https://en.wikipedia.org/wiki/List_of_fiction_works_made_into_feature_films_(0%E2%80%939,_A%E2%80%93C)",4.11,975.0,66.0,161.0,1.0,"""The Adventures of Four Nasty Children and Our Hero with Mr. Willy Wonka and His Famous Candy Plant""Roald Dahl. Charlie and the Chocolate Factory. New York: Alfred A. Knopf, [1964].
First edition (the American edition preceded the English edition by three years), first issue (with the six-line colophon). Octavo. 161 pages. Illustrated by Joseph Schindelman
When Charlie Bucket finds himself the proud winner of a Golden Ticket in a chocolate bar, he knows he has the greatest treat in the world in store for him. Join Charlie on his fantastic world-famous adventures in Willy Wonka's miraculous chocolate factory, where he sees strawberry-juice water pistols, luminous lollipops, a chocolate river, and rainbow drops and has the time of his life.Performed by Eric Idle.",771.0,Charlie and the Chocolate Factory,100,12.0,116.0,PG,Warner Bros. Entertainment | InterCom | Warner Bros. Pictures,"Adventure,Comedy,Family",191530.0,6.9,1
168,The Outsiders,S. E. Hinton,1967,The Outsiders,1983,1980_1984,Family_Children_YA,medium,"The Outsiders (1967), S. E. Hinton",The Outsiders (1983),https://en.wikipedia.org/wiki/List_of_fiction_works_made_into_feature_films_(K%E2%80%93R),4.06,673887.0,21324.0,192.0,0.0,"According to Ponyboy, there are two kinds of people in the world: greasers and socs. A soc (short for ""social"") has money, can get away with just about anything, and has an attitude longer than a limousine. A greaser, on the other hand, always lives on the outside and needs to watch his back. Ponyboy is a greaser, and he's always been proud of it, even willing to rumble against a gang of socs for the sake of his fellow greasers--until one terrible night when his friend Johnny kills a soc. The murder gets under Ponyboy's skin, causing his bifurcated world to crumble and teaching him that pain feels the same whether a soc or a greaser.",641.0,The Outsiders,100,3.0,91.0,PG,Warner Bros. Entertainment | Netflix,"Crime,Drama",108830.0,7.0,0
169,Family Business,Vincent Patrick,1985,Family Business,1989,1985_1989,Family_Children_YA,medium,"Family Business (1985), Vincent Patrick",Family Business (1989),https://en.wikipedia.org/wiki/List_of_fiction_works_made_into_feature_films_(D%E2%80%93J),4.43,219.0,10.0,,1.0,"By day, the Duncans are an upstanding family who run a thriving car dealership in Queens. By night, they live a dangerous secret life! Carl Weber and Eric Pete deliver a thrilling underworld drama in The Family Business. L.C. Duncan, patriarch of the family, is at the age when he s starting to think about retirement in sunny Florida. But the recession is taking a bite out of the business and, worrying more, he has to decide which of his children should take over. When his workaholic son Orlando gets the nod, Orlando s siblings including the favorite son Vegas, conniving daughter London, glamorous party girl Paris and flamboyant nightclub owner Rio are up in arms. But so are the Zunigas, a rival family whose fragile business alliance with the Duncans may explode at any moment. When Vegas suddenly breaks away from the family, London s lawyer husband, Harris, makes a play for the company and all hell breaks loose. Selling cars, it turns out, is only a small part of the Duncans family business. Each member of the family has a secret expertise to reveal. And now, under siege from the Mafia, Mexican drug cartels and the Zunigas, the Duncans will have to stick together or die separately!""",1200.0,The Family Business,100,12.0,110.0,R,TriStar Pictures | Netflix,"Crime,Drama",14867.0,5.8,0
170,Wonder Boys,Michael Chabon,1995,Wonder Boys,2000,2000_2004,Family_Children_YA,medium,"Wonder Boys (1995), Michael Chabon",Wonder Boys (2000),https://en.wikipedia.org/wiki/List_of_fiction_works_made_into_feature_films_(S%E2%80%93Z),3.93,24688.0,1170.0,383.0,0.0,"In his first novel since The Mysteries of Pittsburgh, Chabon presents a hilarious and heartbreaking work--the story of the friendship between the ""wonder boys""--Grady, an aging writer who has lost his way, and Crabtree, whose relentless debauchery is capsizing his career.",272.0,Wonder Boys,100,2.0,107.0,R,Paramount Pictures | Netflix,"Comedy,Drama",68893.0,7.2,0
171,Charlotte's Web,E. B. White,1952,Charlotte's Web,2006,2005_2009,Family_Children_YA,medium,"Charlotte's Web (1952), E. B. White",Charlotte's Web (2006),"https://en.wikipedia.org/wiki/List_of_fiction_works_made_into_feature_films_(0%E2%80%939,_A%E2%80%93C)",4.15,2161.0,44.0,,0.0,"""I don't want to die!
Save me, somebody!
Save me!""
The tale of how a little girl named Fern, with the help of a friendly spider, saved her pig Wilbur from the usual fate of nice fat little pigs.
(From Puffin Books)
An affectionate pig named Wilbur befriends a spider named Charlotte, who lives in the rafters above his pen. In this story of friendship, hardship, and the passing on into time, White reminds readers to open their eyes to the wonder and miracle found in the simplest of things.",492.0,Charlotte's Web,100,12.0,97.0,G,Paramount Pictures,"Adventure,Comedy,Family",49733.0,6.3,0
172,The Adventures of Pinocchio,Carlo Collodi,1883,Pinocchio: A True Story,2022,2020_2024,Family_Children_YA,medium,"The Adventures of Pinocchio (Italian: Le avventure di Pinocchio. Storia di un burattino) (1883), Carlo Collodi",Pinocchio: A True Story (2022),"https://en.wikipedia.org/wiki/List_of_fiction_works_made_into_feature_films_(0%E2%80%939,_A%E2%80%93C)",3.86,279.0,11.0,132.0,0.0,"The old wood-carver Geppetto decides to make a wonderful puppet which can dance & turn somersaults, but by chance he chooses an unusual piece of wood. The finished puppet can talk & misbehave like the liveliest child. But Pinocchio is brave & inquisitive as well as naughty. After some hair-raising adventures, he earns his heart's desire.",339.0,Adventures of Pinocchio,100,12.0,94.0,PG,,"Animation,Family,Fantasy",2008.0,3.2,0
173,The Children of Men,P. D. James,1992,Children of Men,2006,2005_2009,Family_Children_YA,medium,"The Children of Men (1992), P. D. James",Children of Men (2006),"https://en.wikipedia.org/wiki/List_of_fiction_works_made_into_feature_films_(0%E2%80%939,_A%E2%80%93C)",3.69,28529.0,1789.0,,0.0,"In the year 2021, the world is a bleak place where all human males have become sterile, and no child can ever be born again. Civilization is giving way to cruelty and despair, and historian Theo Faron has nearly resigned himself to apathy. Then he is asked to join a band of revolutionaries--a move that may hold the key to humanity's survival.",344.0,The Children of Men,100,9.0,109.0,R,Netflix | UIP-Dunafilm,"Drama,Sci-Fi,Thriller",563208.0,7.9,0
174,Raise the Titanic!,Clive Cussler,1976,Raise the Titanic,1980,1980_1984,Action_Adventure,medium,"Raise the Titanic! (1976), Clive Cussler",Raise the Titanic (1980),https://en.wikipedia.org/wiki/List_of_fiction_works_made_into_feature_films_(K%E2%80%93R),3.96,722.0,22.0,,1.0,,0.0,Raise The Titanic!,100,8.0,115.0,PG,ITC Entertainment,"Action,Adventure,Drama",6116.0,5.2,0
175,Vision Quest,Terry Davis,1979,Vision Quest,1985,1985_1989,Action_Adventure,medium,"Vision Quest (1979), Terry Davis",Vision Quest (1985),https://en.wikipedia.org/wiki/List_of_fiction_works_made_into_feature_films_(S%E2%80%93Z),3.45,58.0,8.0,,0.0,"When Arik Beltran checks into a hotel on business, he expects the tedium of unfamiliar beds and boring meetings. He expects to meet a financial client and be home before the solitude of being a stranger in a mundane land becomes too much to bear.
Instead Arik finds Blaze: a mysterious man with an inner fire that lives up to the name. Nothing in Arik's life, not his deranged father nor even his faint brushes with the magic only Arik can see in the woven web of life could have prepared Arik for the man in the hotel lobby who casually invites Arik to room 1109 for late night ... well, anything at all.
Blaze Zaituc, on the other hand, knows exactly who Arik is and what Arik needs: Blaze. He has crossed land and sea to find the man who has appeared in Blaze's Visions as the next target in the Quest that comprises Blaze's life. Arik is someone for whom the Universe has plans, and Blaze must make sure Arik complies. Or else.
Unaware of the lives and risks hanging in the balance, Arik untangles himself from the sheets in the silent hours of the morning. He wonders if he will find the door to 1109 open and waiting. He's not a risk taker, but this one time, just this once, maybe he'll take a chance...
And seal both his and Blaze's destinies forever.
Note that this book is a free read offered by Less Than Three Press. We are working to price match this book to the $0.00 price offered at other retail locations. All proceeds from this book before Amazon matches the price will be donated to The Point Foundation, an LGBT scholarship foundation that provides financial support to at-risk gay and lesbian students.",1623.0,Vision Quest,100,2.0,107.0,R,Warner Bros. Entertainment,"Drama,Romance,Sport",11617.0,6.7,0
176,Captain Blood: His Odyssey,Rafael Sabatini,1922,Odyssey of Captain Blood,1991,1990_1994,Action_Adventure,medium,"Captain Blood: His Odyssey (1922), Rafael Sabatini",Odyssey of Captain Blood (1991),"https://en.wikipedia.org/wiki/List_of_fiction_works_made_into_feature_films_(0%E2%80%939,_A%E2%80%93C)",,,,,,,,,0,,,,,,,,0
177,A Soldier's Daughter Never Cries,Kaylie Jones,1990,A Soldier's Daughter Never Cries,1998,1995_1999,Action_Adventure,medium,"A Soldier's Daughter Never Cries (1990), Kaylie Jones",A Soldier's Daughter Never Cries (1998),https://en.wikipedia.org/wiki/List_of_fiction_works_made_into_feature_films_(S%E2%80%93Z),4.38,48.0,8.0,,0.0,,0.0,The Soldier's Daughter,75,9.0,127.0,R,October Films,Drama,2557.0,6.8,0
178,Battle Royale,Koushun Takami,1999,Battle Royale,2000,2000_2004,Action_Adventure,medium,"Battle Royale (バトル・ロワイアル, Batoru Rowaiaru) (1999), Koushun Takami",Battle Royale (2000),"https://en.wikipedia.org/wiki/List_of_fiction_works_made_into_feature_films_(0%E2%80%939,_A%E2%80%93C)",4.24,36373.0,2976.0,617.0,0.0,"Koushun Takami's notorious high-octane thriller is based on an irresistible premise: a class of junior high school students is taken to a deserted island where, as part of a ruthless authoritarian program, they are provided arms and forced to kill one another until only one survivor is left standing. Criticized as violent exploitation when first published in Japan - where it then proceeded to become a runaway bestseller - Battle Royale is a Lord of the Flies for the 21st century, a potent allegory of what it means to be young and (barely) alive in a dog-eat-dog world. Made into a controversial hit movie of the same name, Battle Royale is already a contemporary Japanese pulp classic, now available for the first time in the English language.",749.0,Battle Royale,100,12.0,114.0,NR,Netflix | Toei Company,"Action,Drama,Thriller",206424.0,7.5,0
179,Derailed,James Siegel,2003,Derailed,2005,2005_2009,Action_Adventure,medium,"Derailed (2003), James Siegel",Derailed (2005),https://en.wikipedia.org/wiki/List_of_fiction_works_made_into_feature_films_(D%E2%80%93J),3.77,1612.0,161.0,,0.0,"Advertising director Charles Schine is just another New York commuter, regularly catching the 8.43 to work. But the day he misses his train is the day that changes his life. Catching the 9.05 instead, he can't help but be drawn by the sight of the person opposite. Charles has never cheated on his wife in eighteen years of marriage. But then Charles has never met anyone like Lucinda Harris before. Charming, beautiful and a seductively good listener, Charles finds himself instantly attracted. And though Lucinda is married too, it is immediately apparent that the feeling is mutual. Their journeys into work become lunch dates, which become cocktails and eventually lead to a rented room in a seedy hotel. They both know the risks they are taking, but not in their worst nightmares could they foresee what is to follow. Suddenly their temptation turns horrifically sour, and their illicit liaison becomes caught up in something bigger, more dangerous, more brutally violent. Unable to talk to his partner or the police, Charles finds himself trapped in a world of dark conspiracy and psychological games. Somehow he's got to find a way to fight back, or his entire life will be spectacularly derailed for good.",1213.0,Derailed,100,11.0,108.0,R,Netflix | Fórum Hungary | Disney+,"Crime,Drama,Thriller",78815.0,6.6,0
180,Headhunters,Jules Bass,2001,Monte Carlo,2011,2010_2014,Action_Adventure,medium,"Headhunters (2001), Jules Bass",Monte Carlo (2011),https://en.wikipedia.org/wiki/List_of_fiction_works_made_into_feature_films_(D%E2%80%93J),3.79,978.0,98.0,384.0,0.0,"Roger Brown le sait, il est le meilleur chasseur de tetes de Norvege. Utilisant les questionnaires du FBI, il fait subir aux candidats de veritables interrogatoires et ne laisse aucune place au hasard. Mais Roger a une faiblesse : sa splendide femme, Diana, qui lui coute tres cher... Voiture de luxe, vetements de marque, loft immense, galerie d'art et vernissages au champagne, rien n'est trop beau pour elle. Pour financer sa vie privee, il derobe avec l'aide d'un complice des toiles de maitres chez ses clients. Mais le jour ou il decide de voler un Rubens a Clas Greve, pourtant le profil du parfait pigeon, les choses se gatent. De chasseur, Brown devient la proie et le pigeon se revele etre un terrible predateur...",724.0,Headhunters,100,7.0,109.0,PG,20th Century Studios | Netflix,"Adventure,Comedy,Family",52106.0,5.8,0
181,Starship Troopers,Robert A. Heinlein,1959,Starship Troopers: Traitor of Mars,2017,2015_2019,Action_Adventure,medium,"Starship Troopers (1959), Robert A. Heinlein",Starship Troopers: Traitor of Mars (2017),https://en.wikipedia.org/wiki/List_of_fiction_works_made_into_feature_films_(S%E2%80%93Z),3.99,510.0,9.0,,0.0,"Starship Troopers is a science fiction novel by Robert A. Heinlein, 1st published in abridged form as a serial in The Magazine of Fantasy & Science Fiction (10-11/59 as ""Starship Soldier"") & published hardcover in 1959.
The 1st-person narrative is about a young soldier named Juan ""Johnnie"" Rico & his exploits in the Mobile Infantry, a futuristic military unit equipped with powered armor. His military career progresses from recruit to noncommissioned officer & finally to officer against the backdrop of an interstellar war between humans & an arachnoid species known as the Bugs. Thru Rico's eyes, Heinlein examines moral & philosophical aspects of suffrage, civic virtue, the necessities of war & capital punishment & the nature of juvenile delinquency.
Starship Troopers won the Hugo Award for Best Novel in '60. The novel has attracted controversy & criticism for its social & political themes, which some critics claim promote militarism. Starship Troopers has been adapted into several films & games, with the most widely known--as well as the most controversial & criticized--being the '97 film by Paul Verhoeven.",1123.0,Starship Troopers,100,8.0,88.0,R,Sony Pictures | Stage 6 Films,"Action,Animation,Fantasy",6943.0,5.5,0
182,Around the World in Eighty Days,Jules Verne,1873,Around the World in 80 Days,2021,2020_2024,Action_Adventure,medium,"Around the World in Eighty Days (French: Le tour du monde en quatre-vingts jours) (1873), Jules Verne",Around the World in 80 Days (2021),"https://en.wikipedia.org/wiki/List_of_fiction_works_made_into_feature_films_(0%E2%80%939,_A%E2%80%93C)",3.91,102.0,3.0,,1.0,"Around the World in Eighty Days is an adventure novel from Jules Verne. In the story, Phileas Fogg attempts to go around the world in 80 days or less after a bet with his friends at the Reform club. He travels via train, elephant, ship and more in this classic adventure.",271.0,Around the World in Eighty Days,100,8.0,82.0,PG,,"Adventure,Animation,Comedy",1111.0,4.7,0
183,The Island,Peter Benchley,1979,The Island,1980,1980_1984,Action_Adventure,medium,"The Island (1979), Peter Benchley",The Island (1980),https://en.wikipedia.org/wiki/List_of_fiction_works_made_into_feature_films_(D%E2%80%93J),3.31,1225.0,63.0,240.0,0.0,"Two men and a boy, on the boat they charter to game-fishermen, are lazing away the hottest hours of a Caribbean day when they notice a cameo which appears to be adrift. They manoeuvre it alongside their boat, one of the men reaches to pull back the tarpaulin which conceals whatever it contains - and the reader receives a jolting shock which reminds him of those famous first pages of Jaws.
Thus starts one of the many mysterious marine incidents which, over the years, have been explained this way or that, and which in one small area of the Caribbean have given rise to a terrified silence. New York journalist Blair Maynard is intrigued by the variety of the explanations, but it is not until he reaches the place where silence reigns, and can see the silhouette of the island at its centre, that he begins to suspect that he is on to something truly extraordinary.
He lands on that island - the strangest island in all the West Indies, indeed in the modern world; and the adventures he undergoes on it would seem incredible were they not tied in with possibility by a brilliant use of historical fact. The events Maynard is investigating become increasingly fascinating with every perilous discovery he makes. Peter Benchley is justly celebrated for his ability to keep any reader on the edge of his chair from first to last, and this time he exercises his precious gift on a story which is both the strangest and the best he has yet conceived.",1449.0,The Island,100,6.0,114.0,R,Universal Pictures,"Action,Adventure,Drama",5113.0,5.3,0
184,The Burning Shore,Wilbur Smith,1985,Burning Shore,1991,1990_1994,Action_Adventure,medium,"The Burning Shore (1985), Wilbur Smith",Burning Shore (1991),"https://en.wikipedia.org/wiki/List_of_fiction_works_made_into_feature_films_(0%E2%80%939,_A%E2%80%93C)",4.13,182.0,5.0,,1.0,Spanning decades and continents--from the war-torn skies of Europe to present-day South Africa--The Burning Shore tells of a beautiful French woman's struggle to make a new life for herself in South Africa. From the author of The Leopard Hunts in Darkness. HC: Doubleday.,271.0,The Burning Shore,100,,,,,,,,0
185,Adventures of Huckleberry Finn,Mark Twain,1884,Tom and Huck,1995,1995_1999,Action_Adventure,medium,"Adventures of Huckleberry Finn (1884), Mark Twain",Tom and Huck (1995),"https://en.wikipedia.org/wiki/List_of_fiction_works_made_into_feature_films_(0%E2%80%939,_A%E2%80%93C)",3.8,4949.0,340.0,292.0,0.0,"Mark Twain's brilliant 19th-century novel has long been recognized as one of the finest examples of American literature. It brings back the irrepressible and free-spirited Huck, first introduced in The Adventures of Tom Sawyer, and puts him center stage. Rich in authentic dialect, folksy humor, and sharp social commentary, Twain's classic tale follows Huck and the runaway slave Jim on an exciting journey down the Mississippi.",429.0,The Adventures of Huckleberry Finn,100,12.0,97.0,PG,Netflix | Walt Disney Studios Motion Pictures | Disney+,"Adventure,Drama,Family",12412.0,5.5,0
186,Battlefield Earth,L. Ron Hubbard,1982,Battlefield Earth,2000,2000_2004,Action_Adventure,medium,"Battlefield Earth (1982), L. Ron Hubbard",Battlefield Earth (2000),"https://en.wikipedia.org/wiki/List_of_fiction_works_made_into_feature_films_(0%E2%80%939,_A%E2%80%93C)",3.49,311.0,27.0,,0.0,"THE FINAL RECKONING
1977. NASA launches the space probe Voyager 1. One of its missions: answer the question --is there intelligent life beyond our planet?
Fast-forward a thousand years. Question answered . . . by the Psychlos, an alien race who've proven just how terrifying intelligent life can be. Tracing Voyager 1 back to its origins, the Psychlos have scorched the Earth, all but wiped out the human race and stripped the planet of natural resources.
Now, in the year 3000, humankind faces total extinction. But in this post-apocalyptic world, as a new millennium arises, so too has the courageous Jonnie Goodboy Tyler. A natural-born leader, Jonnie manages to raise an army out of the remnants of humanity, knowing that against the seemingly invincible aliens, the uprising will require a daring strike on an epic scale. 
Is it the end of our world . . . or the dawn of a new one? Will the human race be an instrument of the planet's destruction . . . or the seed of its rebirth? The answers lie at the heart of Battlefield Earth --the landmark New York Times bestselling saga of intrigue and suspense, love and war, power and vision.
It's your future. Don't miss it. 
This New Special Edition contains: 
Never-before published HANDWRITTENnotes 
Fascinating author interview 
Original lyrics inspired by the novel 
And much more... ""Pulse-pounding mile-a-minute sci-fi action adventure that does not stop. It is a masterpiece of popular adventure science-fiction.""--Brandon Sanderson
""Over 1,000 pages of thrills, spills, vicious aliens and noble humans. I found it un-put-downable.""--Neil Gaiman
""The futuristic tale, featuring aliens and humans fighting for survival, comes across as compelling and believable...."" --Booklist
""Brilliant science fiction author."" --New York Daily News
""Think of the Star Wars sagas and Raiders of the Lost Ark, mix in the triumph of Rocky I, II and III and you have captured the exuberance, style and glory of Battlefield Earth.""--Baltimore Sun
""Battlefield Earth has the same exuberant pacing and action-loaded story as Star Wars.""--Roland J. Green
""A terrific story.""--Robert Heinlein",2126.0,Battlefield Earth,100,5.0,117.0,PG-13,Warner Bros. Entertainment | Netflix,"Action,Adventure,Sci-Fi",85662.0,2.5,0
187,Journey to the Center of the Earth,Jules Verne,1864,Journey to the Center of the Earth,2008,2005_2009,Action_Adventure,medium,"Journey to the Center of the Earth (French: Voyage au centre de la Terre) (1864), Jules Verne",Journey to the Center of the Earth (2008),https://en.wikipedia.org/wiki/List_of_fiction_works_made_into_feature_films_(D%E2%80%93J),3.84,232.0,7.0,,1.0,,0.0,Journey to the Center of the Earth,100,7.0,93.0,PG,Microsoft Store | Netflix | InterCom,"Action,Adventure,Family",140303.0,5.8,0
188,On Stranger Tides,Tim Powers,1987,Pirates of the Caribbean: On Stranger Tides,2011,2010_2014,Action_Adventure,medium,"On Stranger Tides (1987), Tim Powers",Pirates of the Caribbean: On Stranger Tides (2011),https://en.wikipedia.org/wiki/List_of_fiction_works_made_into_feature_films_(K%E2%80%93R),3.86,4715.0,441.0,370.0,0.0,"Aboard the Vociferous Carmichael, puppeteer John Chandagnac is sailing toward Jamaica to claim his stolen birthright from an unscrupulous uncle, when the vessel is captured . . . by pirates! Offered a choice by Captain Phil Davies to join their seafaring band or die, Chandagnac assumes the name John Shandy and a new life as a brigand. But more than swashbuckling sea battles and fabulous plunder await the novice buccaneer on the roiling Caribbean waters-for treachery and powerful vodun sorcery are coins of the realm in this dark new world. And for the love of beautiful, magically imperiled Beth Hurwood, Shandy will set sail on even stranger tides, following the savage, ghost-infested pirate king, Blackbeard, and a motley crew of the living and the dead to the cursed nightmare banks of the fabled Fountain of Youth.",824.0,On Stranger Tides,100,5.0,136.0,PG-13,Netflix | Fórum Hungary | Disney+,"Action,Adventure,Fantasy",604138.0,6.6,1
189,The Adventures of Tom Sawyer,Mark Twain,1876,Band of Robbers,2015,2015_2019,Action_Adventure,medium,"The Adventures of Tom Sawyer (1876), Mark Twain",Band of Robbers (2015),"https://en.wikipedia.org/wiki/List_of_fiction_works_made_into_feature_films_(0%E2%80%939,_A%E2%80%93C)",3.9,6679.0,99.0,212.0,0.0,"'There comes a time in every boy's life when when he has a raging desire to go somewhere and dig for hidden treasure.'
Impish, daring young Tom Sawyer is a hero to his friends and a torment to his relations. For wherever there is mischief or adventure, Tom is at the heart of it. During one hot summer, Tom witnesses a murder, runs away to be a pirate, attends his own funeral, rescues an innocent man from the gallows, searches for treasure in a haunted house, foils a devilish plot and discovers a box of gold. But can he escape his nemesis, the villainous Injun Joe?",569.0,The Adventures of Tom Sawyer,100,1.0,95.0,,Netflix,"Adventure,Comedy,Crime",4748.0,6.0,0
190,King Solomon's Mines,Sir H. Rider Haggard,1885,Allan Quatermain and the Spear of Destiny,2023,2020_2024,Action_Adventure,medium,"King Solomon's Mines (1885), Sir H. Rider Haggard",Allan Quatermain and the Spear of Destiny (2023),https://en.wikipedia.org/wiki/List_of_fiction_works_made_into_feature_films_(K%E2%80%93R),3.8,30.0,3.0,,1.0,"King Solomon's Mines tells of a search of an unexplored region of Africa by a group of adventurers led by Allan Quatermain for the missing brother of one of the party. It is the first English adventure novel set in Africa, and is considered to be the genesis of the Lost World literary genre.
Excerpt:
Then there remains the most interesting subject - that, as it is, has only been touched on incidentally - of the magnificent system of military organisation in force in that country, which, in my opinion, is much superior to that inaugurated by Chaka in Zululand, inasmuch as it permits of even more rapid mobilisation, and does not necessitate the employment of the pernicious system of forced celibacy. Lastly, I have scarcely spoken of the domestic and family customs of the Kukuanas, many of which are exceedingly quaint, or of their proficiency in the art of smelting and welding metals. This science they carry to considerable perfection, of which a good example is to be seen in their ""tollas,"" or heavy throwing knives, the backs of these weapons being made of hammered iron, and the edges of beautiful steel welded with great skill on to the iron frames. The fact of the matter is, I thought, with Sir Henry Curtis and Captain Good, that the best plan would be to tell my story in a plain, straightforward manner, and to leave these matters to be dealt with subsequently in whatever way ultimately may appear to be desirable. In the meanwhile I shall, of course, be delighted to give all information in my power to anybody interested in such things.
And now it only remains for me to offer apologies for my blunt way of writing..",1640.0,King Solomon's Mines,100,9.0,61.0,,,Adventure,192.0,2.8,0
191,The Return of the Soldier,Rebecca West,1918,The Return of the Soldier,1982,1980_1984,Action_Adventure,medium,"The Return of the Soldier (1918), Rebecca West",The Return of the Soldier (1982),https://en.wikipedia.org/wiki/List_of_fiction_works_made_into_feature_films_(K%E2%80%93R),3.7,92.0,14.0,,0.0,"Set during World War I on an isolated country estate just outside London, Rebecca West's haunting novel The Return of the Soldierfollows Chris Baldry, a shell-shocked captain suffering from amnesia, as he makes a bittersweet homecoming to the three women who have helped shape his life. Will the devoted wife he can no longer recollect, the favorite cousin he remembers only as a childhood friend, and the poor innkeeper's daughter he once courted leave Chris to languish in a safe, dreamy past--or will they help him recover his memory so that he can return to the front? The answer is revealed through a heartwrenching, unexpected sacrifice.
The text of this Modern Library Paperback Classic was set from the first American edition, published in 1918, and features original illustrations by Norman Price.",806.0,The Return of The Soldier,100,1.0,99.0,,20th Century Studios,Drama,774.0,6.7,0
192,The Night of the Hunter,Davis Grubb,1953,Night of the Hunter,1991,1990_1994,Action_Adventure,medium,"The Night of the Hunter (1953), Davis Grubb",Night of the Hunter (1991),https://en.wikipedia.org/wiki/List_of_fiction_works_made_into_feature_films_(K%E2%80%93R),4.18,16.0,5.0,,0.0,"The story concerns an ex-convict Harry Powell who misrepresents himself as a prison chaplain upon his release from prison. Acting on a story told to him by his now-dead cellmate, ""Reverend"" Powell cons the cellmate's widow into marrying him in hopes that her children will tell him where their father hid the money from his last robbery. After killing their mother, Willa Harper, he embarks on a hunt for the children, who have sensed his evil and are running from him.
Grubb explores the presentation of the American South during the Great Depression. He uses tropes of the Southern Gothic genre to explore issues such as social corruption and instability. The figure of the Preacher is a symbol of the corruptive social force of religion in the American South, while the disruption of the family unit emphasises the broken sense of Southern identity after the War.",866.0,The Night of the Hunter,100,5.0,,,,,,,0
193,An Awfully Big Adventure,Beryl Bainbridge,1989,An Awfully Big Adventure,1995,1995_1999,Action_Adventure,medium,"An Awfully Big Adventure (1989), Beryl Bainbridge",An Awfully Big Adventure (1995),"https://en.wikipedia.org/wiki/List_of_fiction_works_made_into_feature_films_(0%E2%80%939,_A%E2%80%93C)",3.64,22.0,4.0,,0.0,"This provocative and compelling novel by one of Britian's leading writers tells the darkly humorous tale of Stella, a star-struck, teenaged actress caught in the backstage intrigue of a 1950s Liverpool theater repertory company. Stella romances the director of a production of Peter Pan with consequences that would be uproariously funny if they were not so dire. The play becomes a metaphor for the darker side of youth as Stella is drawn into very adult mayhem.",463.0,An Awfully Big Adventure,100,5.0,112.0,R,Netflix | Fine Line Features,"Comedy,Drama,Romance",3222.0,5.8,0
194,Buffalo Soldiers,Robert O'Connor,1993,Buffalo Soldiers,2003,2000_2004,Action_Adventure,medium,"Buffalo Soldiers (1993), Robert O'Connor",Buffalo Soldiers (2003),"https://en.wikipedia.org/wiki/List_of_fiction_works_made_into_feature_films_(0%E2%80%939,_A%E2%80%93C)",3.8,192.0,15.0,336.0,0.0,"Set on a luxuriously appointed and hopelessly corrupt Army base in Mannheim, Germany, where the soldiers prefer real-life race riots to mock combat, Robert O'Connor's viciously funny novel is conclusive proof that peace is hell and the U.S. Army is its ninth circle.
In that hell, Specialist Ray Elwood is the ultimate survivor: a high-stakes drug dealer, bureaucratic con artist, and shrewd collector of other people's secrets. Elwood is contemplating cleaning up his act, although doing so will require one last, epic heroin deal. But of course it's then that his life will careen totally out of control. With its impeccably rendered cast of sycophants, drug burn-outs, and uniformed sociopaths, Buffalo Soldiersgive us a scabrous, haunting vision of a military idled by the New World Order--and at all-out war with itself.",825.0,Buffalo Soldiers,100,10.0,,R,Miramax | Netflix,,,,0
195,Sahara,Clive Cussler,1992,Sahara,2005,2005_2009,Action_Adventure,medium,"Sahara (1992), Clive Cussler",Sahara (2005),https://en.wikipedia.org/wiki/List_of_fiction_works_made_into_feature_films_(S%E2%80%93Z),3.95,134.0,10.0,656.0,1.0,"Deep in the African desert, Pitt discovers that a top science installation is leaking a lethal chemical into the rivers, threatening to kill thousands of people - and to destroy all life in the world. To warn the world of catastrophe, he must escape capture and death and undertake a long journey across the Sahara.",315.0,Sahara,100,4.0,124.0,PG-13,Paramount Pictures | Netflix | Xfinity Streampix,"Action,Adventure,Comedy",108897.0,6.1,0
196,Shutter Island,Dennis Lehane,2003,Shutter Island,2010,2010_2014,Action_Adventure,medium,"Shutter Island (2003), Dennis Lehane",Shutter Island (2010),https://en.wikipedia.org/wiki/List_of_fiction_works_made_into_feature_films_(S%E2%80%93Z),4.08,115869.0,5767.0,369.0,0.0,"The year is 1954. U.S. Marshal Teddy Daniels and his new -partner, Chuck Aule, have come to Shutter Island, home of Ashecliffe Hospital for the Criminally Insane, to investigate the disappearance of a patient. Multiple-murderess Rachel Solando is loose somewhere on this barren island, despite having been kept in a locked cell under constant surveillance. As a killer hurricane bears relentlessly down on them, a strange case takes on even darker, more sinister shades--with hints of radical experimentation, horrifying surgeries, and lethal countermoves made in the cause of a covert shadow war. No one is going to escape Shutter Island unscathed, because nothing at Ashecliffe Hospital is remotely what it seems",714.0,Shutter Island,100,2.0,138.0,R,Netflix | UIP-Dunafilm,"Drama,Mystery,Thriller",1630968.0,8.2,0
197,The Jungle Books,Rudyard Kipling,1894,Mowgli: Legend of the Jungle,2018,2015_2019,Action_Adventure,medium,"The Jungle Books (1894–1895), Rudyard Kipling",Mowgli: Legend of the Jungle (2018),https://en.wikipedia.org/wiki/List_of_fiction_works_made_into_feature_films_(D%E2%80%93J),4.01,109.0,7.0,,0.0,"No child should be allowed to grow up without reading The Jungle Books. Published in 1894 and 1895, the stories crackle with as much life and intensity as ever. Rudyard Kipling pours fuel on childhood fantasies with his tales of Mowgli, lost in the jungles of India as a child and adopted into a family of wolves. Mowgli is brought up on a diet of Jungle Law, loyalty, and fresh meat from the kill. Regular adventures with his friends and enemies among the Jungle-People--cobras, panthers, bears, and tigers--hone this man-cub's strength and cleverness and whet every reader's imagination. Mowgli's story is interspersed with other tales of the jungle, such as ""Rikki-Tikki-Tavi,"" lending depth and diversity to our understanding of Kipling's India. In much the same way Mowgli is carried away by the Bandar-log monkeys, young readers will be caught up by the stories, swinging from page to page, breathless, thrilled, and terrified.",933.0,The Jungle Books,100,11.0,104.0,PG-13,Warner Bros. Entertainment | Netflix,"Adventure,Drama,Fantasy",69118.0,6.5,0
198,The Call of the Wild,Jack London,1903,The Call of the Wild,2020,2020_2024,Action_Adventure,medium,"The Call of the Wild (1903), Jack London",The Call of the Wild (2020),"https://en.wikipedia.org/wiki/List_of_fiction_works_made_into_feature_films_(0%E2%80%939,_A%E2%80%93C)",3.83,392.0,34.0,,0.0,"This gripping story follows the adventures of the loyal dog Buck, who is stolen from his comfortable family home and forced into the harsh life of an Alaskan sled dog. Passed from master to master, Buck embarks on an extraordinary journey that ends with his becoming the legendary leader of a wolf pack. 
Included in this Edition is the short story, To Build a Fire, London s biting commentary on human folly in the face of indomitable natural forces.
Through these tales, London helped invent a genre that shaped twentieth century literature. This Prestwick House Literary Touchstone Classic includes a glossary and reader's notes to help the modern reader fully appreciate London's masterful weaving of science, philosophy, and the storyteller's art.",752.0,The Call of the Wild,100,2.0,100.0,PG,Walt Disney Studios Motion Pictures | Disney+,"Adventure,Drama,Family",63849.0,6.7,0
199,False Witness,Dorothy Uhnak,1981,False Witness,1989,1985_1989,Comedy_Satire,medium,"False Witness (1981), Dorothy Uhnak",False Witness (1989),https://en.wikipedia.org/wiki/List_of_fiction_works_made_into_feature_films_(D%E2%80%93J),4.12,66.0,16.0,352.0,0.0,"An Explosive Secret.
An Invaluable Code.
An Unreliable Witness.
Three ambitious law students at a local legal aid clinic watch as their routine case representing a man named David Hoffman ignites an incendiary trail of deception and betrayal. A member of the witness protection program, Hoffman has defrauded the government and eluded the Mob's pursuit of his stunning secret: a coded algorithm capable of crippling the Internet and disarming national security.
Because of the intense threat posed by such a code, federal agents want Hoffman dead or alive. But the Mob wants him alive, more than willing to obtain the algorithm by whatever means necessary. And the would-be lawyers-caught in the middle of this deadly triangle-must overcome their differences and work together if they're to survive long enough to graduate.",823.0,False Witness,100,10.0,,NR,,,,,0
200,Dances with Wolves,Michael Blake,1986,Dances with Wolves,1990,1990_1994,Comedy_Satire,medium,"Dances with Wolves (1986), Michael Blake",Dances with Wolves (1990),https://en.wikipedia.org/wiki/List_of_fiction_works_made_into_feature_films_(D%E2%80%93J),4.19,250.0,8.0,,1.0,"Ordered to hold an abandoned army post, John Dunbar found himself alone, beyond the edge of civilization. Thievery and survival soon forced him into the Indian camp, where he began a dangerous adventure that changed his life forever. Relive the adventure and beauty of the incredible movie, DANCES WITH WOLVES.",310.0,Dances With Wolves,100,3.0,181.0,PG-13,Orion Pictures | Netflix,"Adventure,Drama,Western",308736.0,8.0,1
201,Breakfast of Champions,"Kurt Vonnegut, Jr.",1973,Breakfast of Champions,1999,1995_1999,Comedy_Satire,medium,"Breakfast of Champions (1973), Kurt Vonnegut, Jr.",Breakfast of Champions (1999),"https://en.wikipedia.org/wiki/List_of_fiction_works_made_into_feature_films_(0%E2%80%939,_A%E2%80%93C)",4.08,1969.0,63.0,303.0,0.0,"""We are healthy only to the extent that our ideas are humane."" So reads the tombstone of downtrodden writer Kilgore Trout, but we have no doubt who's really talking: his alter ego Kurt Vonnegut. Health versus sickness, humanity versus inhumanity--both sets of ideas bounce through this challenging and funny book. As with the rest of Vonnegut's pure fantasy, it lacks the shimmering, fact-fueled rage that illuminates Slaughterhouse-Five. At the same time, that makes this book perhaps more enjoyable to read. Breakfast of Championsis a slippery, lucid, bleakly humorous jaunt through (sick? inhumane?) America circa 1973, with Vonnegut acting as our Virgil-like companion. The book follows its main character, auto-dealing solid-citizen Dwayne Hoover, down into madness, a condition brought on by the work of the aforementioned Kilgore Trout. As Dwayne cracks, then crumbles, Breakfast of Championscoolly shows the effects his dementia has on the web of characters surrounding him. It's not much of a plot, but it's enough for Vonnegut to air unique opinions on America, sex, war, love, and all of his other pet topics--you know, the only ones that really count.",1163.0,Breakfast of Champions,100,2.0,110.0,R,Netflix | Walt Disney Studios Motion Pictures,Comedy,8776.0,4.6,0
202,About a Boy,Nick Hornby,1998,About a Boy,2002,2000_2004,Comedy_Satire,medium,"About a Boy (1998), Nick Hornby",About a Boy (2002),"https://en.wikipedia.org/wiki/List_of_fiction_works_made_into_feature_films_(0%E2%80%939,_A%E2%80%93C)",3.79,102740.0,1978.0,307.0,0.0,"'How cool was Will Freeman?'
Too cool! At thirty-six, he's as hip as a teenager. He's single, child-free, goes to the right clubs and knows which trainers to wear. He's also found a great way to score with women: attend single parents' groups full of available (and grateful) mothers, all hoping to meet a Nice Guy.
Which is how Will meets Marcus, the oldest twelve-year-old on the planet. Marcus is a bit strange: he listens to Joni Mitchell and Mozart, looks after his mum and has never owned a pair of trainers. But Marcus latches on to Will - and won't let go. Can Will teach Marcus how to grow up cool? And can Marcus help Will just to grow up?",649.0,About a Boy,100,4.0,101.0,PG-13,Universal Pictures | Netflix,"Comedy,Drama,Romance",199637.0,7.1,0
203,A Room with a View,E. M. Forster,1908,A Room with a View,2007,2005_2009,Comedy_Satire,medium,"A Room with a View (1908), E. M. Forster",A Room with a View (2007),https://en.wikipedia.org/wiki/List_of_fiction_works_made_into_feature_films_(K%E2%80%93R),3.91,521.0,36.0,226.0,0.0,"'""But you do,"" he went on, not waiting for contradiction. ""You love the boy body and soul, plainly, directly, as he loves you, and no other word expresses it ...""
Lucy has her rigid, middle-class life mapped out for her until she visits Florence with her uptight cousin Charlotte, and finds her neatly ordered existence thrown off balance. Her eyes are opened by the unconventional characters she meets at the Pension Bertolini: flamboyant romantic novelist Eleanor Lavish, the Cockney Signora, curious Mr Emerson and, most of all, his passionate son George.
Lucy finds herself torn between the intensity of life in Italy and the repressed morals of Edwardian England, personified in her terminally dull fiance Cecil Vyse. Will she ever learn to follow her own heart?",767.0,A Room with a View,100,11.0,90.0,,,Documentary,,,0
204,Funny Farm,Jay Cronley,1985,Funny Farm,1988,1985_1989,Comedy_Satire,medium,"Funny Farm (1985), Jay Cronley",Funny Farm (1988),https://en.wikipedia.org/wiki/List_of_fiction_works_made_into_feature_films_(D%E2%80%93J),3.59,87.0,12.0,0.0,0.0,,0.0,Funny Farm,100,6.0,101.0,PG,Warner Bros. Entertainment | Netflix,Comedy,26655.0,6.2,0
205,Sleeping with the Enemy,Nancy Price,1987,Sleeping with the Enemy,1991,1990_1994,Comedy_Satire,medium,"Sleeping with the Enemy (1987), Nancy Price",Sleeping with the Enemy (1991),https://en.wikipedia.org/wiki/List_of_fiction_works_made_into_feature_films_(S%E2%80%93Z),4.0,7318.0,99.0,309.0,0.0,She is a stranger in a small town. She changed her name. Her looks. Her life. All to escape the most dangerous man she ever met: her husband.,141.0,Sleeping with the Enemy,100,1.0,99.0,R,iTunes | 20th Century Studios | Netflix | Disney+,"Drama,Thriller",71083.0,6.3,0
206,Election,Tom Perrotta,1998,Election,1999,1995_1999,Comedy_Satire,medium,"Election (1998), Tom Perrotta",Election (1999),https://en.wikipedia.org/wiki/List_of_fiction_works_made_into_feature_films_(D%E2%80%93J),3.86,5843.0,342.0,200.0,0.0,"A suburban New Jersey high school teacher confronts a student-body election gone haywire in this darkly comic novel by the author of The Wishbones. Scheduled for release as a feature film in 1998, starring Matthew Broderick.Who really cares who gets elected President of Winwood High School? Nobody -- except Tracy Flick. Tracy's one of those students of boundless energy and ambition who somehow finds the time to do everything -- edit the school paper, star in the musical, sleep with her favorite teacher. Her heart is set on becoming President of Winwood, and what Tracy wants, Tracy gets. With weeks to go before election day, her victory is nearly a foregone conclusion.
And that's just the problem, according to Mr. M -- a.k.a. Jim McAllister, faculty, advisor to the Student Government Association and a popular Winwood history teacher. In the name of democracy -- not to mention a simmering grudge against Tracy Flick -- Mr. M recruits the perfect opposition candidate. Paul Warren is a golden boy, a football hero with a brain and a heart, eager to bulk up his meager resume.
As Winwood High experiences election fever, Mr. M is distracted by a sudden attraction to his wife's best friend. The two dramas he has created -- one personal and private, the other public and political -- unfurl simultaneously, with all the players sharing in a life-altering conclusion.
Part satire, part soap opera, Election is an uncommon look at an ordinary American high school, and the extraordinary people who inhabit it.",1516.0,Election,100,4.0,103.0,R,Paramount Pictures | Netflix,"Comedy,Romance",111165.0,7.2,0
207,It,Stephen King,1986,It Chapter Two,2019,2015_2019,Horror,medium,"It (1986), Stephen King",It Chapter Two (2019),https://en.wikipedia.org/wiki/List_of_fiction_works_made_into_feature_films_(D%E2%80%93J),,,,,,,,,0,9.0,169.0,R,,"Drama,Fantasy,Horror",351702.0,6.5,1
208,The Unknown Soldier,Väinö Linna,1954,The Unknown Soldier,2017,2015_2019,Action_Adventure,medium,"The Unknown Soldier (Finnish: Tuntematon sotilas) (1954), Väinö Linna",The Unknown Soldier (2017),https://en.wikipedia.org/wiki/List_of_fiction_works_made_into_feature_films_(S%E2%80%93Z),3.53,338.0,17.0,,1.0,"El Agente William Clyde esta metido en un buen lio. Se ha topado de bruces con un rastro de asesinatos y corrupcion que afecta a la politica internacional de EE.UU., un rastro que le lleva directamente hasta un operativo militar misterioso cuyo nombre en clave es ""soldado desconocido"".",286.0,Unknown Soldier,100,5.0,132.0,,SF Studios,"Drama,War",14645.0,7.7,0
209,Call Me By Your Name,André Aciman,2007,Call Me By Your Name,2017,2015_2019,Drama_Literary,medium,"Call Me By Your Name (2007), André Aciman",Call Me By Your Name (2017),"https://en.wikipedia.org/wiki/List_of_fiction_works_made_into_feature_films_(0%E2%80%939,_A%E2%80%93C)",4.19,13051.0,1642.0,248.0,0.0,"Call Me by Your Name is the story of a sudden and powerful romance that blossoms between an adolescent boy and a summer guest at his parents' cliff-side mansion on the Italian Riviera. Unprepared for the consequences of their attraction, at first each feigns indifference. But during the restless summer weeks that follow, unrelenting buried currents of obsession and fear, fascination and desire, intensify their passion as they test the charged ground between them. What grows from the depths of their spirits is a romance of scarcely six weeks' duration and an experience that marks them for a lifetime. For what the two discover on the Riviera and during a sultry evening in Rome is the one thing both already fear they may never truly find again: total intimacy.
The psychological maneuvers that accompany attraction have seldom been more shrewdly captured than in Andre Aciman's frank, unsentimental, heartrending elegy to human passion. Call Me by YourName is clear-eyed, bare-knuckled, and ultimately unforgettable.",1023.0,Call Me by Your Name,100,10.0,132.0,R,,"Drama,Romance",356167.0,7.8,0
210,Death Wish,Brian Garfield,1972,Death Wish,2018,2015_2019,Drama_Literary,medium,"Death Wish (1972), Brian Garfield",Death Wish (2018),https://en.wikipedia.org/wiki/List_of_fiction_works_made_into_feature_films_(D%E2%80%93J),4.96,26.0,6.0,,0.0,,0.0,Death Wish,100,3.0,107.0,R,Metro-Goldwyn-Mayer | Annapurna Pictures,"Action,Crime,Drama",82923.0,6.3,0
211,Devdas,Sarat Chandra Chattopadhyay,1917,Daas Dev,2018,2015_2019,Drama_Literary,medium,"Devdas (Bengali: দেবদাস) (1917), Sarat Chandra Chattopadhyay",Daas Dev (2018),https://en.wikipedia.org/wiki/List_of_fiction_works_made_into_feature_films_(D%E2%80%93J),,,,,,,,,0,3.0,140.0,,,"Drama,Thriller",340.0,5.1,0
212,Diner,Yumeaki Hirayama,2009,Diner,2019,2015_2019,Drama_Literary,medium,"Diner (ダイナー) (2009), Yumeaki Hirayama",Diner (2019),https://en.wikipedia.org/wiki/List_of_fiction_works_made_into_feature_films_(D%E2%80%93J),3.38,8.0,2.0,,0.0,,0.0,The Diner,100,7.0,117.0,,,Crime,535.0,5.9,0
213,Far from the Madding Crowd,Thomas Hardy,1874,Far from the Madding Crowd,2015,2015_2019,Drama_Literary,medium,"Far from the Madding Crowd (1874), Thomas Hardy",Far from the Madding Crowd (2015),https://en.wikipedia.org/wiki/List_of_fiction_works_made_into_feature_films_(D%E2%80%93J),3.92,278.0,23.0,,0.0,"In Thomas Hardy's first major literary success, independent and spirited Bathsheba Everdene has come to Weatherbury to take up her position as a farmer on the largest estate in the area. Her bold presence draws three very different suitors: the gentleman-farmer Boldwood, the soldier-seducer Sergeant Troy, and the devoted shepherd Gabriel Oak. Each, in contrasting ways, unsettles her decisions and complicates her life, and tragedy ensues, threatening the stability of the whole community. One of his first works set in the semi-fictional region of Wessex, Hardy's novel of swift passion and slow courtship is imbued with his evocative descriptions of rural life and landscapes, and with unflinching honesty about sexual relationships.",737.0,Far from the Madding Crowd,100,4.0,119.0,PG-13,Netflix | Searchlight Pictures | InterCom | Disney+,"Drama,Romance",57316.0,7.1,0
214,First Blood,David Morrell,1972,Rambo: Last Blood,2019,2015_2019,Drama_Literary,medium,"First Blood (1972), David Morrell",Rambo: Last Blood (2019),https://en.wikipedia.org/wiki/List_of_fiction_works_made_into_feature_films_(D%E2%80%93J),3.97,242.0,10.0,256.0,1.0,"First came the man: a young wanderer in a fatigue coat and long hair. Then came the legend, as John Rambo sprang from the pages of First Bloodto take his place in the American cultural landscape. This remarkable novel pits a young Vietnam veteran against a small-town cop who doesn't know whom he's dealing with--or how far Rambo will take him into a life-and-death struggle through the woods, hills, and caves of rural Kentucky.This time when Johnny comes marching home be afraid. Be very afraid.",497.0,First Blood,100,9.0,89.0,R,Starz Entertainment | Amazon Prime Video | Vertigo Média,"Action,Crime,Thriller",119002.0,6.1,0
215,Freaky Friday,Mary Rodgers,1972,Freaky Friday,2018,2015_2019,Drama_Literary,medium,"Freaky Friday (1972), Mary Rodgers",Freaky Friday (2018),https://en.wikipedia.org/wiki/List_of_fiction_works_made_into_feature_films_(D%E2%80%93J),3.71,6575.0,177.0,154.0,1.0,"Annabel thinks her mom has the best life. If she were a grown-up, she could do whatever she wanted! Then one morning she wakes up to find she's turned into her mother...and she soon discovers it's not as easy as it looks!
Disney brings this popular and funny favorite to the silver screen in a new, totally modern story, starring Jamie Lee Curtis and Lindsay Lohan.",365.0,Freaky Friday,100,9.0,,G,,,,,0
216,Golden Slumber,Kōtarō Isaka,2007,Golden Slumber,2018,2015_2019,Drama_Literary,medium,"Golden Slumber (ゴールデンスランバー, Gōruden Surambā) (2007), Kōtarō Isaka",Golden Slumber (2018),https://en.wikipedia.org/wiki/List_of_fiction_works_made_into_feature_films_(D%E2%80%93J),,,,,,,,,0,2.0,108.0,,CJ Entertainment,"Action,Thriller",1127.0,5.9,0
217,Great Expectations,Charles Dickens,1860,Fitoor,2016,2015_2019,Drama_Literary,medium,"Great Expectations (serialised 1860–1861, published as a book 1861), Charles Dickens",Fitoor (2016),https://en.wikipedia.org/wiki/List_of_fiction_works_made_into_feature_films_(D%E2%80%93J),3.75,5484.0,109.0,286.0,0.0,"In what may be Dickens's best novel, humble, orphaned Pip is apprenticed to the dirty work of the forge but dares to dream of becoming a gentleman--and one day, under sudden and enigmatic circumstances, he finds himself in possession of ""great expectations."" In this gripping tale of crime and guilt, revenge and reward, the compelling characters include Magwitch, the fearful and fearsome convict; Estella, whose beauty is excelled only by her haughtiness; and the embittered Miss Havisham, an eccentric jilted bride.",518.0,Great Expectations,100,2.0,131.0,,Netflix | PVR Cinemas,"Drama,Romance",5983.0,5.5,0
218,I Want to Eat Your Pancreas,Yoru Sumino,2014,I Want to Eat Your Pancreas,2018,2015_2019,Drama_Literary,medium,"I Want to Eat Your Pancreas (君の膵臓をたべたい, Kimi no Suizō o Tabetai) (2014), Yoru Sumino",I Want to Eat Your Pancreas (2018),https://en.wikipedia.org/wiki/List_of_fiction_works_made_into_feature_films_(D%E2%80%93J),3.98,82.0,39.0,308.0,0.0,"Aku menemukan sebuah buku di rumah sakit.
Judulnya Cerita Teman si Sakit.
Pemiliknya adalah Yamauchi Sakura, teman sekelasku.
Dari sana aku tahu dia menderita penyakit pankreas.
Buku itu adalah buku harian rahasia miliknya.
Namun gadis itu tidak seperti orang sakit.
Dia seenaknya sendiri, dia mempermainkan perasaanku, dia suka menggodaku.
Dan aku... mungkin dia menarik hatiku.",379.0,I Want to Eat Your Pancreas,100,9.0,109.0,,,"Animation,Drama,Family",34987.0,8.1,0
219,Joker Game,Koji Yanagi,2008,Joker Game,2015,2015_2019,Drama_Literary,medium,"Joker Game (ジョーカー・ゲーム, Jōkā Gēmu) (2008), Koji Yanagi",Joker Game (2015),https://en.wikipedia.org/wiki/List_of_fiction_works_made_into_feature_films_(D%E2%80%93J),5.0,2.0,1.0,496.0,0.0,"Fandom: Harry Potter
--------------------------------------------------
Draco organizes a no-holds-barred poker game. Harry decides to compete... just a little fun fic co-written by Joshua. I might or might not write more on this.",230.0,The Poker Game,90,1.0,106.0,,,"Action,Thriller",543.0,5.3,0
220,Lisa and Lottie,Erich Kästner,1949,Das doppelte Lottchen,2017,2015_2019,Drama_Literary,medium,"Lisa and Lottie (German: Das doppelte Lottchen) (1949), Erich Kästner",Das doppelte Lottchen (2017),https://en.wikipedia.org/wiki/List_of_fiction_works_made_into_feature_films_(K%E2%80%93R),4.09,50.0,15.0,,0.0,"Melyik gyerek nem gondolt meg arra, mennyire jo lenne egy ikertestver, aki ugy hasonlitana ra, hogy meg az edesanyjuk sem tudna megkulonboztetni oket? Nos, Kastner regenyeben ket ilyen kislanyrol van szo. Raadasul meg nem is ismerik egymast, mert szuleik regota elvaltan elnek, s egyik az apjanal, masik az anyjanal nevelkedik. Az ikrek egy gyermeknyaraloban talalkoznak, es rajonnek, hogy testverek. Hasonlosaguk sok mulatsagos bonyodalmat okoz, de a ket kislany komolyabb dolgot tervez: ki akarjak bekiteni az elvalt szuloket, s ezert szerepet cserelnek. Hogyan viselkedik mindegyik a megvaltozott elethelyzeteben, es mikepp sikerul tervuk vegrehajtasa - errol szol A ket Lotti konnyes-vidam tortenete.",704.0,Lisa and Lottie,100,4.0,,,,,,,0
221,Me and Earl and the Dying Girl,Jesse Andrews,2012,Me and Earl and the Dying Girl,2015,2015_2019,Drama_Literary,medium,"Me and Earl and the Dying Girl (2012), Jesse Andrews",Me and Earl and the Dying Girl (2015),https://en.wikipedia.org/wiki/List_of_fiction_works_made_into_feature_films_(K%E2%80%93R),3.58,85578.0,9420.0,295.0,0.0,"Greg Gaines is the last master of high school espionage, able to disappear at will into any social environment. He has only one friend, Earl, and together they spend their time making movies, their own incomprehensible versions of Coppola and Herzog cult classics.
Until Greg's mother forces him to rekindle his childhood friendship with Rachel.
Rachel has been diagnosed with leukemia---cue extreme adolescent awkwardness---but a parental mandate has been issued and must be obeyed. When Rachel stops treatment, Greg and Earl decide the thing to do is to make a film for her, which turns into the Worst Film Ever Made and becomes a turning point in each of their lives.
And all at once Greg must abandon invisibility and stand in the spotlight.",745.0,Me and Earl and the Dying Girl,100,6.0,105.0,PG-13,,"Comedy,Drama",144157.0,7.7,0
222,Porno,Irvine Welsh,2002,T2 Trainspotting,2017,2015_2019,Drama_Literary,medium,"Porno (2002), Irvine Welsh",T2 Trainspotting (2017),https://en.wikipedia.org/wiki/List_of_fiction_works_made_into_feature_films_(K%E2%80%93R),3.78,13315.0,297.0,600.0,1.0,"Diez anos despues de Trainspotting, Sick Boy esta en franca decadencia. Acaba de dejar su piso en un barrio pijo de Londres y se ha mudado a un agujero miserable, y tras una noche de drogas y sexo indiscriminados, decide aceptar la oferta de su tia Paula: lo dejara a cargo de su pub en Leith y se marchara con su amante espanol a Alicante.
Pero en el Port Sunshine el negocio no esta solamente en las bebidas: Sick Boy descubre que un grupo liderado por <>Terry Lawson, su antiguo conocido, se reune a follar y a filmar sus orgias en uno de los salones privados. Y que en Edimburgo hay un floreciente negocio de videos porno realizados en las trastiendas de los pubs, con los clientes como estrellas. Y Sick Boy, que siempre esta maquinando negocios, se pondra, con la ayuda de la guapa Nikki Fuller-Smith, estudiante de cine de dia y trabajadora del sexo por las noches, a hacer una pelicula porno de altura, con calidad suficiente como para ser vendida internacionalmente y circular por Internet. Y tambien incluira en el equipo a su viejo amigo Renton, el que diez anos antes los traiciono y huyo a Amsterdam con el dinero del alijo de heroina. Pero cuando Sick Boy maquina algo, la cosa tiene mas complicaciones y trampas que la tela de una arana, y entre los hilos tambien se mueven Spud, el unico que habia recibido a escondidas su parte del dinero de la droga, y Begbie, el psicopata del grupo, que despues de pasar unos anos en la carcel volvera a la accion aun mas paranoico y furioso que antes.",1505.0,Porno,100,1.0,117.0,R,TriStar Pictures | Netflix | InterCom,"Comedy,Crime,Drama",140938.0,7.1,0
223,Shaft,Ernest Tidyman,1970,Shaft,2019,2015_2019,Drama_Literary,medium,"Shaft (1970), Ernest Tidyman",Shaft (2019),https://en.wikipedia.org/wiki/List_of_fiction_works_made_into_feature_films_(S%E2%80%93Z),3.38,3.0,1.0,218.0,1.0,Shaft has no prejudices. He'll kill anyone- black or white. Who is John Shaft? A black Bogart who says the Revolution is a new way to chase chicks...the Mafia is a meatball...and life is going to screw you if you don't screw it. John Shaft is a private eye. John Shaft is a black man made of muscle and ice.,307.0,Shaft,100,6.0,111.0,R,Warner Bros. Entertainment | Netflix,"Action,Comedy,Crime",62025.0,6.4,0
224,The Bad Seed,William March,1954,The Bad Seed,2018,2015_2019,Drama_Literary,medium,"The Bad Seed (1954), William March",The Bad Seed (2018),"https://en.wikipedia.org/wiki/List_of_fiction_works_made_into_feature_films_(0%E2%80%939,_A%E2%80%93C)",4.06,184.0,19.0,226.0,0.0,"The bestselling novel that inspired Mervyn LeRoy's classic horror film about the little girl who can get away with anything--even murder.
There's something special about eight-year-old Rhoda Penmark. With her carefully plaited hair and her sweet cotton dresses, she's the very picture of old-fashioned innocence. But when their neighborhood suffers a series of terrible accidents, her mother begins to wonder: Why do bad things seem to happen when little Rhoda is around?
Originally published in 1954, William March's final novel was an instant bestseller and National Book Award finalist before it was adapted for the stage and made into a 1956 film. The Bad Seedis an indelible portrait of an evil that wears an innocent face, one which still resonates in popular culture today.
>With a new foreword by Anna Holmes.
Vintage Movie Classicsspotlights classic films that have stood the test of time, now rediscovered through the publication of the novels on which they were based.
From the Trade Paperback edition.",1013.0,The Bad Seed,100,9.0,,PG-13,Lifetime Entertainment Services,,,,0
225,The Christmas Note,Donna VanLiere,2011,The Christmas Note,2015,2015_2019,Drama_Literary,medium,"The Christmas Note (2011), Donna VanLiere",The Christmas Note (2015),"https://en.wikipedia.org/wiki/List_of_fiction_works_made_into_feature_films_(0%E2%80%939,_A%E2%80%93C)",3.81,61.0,13.0,150.0,0.0,"Claire and Ayden are a young married couple in the start of the Christmas season and the traditions that ensue. From Thanksgiving to decorating to shopping to playing in the snow to caroling to giving, we follow the great traditions of the season. Their love is unmatched and their tale of falling in love is truly unique. This tale is about a question we have all thought about: what would you do if you only had a certain amount of time left to live? Making matters worse, is that in this particular story, the question comes at a time of great tragedy. This means that in that certain amount of time, a choice needs to be made: will they sulk about their situation, or will they try to make something of their last days? The Christmas season can be magical, but for some it can be very difficult. This is a story about choices, love, love lost, lasting relationships, goodwill, and lastly Christmas. Embark on this journey to experience the true meaning of Christmas.",970.0,The Christmas Note,100,11.0,51.0,,,Family,,,0
226,The Earthquake Bird,Susanna Jones,2001,Earthquake Bird,2019,2015_2019,Drama_Literary,medium,"The Earthquake Bird (2001), Susanna Jones",Earthquake Bird (2019),https://en.wikipedia.org/wiki/List_of_fiction_works_made_into_feature_films_(D%E2%80%93J),3.5,317.0,34.0,224.0,0.0,"Barnes & Noble Discover Great New Writers
Susanna Jones's exceptional debut is a thriller set in Tokyo, where 34-year-old Lucy Fly -- an English expat who translates ""tedious"" technical manuals -- has agreed to help a new arrival, Lily Bridges, navigate her first confusing weeks in Japan. Like Lucy, Lily has also fled an unhappy life in Yorkshire, but as Lily insinuates herself into Lucy's life, Lucy finds that she has gained a friend but lost her sometime lover, Teiji. ""I had been in possession of a lover and a friend. Now
I had neither. They had stolen themselves from each other and me."" 
When Lily disappears and her body is found dismembered in Tokyo Bay, Lucy becomes the chief suspect and the focus of an intense police interrogation, through which she narrates her life story. From her unwelcome birth through her painful Yorkshire childhood, Lucy illuminates her growing fascination with music and language, both of which helped provide her means of escape.
But Lucy now must struggle to prove her innocence in the murder of Lily. Alas, the first person she must convince is herself. ""The defendant must decide how to plead. And here is my plea. Not guilty, but not not guilty.... I, of all people, should not be too hasty to judge."" As she probes ever deeper into the enigmatic mind of Lucy Fly, Susanna Jones creates a brilliantly rendered drama of psychological suspense in which the ghostly vestiges of guilt, the thin line between love and obsession, and the seeming clarity of language combine to cloud the judgment of both character and reader alike. (Fall 2001 Selection)",1594.0,The Earthquake Bird,100,11.0,107.0,R,Netflix,"Crime,Drama,Mystery",16354.0,6.0,0
227,The Girl in the Spider's Web,David Lagercrantz,2015,The Girl in the Spider's Web,2018,2015_2019,Drama_Literary,medium,"The Girl in the Spider's Web (2015), David Lagercrantz",The Girl in the Spider's Web (2018),https://en.wikipedia.org/wiki/List_of_fiction_works_made_into_feature_films_(D%E2%80%93J),3.74,451.0,68.0,512.0,1.0,"A genius hacker who has always been an outsider. A journalist with a penchant for danger. She is Lisbeth Salander, the girl with the dragon tattoo. He is Mikael Blomkvist, crusading editor of Millennium. One night, Blomkvist receives a call from a source who claims to have been given information vital to the United States by a young female hacker. Blomkvist, always on the lookout for a story, reaches out to Salander for help. She, as usual, has plans of her own. Together they are drawn into a ruthless underworld of spies, cybercriminals, and government operatives--some willing to kill to protect their secrets.",617.0,The Girl in the Spider's Web,100,10.0,115.0,R,Columbia Pictures,"Action,Adventure,Crime",55325.0,6.1,0
228,The Go-Between,L. P. Hartley,1953,The Go-Between,2015,2015_2019,Drama_Literary,medium,"The Go-Between (1953), L. P. Hartley",The Go-Between (2015),https://en.wikipedia.org/wiki/List_of_fiction_works_made_into_feature_films_(D%E2%80%93J),3.93,59.0,2.0,,0.0,"L.P. Hartley's moving exploration of a young boy's loss of innocence The Go-Between is edited with an introduction and notes by Douglas Brooks-Davies in Penguin Modern Classics.
'The past is a foreign country: they do things differently there'
When one long, hot summer, young Leo is staying with a school-friend at Brandham Hall, he begins to act as a messenger between Ted, the farmer, and Marian, the beautiful young woman up at the hall. He becomes drawn deeper and deeper into their dangerous game of deceit and desire, until his role brings him to a shocking and premature revelation. The haunting story of a young boy's awakening into the secrets of the adult world, The Go-Betweenis also an unforgettable evocation of the boundaries of Edwardian society.
Leslie Poles Hartley (1895-1972) was born in Whittlesey, Cambridgeshire, and educated at Harrow and Balliol College, Oxford. For more than thirty years from 1923 he was an indefatigable fiction reviewer for periodicals including the Spectator and Saturday Review. His first book, Night Fears(1924) was a collection of short stories; but it was not until the publication of Eustace and Hilda(1947), which won the James Tait Black prize, that Hartley gained widespread recognition as an author. His other novels include The Go-Between(1953), which was adapted into an internationally-successful film starring Julie Christie and Alan Bates, and The Hireling (1957), the film version of which won the Palme d'Orat the Cannes Film Festival.
If you enjoyed The Go-Between, you might like Barry Hines's A Kestrel for a Knave, also available in Penguin Modern Classics.
'Magical and disturbing'
Independent 
'On a first reading, it is a beautifully wrought description of a small boy's loss of innocence long ago. But, visited a second time, the knowledge of approaching, unavoidable tragedy makes it far more poignant and painful'
Express",1894.0,The Go-between,100,9.0,,,,Adventure,,,0
229,The Martian,Andy Weir,2011,The Martian,2015,2015_2019,Drama_Literary,medium,"The Martian (2011), Andy Weir",The Martian (2015),https://en.wikipedia.org/wiki/List_of_fiction_works_made_into_feature_films_(K%E2%80%93R),4.39,435440.0,49988.0,369.0,1.0,"Six days ago, astronaut Mark Watney became one of the first people to walk on Mars.Now, he's sure he'll be the first person to die there.After a dust storm nearly kills him and forces his crew to evacuate while thinking him dead, Mark finds himself stranded and completely alone with no way to even signal Earth that he's alive -- and even if he could get word out, his supplies would be gone long before a rescue could arrive.
Chances are, though, he won't have time to starve to death. The damaged machinery, unforgiving environment, or plain-old ""human error"" are much more likely to kill him first.
But Mark isn't ready to give up yet. Drawing on his ingenuity, his engineering skills -- and a relentless, dogged refusal to quit -- he steadfastly confronts one seemingly insurmountable obstacle after the next. Will his resourcefulness be enough to overcome the impossible odds against him?",894.0,The Martian,100,9.0,144.0,PG-13,iTunes | 20th Century Studios | Netflix,"Adventure,Drama,Sci-Fi",1000908.0,8.0,1
230,These Foolish Things,Deborah Moggach,2004,The Second Best Exotic Marigold Hotel,2015,2015_2019,Drama_Literary,medium,"These Foolish Things (2004), Deborah Moggach",The Second Best Exotic Marigold Hotel (2015),https://en.wikipedia.org/wiki/List_of_fiction_works_made_into_feature_films_(S%E2%80%93Z),3.46,353.0,74.0,288.0,0.0,"The book that inspired the box office hit The Best Exotic Marigold Hoteland this year's The Second Best Exotic Marigold Hotelstarring Judi Dench, Maggie Smith, Bill Nighy, Celia Imrie, Dev Patel and Penelope Wilton
Enticed by advertisements for a luxury retirement home in India, a group of strangers leave England to begin a new life.
On arrival, however, they discover the palace is a shell of its former self, the staff are more than a little eccentric and the days of the Raj appear to be long gone.
But, as they soon discover, life and love can begin again, even in the most unexpected circumstances.",605.0,These Foolish Things,100,2.0,122.0,PG,Netflix | Searchlight Pictures | InterCom | Fandango at Home | Disney+,"Comedy,Drama,Romance",37615.0,6.5,0
231,Trainspotting,Irvine Welsh,1993,T2 Trainspotting,2017,2015_2019,Drama_Literary,medium,"Trainspotting (1993), Irvine Welsh",T2 Trainspotting (2017),https://en.wikipedia.org/wiki/List_of_fiction_works_made_into_feature_films_(S%E2%80%93Z),4.08,59522.0,863.0,344.0,1.0,"Ils sont quatre amis inseparables qui ont en commun une enfance, une ville, des voisins, le chomage. Et surtout une devotion appliquee pour une seule et unique heroine en forme de seringue. On entend ces quatre-la, on les ecoute : chacun raconte son Edimbourg, entre deux pintes de biere, apres un fix, avant une tasse de the, ou pendant une baston a coup d'aiguilles a tricoter taillees en pointe. On voit les corps manges par le virus, la drogue, les hallucinations, et puis quelque chose se detache : on est d'Edimbourg, mais comme on est de Fresnes ou de la Sante. Il faut s'echapper. Livre culte des annees 1990, Trainspottinga ete porte a l'ecran par Dany Boyle.",668.0,Trainspotting,100,1.0,117.0,R,TriStar Pictures | Netflix | InterCom,"Comedy,Crime,Drama",140938.0,7.1,0
232,Verses of Love,Habiburrahman El Shirazy,2003,Verses of Love 2,2017,2015_2019,Drama_Literary,medium,"Verses of Love (Indonesian: Ayat-Ayat Cinta) (2003), Habiburrahman El Shirazy",Verses of Love 2 (2017),https://en.wikipedia.org/wiki/List_of_fiction_works_made_into_feature_films_(S%E2%80%93Z),,,,,,,,,0,12.0,125.0,,,"Drama,Romance",715.0,5.6,0
233,Les Misérables,Victor Hugo,1862,Les Misérables,2019,2015_2019,Drama_Literary,medium,"Les Misérables (1862), Victor Hugo",Les Misérables (2019),https://en.wikipedia.org/wiki/List_of_fiction_works_made_into_feature_films_(K%E2%80%93R),4.14,3525.0,411.0,,0.0,"""He was no longer Jean Valjean, but No. 24601""
Victor Hugo's tale of injustice, heroism and love follows the fortunes of Jean Valjean, an escaped convict determined to put his criminal past behind him. But his attempts to become a respected member of the community are constantly put under threat: by his own conscience, when, owing to a case of mistaken identity, another man is arrested in his place; and by the relentless investigations of the dogged policeman Javert. It is not simply for himself that Valjean must stay free, however, for he has sworn to protect the baby daughter of Fantine, driven to prostitution by poverty. A compelling and compassionate view of the victims of early nineteenth-century French society, Les Miserablesis a novel on an epic scale, moving inexorably from the eve of the battle of Waterloo to the July Revolution of 1830. Norman Denny's introduction to his lively English translation discusses Hugo's political and artistic aims in writing Les Miserables.
For more than seventy years, Penguin has been the leading publisher of classic literature in the English-speaking world. With more than 1,700 titles, Penguin Classics represents a global bookshelf of the best works throughout history and across genres and disciplines. Readers trust the series to provide authoritative texts enhanced by introductions and notes by distinguished scholars and contemporary authors, as well as up-to-date translations by award-winning translators.",1470.0,Les Misérables,100,11.0,104.0,R,Le Pacte | Wild Bunch,"Crime,Drama,Thriller",30366.0,7.6,0
234,The Beast Within,Edward Levy,1981,The Beast Within,1982,1980_1984,Historical_Biography,medium,"The Beast Within (1981), Edward Levy",The Beast Within (1982),"https://en.wikipedia.org/wiki/List_of_fiction_works_made_into_feature_films_(0%E2%80%939,_A%E2%80%93C)",3.98,81.0,24.0,,1.0,"Passion ignites and pasts collide, when the beast comes out to play""
Trapped in an abusive relationship for two years, leaving could prove deadly for Becca Kian. But when she's pushed a step too far, Becca has no choice but to flee. After an accident that leaves her unconscious, Becca wakes to find herself in the cabin of a man who's as entrancing as he is dangerous. Because this man makes her want to dream -- dream of a world where Alex Scar doesn't exist.
Both Minotaur and human, Aster Tavros is a shifter in hiding. Living in Woodland Creek, he's made no effort to form relationships, too afraid to allow others to see his true nature. Because when they do, they run. Yet when Becca comes crashing into his life, he ignores every one of his rules. Passion ignites between them, but when secrets and pasts collide, Aster has a choice. He can hide his identity, or reveal his true self to save Becca, all the while, risking losing her forever...",951.0,The Beast Within,100,2.0,98.0,R,United Artists,Horror,5251.0,5.6,0
235,The Dogs of War,Frederick Forsyth,1974,The Dogs of War,1981,1980_1984,Historical_Biography,medium,"The Dogs of War (1974), Frederick Forsyth",The Dogs of War (1981),https://en.wikipedia.org/wiki/List_of_fiction_works_made_into_feature_films_(D%E2%80%93J),4.02,452.0,87.0,258.0,0.0,"Military working dogs gained widespread attention after Cairo participated in the SEAL Team 6 mission that led to Osama bin Laden's death. Before that, few civilians realized that dogs served in combat, let alone that they could parachute from thirty thousand feet up.
The Dogs of Warreveals the amazing range of jobs that our four-legged soldiers now perform, examines the dogs' training and equipment, and sets the record straight on those rumors of titanium teeth. You'll find heartwarming stories of the deep bond that dogs and their handlers share with each other, and learn how soldiers and civilians can help the cause by fostering puppies or adopting retirees.
An incredible story of the largely unseen but vital role that dogs play in our armed forces, The Dogs of Waris a must-read for animal lovers everywhere.",821.0,The Dogs of War,100,12.0,102.0,R,United Artists | Netflix,"Action,Adventure,Drama",10822.0,6.3,0
236,Where the Boys Are,Glendon Swarthout,1960,Where the Boys Are '84,1984,1980_1984,Historical_Biography,medium,"Where the Boys Are (1960), Glendon Swarthout",Where the Boys Are '84 (1984),https://en.wikipedia.org/wiki/List_of_fiction_works_made_into_feature_films_(S%E2%80%93Z),4.06,5.0,1.0,,1.0,"Jeff O'Brien and his friends return in this sequel to The Men from the Boys, William J. Mann's critically acclaimed debut novel about gay love and friendship
Where the Boys Are opens in Manhattan on New Year's Eve, 1999. With the world on the cusp of the new millennium, Jeff O'Brien and his ex-lover Lloyd Griffith are grieving the loss of their friend and mentor David Javitz to AIDS. Desperate to forget, Jeff has become a fixture on the dance floor, surrounding himself with ever-younger boy toys like Henry Weiner. Henry, who was an insurance-company geek until Jeff transformed him into a hottie with washboard abs, is secretly in love with Jeff, who's got a thing for the mysterious and exotic Anthony Sabe. Lloyd, once the love of Jeff's life, has left his job to run a B&B with widow Eva Horner.
Alternately narrated by Jeff, Lloyd, and Henry, Where the Boys Are is a high-octane trek through the gay party-circuit scene from Provincetown to San Francisco, Montreal to Palm Springs. With equal parts humor and pathos, it addresses universal issues of commitment, family, friendship, and the never-ending search for love that everyone can relate to, whether gay or straight, male or female.",1198.0,Where the Boys Are: A Novel,81,4.0,94.0,R,TriStar Pictures | Netflix,Comedy,1581.0,4.3,0
237,The Shining,Stephen King,1977,The Shining,1980,1980_1984,Horror,medium,"The Shining (1977), Stephen King",The Shining (1980),https://en.wikipedia.org/wiki/List_of_fiction_works_made_into_feature_films_(S%E2%80%93Z),4.18,804918.0,11351.0,447.0,1.0,"Jack Torrance's new job at the Overlook Hotel is the perfect chance for a fresh start. As the off-season caretaker at the atmospheric old hotel, he'll have plenty of time to spend reconnecting with his family and working on his writing. But as the harsh winter weather sets in, the idyllic location feels ever more remote...and more sinister. And the only one to notice the strange and terrible forces gathering around the Overlook is Danny Torrance, a uniquely gifted five-year-old.
(c)1977 Stephen King; (P)2005 Random House Audio",532.0,The Shining,100,5.0,146.0,R,Warner Bros. Entertainment | Columbia Pictures,"Drama,Horror",1218000.0,8.4,0
238,Nightmare Alley,William Lindsay Gresham,1946,Nightmare Alley,2021,2020_2024,Horror,medium,"Nightmare Alley (1946), William Lindsay Gresham",Nightmare Alley (2021),https://en.wikipedia.org/wiki/List_of_fiction_works_made_into_feature_films_(K%E2%80%93R),4.05,17.0,2.0,,0.0,,0.0,Nightmare Alley,100,12.0,150.0,R,Fórum Hungary,"Crime,Drama,Thriller",181656.0,7.0,0
239,Pet Sematary,Stephen King,1983,Pet Sematary: Bloodlines,2023,2020_2024,Horror,medium,"Pet Sematary (1983), Stephen King",Pet Sematary: Bloodlines (2023),https://en.wikipedia.org/wiki/List_of_fiction_works_made_into_feature_films_(K%E2%80%93R),3.92,1621.0,196.0,410.0,0.0,"The Creeds have just moved to a new house in the countryside. Their house is perfect, except for two things: the semi trailers that roar past on the narrow road, and the mysterious cemetery in the woods behind the house. The Creed's neighbors are reluctant to talk about the cemetery, and for good reason too.
-----------------------------------------------------------
The following was taken from Steven King's Web Site:
The road in front of Dr. Louis Creed's rural Maine home frequently claims the lives of neighborhood pets. Louis has recently moved from Chicago to Ludlow with his wife Rachel, their children and pet cat. Near their house, local children have created a cemetery for the dogs and cats killed by the steady stream of transports on the busy highway. Deeper in the woods lies another graveyard, an ancient Indian burial ground whose sinister properties Louis discovers when the family cat is killed.
-----------------------------------------------------------
Also see: Alternate Cover Editions for this ISBN [ACE] 

~",1037.0,Pet Sematary,100,9.0,87.0,R,Paramount+,"Fantasy,Horror",13940.0,4.6,0
240,'Salem's Lot,Stephen King,1975,'Salem's Lot,2024,2020_2024,Horror,medium,"'Salem's Lot (1975), Stephen King",'Salem's Lot (2024),https://en.wikipedia.org/wiki/List_of_fiction_works_made_into_feature_films_(S%E2%80%93Z),3.99,3130.0,323.0,631.0,0.0,"Something strange is going on in Jerusalem's Lot ... but no one dares to talk about it. By day, 'Salem's Lot is a typical modest New England town; but when the sun goes down, evil roams the earth. The devilishly sweet insistent laughter of a child can be heard echoing through the fields, and the presence of silent looming spirits can be felt lurking right outside your window.
Stephen King brings his gruesome imagination to life in this tale of spine-tingling horror.",470.0,'Salem's Lot,100,10.0,114.0,R,,"Horror,Thriller",40359.0,5.6,0
241,The Devil All the Time,Donald Ray Pollock,2011,The Devil All the Time,2020,2020_2024,Horror,medium,"The Devil All the Time (2011), Donald Ray Pollock",The Devil All the Time (2020),https://en.wikipedia.org/wiki/List_of_fiction_works_made_into_feature_films_(D%E2%80%93J),4.09,9852.0,1482.0,261.0,0.0,"From the acclaimed author of Knockemstiff--called ""powerful, remarkable, exceptional"" by the Los Angeles Times--comes a dark and riveting vision of America that delivers literary excitement in the highest degree.
In The Devil All the Time, Donald Ray Pollock has written a novel that marries the twisted intensity of Oliver Stone's Natural Born Killerswith the religious and Gothic overtones of Flannery O'Connor at her most haunting.
Set in rural southern Ohio and West Virginia, The Devil All the Timefollows a cast of compelling and bizarre characters from the end of World War II to the 1960s. There's Willard Russell, tormented veteran of the carnage in the South Pacific, who can't save his beautiful wife, Charlotte, from an agonizing death by cancer no matter how much sacrificial blood he pours on his ""prayer log."" There's Carl and Sandy Henderson, a husband-and-wife team of serial killers, who troll America's highways searching for suitable models to photograph and exterminate. There's the spider-handling preacher Roy and his crippled virtuoso-guitar-playing sidekick, Theodore, running from the law. And caught in the middle of all this is Arvin Eugene Russell, Willard and Charlotte's orphaned son, who grows up to be a good but also violent man in his own right.
Donald Ray Pollock braids his plotlines into a taut narrative that will leave readers astonished and deeply moved. With his first novel, he proves himself a master storyteller in the grittiest and most uncompromising American grain.",1513.0,The Devil All the Time,100,9.0,138.0,R,Netflix,"Crime,Drama,Thriller",168013.0,7.1,0
242,The Exorcist,William Peter Blatty,1971,The Exorcist: Believer,2023,2020_2024,Horror,medium,"The Exorcist (1971), William Peter Blatty",The Exorcist: Believer (2023),https://en.wikipedia.org/wiki/List_of_fiction_works_made_into_feature_films_(D%E2%80%93J),4.14,1251.0,99.0,400.0,1.0,"The terror began unobtrusively. Noises in Regan's room, an odd smell, misplaced furniture, and icy chill. Small annoyances for which Chris MacNeil, Regan's actress mother, easily found explanations. The changes in eleven-year-old Regan were so gradual, too, that Chris did not recognise for some time how much her daughter's behaviour had altered. Even when she did, the medical tests which followed shed no light on Regan's symptoms, which grew more severe and frightening. It was almost as if a different personality had invaded the child. Desperate, Chris turned from the doctors to Father Damien Karras, a Jesuit priest who was trained as a psychiatrist and had a deep knowledge of such phenomena as satanism and possession. Was it possible that a demonic force was at large? If psychiatry could not help, might exorcism be the answer?",839.0,The Exorcist,100,10.0,111.0,R,Universal Pictures | UIP-Dunafilm,Horror,50357.0,4.8,0
243,The Witches,Roald Dahl,1983,The Witches,2020,2020_2024,Horror,medium,"The Witches (1983), Roald Dahl",The Witches (2020),https://en.wikipedia.org/wiki/List_of_fiction_works_made_into_feature_films_(S%E2%80%93Z),4.17,1173.0,109.0,,0.0,"'A REAL WITCH is easily the most dangerous of all the living creatures on earth.'
That's a pretty horrifying thought. More horrifying still is that real witches don't even looklike witches. They don't ride around on broomsticks. They don't even wear black cloaks and hats. They are vile, despicable, scheming harridans who disguise themselves as nice, ordinary ladies.
So how can you tell when you're face to face with one? Read this story and you'll find out all you need to know. You'll also meet a real hero, a wise old grandmother and the most gruesome, grotesque gang of witches imaginable.",595.0,The Witches,100,11.0,106.0,,Warner Bros. Entertainment | Microsoft Store | InterCom | HBO Max,"Adventure,Family,Fantasy",51131.0,5.4,0
244,Wicked: The Life and Times of the Wicked Witch of the West,Gregory Maguire,1995,Wicked,2024,2020_2024,Horror,medium,"Wicked: The Life and Times of the Wicked Witch of the West (1995), Gregory Maguire",Wicked (2024),https://en.wikipedia.org/wiki/List_of_fiction_works_made_into_feature_films_(S%E2%80%93Z),3.52,913.0,124.0,406.0,1.0,"When Dorothy triumphed over the Wicked Witch of the West in L. Frank Baum's classic tale, we heard only her side of the story. But what about her arch-nemesis, the mysterious witch? Where did she come from? How did she become so wicked? And what is the true nature of evil? 
Gregory Maguire creates a fantasy world so rich and vivid that we will never look at Oz the same way again. Wickedis about a land where animals talk and strive to be treated like first-class citizens, Munchkinlanders seek the comfort of middle-class stability and the Tin Man becomes a victim of domestic violence. And then there is the little green-skinned girl named Elphaba, who will grow up to be the infamous Wicked Witch of the West, a smart, prickly and misunderstood creature who challenges all our preconceived notions about the nature of good and evil.",837.0,Wicked: The Life and Times of the Wicked Witch of the West,100,10.0,160.0,PG,Universal Pictures | UIP-Dunafilm,"Fantasy,Musical,Romance",226294.0,7.3,1
245,After We Fell,Anna Todd,2014,After We Fell,2021,2020_2024,Romance,medium,"After We Fell (2014), Anna Todd",After We Fell (2021),"https://en.wikipedia.org/wiki/List_of_fiction_works_made_into_feature_films_(0%E2%80%939,_A%E2%80%93C)",4.27,4480.0,736.0,355.0,0.0,"Jack Valentini isn't my type.
Sexy, brooding cowboys are fine in the movies, but in real life, I prefer a suit and tie. Proper manners. A close shave.
Jack might be gorgeous, but he's also scruffy, rugged, and rude. He wants nothing to do with a ""rich city girl"" like me, and he isn't afraid to say so.
But I've got a PR job to do for his family's farm, so he's stuck with me and I'm stuck with him. His glares. His moods. His tight jeans. His muscles.
His huge, hard muscles.
Pretty soon there's a whole different kind of tension between us, the kind that has me misbehaving in barns, trees, and pickup trucks. I've never done anything so out of character--but it feels too good to stop.
And the more I learn about the grieving ex-Army sergeant, the better I understand him. Losing his wife left him broken and bitter and blaming himself. He doesn't think he deserves a second chance at happiness.
But he's wrong.
I don't need to be his first love. If only he'd let me be his last.",982.0,After We Fall,92,9.0,98.0,R,Vertical | Voltage Pictures | Fathom Entertainment,"Drama,Romance",24518.0,4.8,0
246,It Ends with Us,Colleen Hoover,2016,It Ends with Us,2024,2020_2024,Romance,medium,"It Ends with Us (2016), Colleen Hoover",It Ends with Us (2024),https://en.wikipedia.org/wiki/List_of_fiction_works_made_into_feature_films_(D%E2%80%93J),4.43,88278.0,14236.0,,0.0,"SOMETIMES THE ONE WHO LOVES YOU IS THE ONE WHO HURTS YOU THE MOST
Lily hasn't always had it easy, but that's never stopped her from working hard for the life she wants. She's come a long way from the small town in Maine where she grew up - she graduated from college, moved to Boston, and started her own business. So when she feels a spark with a gorgeous neurosurgeon named Ryle Kincaid, everything in Lily's life suddenly seems almost too good to be true.
Ryle is assertive, stubborn, and maybe even a little arrogant. He's also sensitive, brilliant, and has a total soft spot for Lily, but Ryle's complete aversion to relationships is disturbing.
As questions about her new relationship overwhelm her, so do thoughts of Atlas Corrigan - her first love and a link to the past she left behind. He was her kindred spirit, her protector. When Atlas suddenly reappears, everything Lily has built with Ryle is threatened.
With this bold and deeply personal novel, Colleen Hoover delivers a heart-wrenching story that breaks exciting new ground for her as a writer. It Ends With Us is an unforgettable tale of love that comes at the ultimate price.
This book contains graphic scenes and very sensitive subject matter.",1214.0,It Ends with Us,100,8.0,130.0,PG-13,,"Drama,Romance",98810.0,6.3,1
247,Altered States,Paddy Chayefsky,1978,Altered States,1980,1980_1984,Drama_Literary,medium,"Altered States (1978), Paddy Chayefsky",Altered States (1980),"https://en.wikipedia.org/wiki/List_of_fiction_works_made_into_feature_films_(0%E2%80%939,_A%E2%80%93C)",3.81,435.0,40.0,206.0,0.0,"Inspired by the work of John C. Lilly, Chayefsky spent two years in Boston doing research to write his science fiction novel Altered States (HarperCollins, 1978), which he adapted for his last screenplay. In the film Chayefsky is credited under his real first and middle name, Sidney Aaron, because of disputes with director Ken Russell. Some of the events portrayed in this film seem to be based on the studies of the French surrealist author Antonin Artaud; the protagonist visits a tribe of isolated Mexican tribal people & participates in their sacred shamanic ritual involving local hallucinogens for the purpose of investigating the common religious experience. Much of the setting of this part of the film also appears to be based on Artaud's description of the natural, altho seemingly man-made landscape of the people. In the movie, this was represented by huge stone mushrooms often called hoodoos & attributed to the supernatural.",941.0,Altered States,100,12.0,102.0,R,Warner Bros. Entertainment | Netflix,"Horror,Sci-Fi,Thriller",42173.0,6.9,0
248,Anna to the Infinite Power,Mildred Ames,1979,Anna to the Infinite Power,1983,1980_1984,Drama_Literary,medium,"Anna to the Infinite Power (1979), Mildred Ames",Anna to the Infinite Power (1983),"https://en.wikipedia.org/wiki/List_of_fiction_works_made_into_feature_films_(0%E2%80%939,_A%E2%80%93C)",3.92,481.0,44.0,,0.0,,0.0,Anna to the Infinite Power,100,1.0,,,Sony Pictures Home Entertainment | Netflix,,,,0
249,Antonieta,Andrés Henestrosa,1978,Antonieta,1982,1980_1984,Drama_Literary,medium,"Antonieta (1978), Andrés Henestrosa",Antonieta (1982),"https://en.wikipedia.org/wiki/List_of_fiction_works_made_into_feature_films_(0%E2%80%939,_A%E2%80%93C)",4.23,4.0,1.0,455.0,0.0,,0.0,Maria Antonieta,75,10.0,108.0,,Netflix,"Biography,Drama,War",433.0,5.9,0
250,At the Étoile du Nord,Georges Simenon,1854,L'Etoile du Nord,1982,1980_1984,Drama_Literary,medium,"At the Étoile du Nord (French: L'Étoile du Nord) (1854), Georges Simenon",L'Etoile du Nord (1982),"https://en.wikipedia.org/wiki/List_of_fiction_works_made_into_feature_films_(0%E2%80%939,_A%E2%80%93C)",,,,,,,,,0,,124.0,,,"Crime,Drama,Thriller",701.0,6.5,0
251,Bid Time Return,Richard Matheson,1975,Somewhere in Time,1980,1980_1984,Drama_Literary,medium,"Bid Time Return (1975), Richard Matheson",Somewhere in Time (1980),"https://en.wikipedia.org/wiki/List_of_fiction_works_made_into_feature_films_(0%E2%80%939,_A%E2%80%93C)",3.9,268.0,46.0,278.0,0.0,"Like What Dreams May Come, which inspired the movie starring Robin Williams, Somewhere in Time is the powerful story of a love that transcends time and space, written by one of the Grand Masters of modern fantasy.
Matheson's classic novel tells the moving, romantic story of a modern man whose love for a woman he has never met draws him back in time to a luxury hotel in San Diego in 1896, where he finds his soul mate in the form of a celebrated actress of the previous century. Somewhere in Timewon the World Fantasy Award for Best Novel, and the 1979 movie version, starring Christopher Reeve and Jane Seymour, remains a cult classic whose fans continue to hold yearly conventions to this day.",697.0,Bid Time Return,100,10.0,103.0,PG,Universal Pictures | Netflix,"Drama,Fantasy,Romance",36074.0,7.2,0
252,Birdy,William Wharton,1978,Birdy,1984,1980_1984,Drama_Literary,medium,"Birdy (1978), William Wharton",Birdy (1984),"https://en.wikipedia.org/wiki/List_of_fiction_works_made_into_feature_films_(0%E2%80%939,_A%E2%80%93C)",4.03,14.0,1.0,,0.0,,0.0,Birdy,100,12.0,120.0,,TriStar Pictures | Netflix,"Drama,War",26533.0,7.2,0
253,Botchan,Natsume Sōseki,1906,Botchan,1980,1980_1984,Drama_Literary,medium,"Botchan (Japanese: 坊っちゃん) (1906), Natsume Sōseki",Botchan (1980),"https://en.wikipedia.org/wiki/List_of_fiction_works_made_into_feature_films_(0%E2%80%939,_A%E2%80%93C)",3.57,77.0,7.0,150.0,0.0,,0.0,Botchan,100,6.0,,,,,,,0
254,Cal,Bernard MacLaverty,1983,Cal,1984,1980_1984,Drama_Literary,medium,"Cal (1983), Bernard MacLaverty",Cal (1984),"https://en.wikipedia.org/wiki/List_of_fiction_works_made_into_feature_films_(0%E2%80%939,_A%E2%80%93C)",,,,,,,,,0,8.0,102.0,R,,"Drama,Romance,Thriller",1812.0,6.5,0
255,"Careful, He Might Hear You",Sumner Locke Elliott,1963,"Careful, He Might Hear You",1983,1980_1984,Drama_Literary,medium,"Careful, He Might Hear You (1963), Sumner Locke Elliott","Careful, He Might Hear You (1983)","https://en.wikipedia.org/wiki/List_of_fiction_works_made_into_feature_films_(0%E2%80%939,_A%E2%80%93C)",4.05,218.0,12.0,,0.0,"The story of a bitter strugle between two women for the possession of a six-year-old boy, written with tenderness, humour and irony.
First Paragraph:
'P S,' they said.
And 'Vanessa'.
Or sometimes 'Ness'.
PS. PS. PS. PS. Ness. Ness. Ness.
It sounded through his half sleep like surreptitious mice foraging through tissue paper. It was as mysterious as the lateness of the hour -- after nine o'clock -- and only as far away as the kitchen door, ajar so as to hear him if he should call to them or have a nightmare.
He turned in bed, listening to the whispering undertones, as steady and continuous as a tap left running and broken only by a cough or sometimes a chair scraping back on the linoleum; then a dish being taken from a cupboard and now and then a voice would catch on fire and break adrift from the murmurings, but always with the same word, Vanessa, said sharply like hitting a brass gong at dead of night and then someone would say, 'Shhh, was that him? Did he call out?' and tiptoeing would startle the old floorboards while a shadow grew larger and larger on his wall; bent to hear if he was stirring and so, annoyed with their secrets, he would feign sleep until whoever it was retreated to the kitchen and the whispering hissed up again like damp green eucalyptus logs burning.",1292.0,Careful He Might Hear You,100,9.0,110.0,,20th Century Studios,Drama,916.0,6.9,0
256,Cutter and Bone,Newton Thornburg,1976,Cutter's Way,1981,1980_1984,Drama_Literary,medium,"Cutter and Bone (1976), Newton Thornburg",Cutter's Way (1981),"https://en.wikipedia.org/wiki/List_of_fiction_works_made_into_feature_films_(0%E2%80%939,_A%E2%80%93C)",4.01,54.0,8.0,,0.0,"""Filmed as Cutter's Way, Cutter and Bone is the story of the obsession of Cutter, a scarred and crippled Vietnam veteran and his attempt to convince his buddy, Bone, that he was in fact witness to a murder committed by the conglomerate tycoon, J.J. Wolfe. Captivated by Cutter's demented logic, Bone is prepared to cross the country in a search for proof of the murder. Their quest takes them into the Ozarks - home base of the Wolfe empire - where Bone discovers that Cutter is not pursuing a murderer so much as the great enemy itself, them, the very demons that have dogged his life.""--BOOK JACKET.",601.0,Cutter and Bone,100,3.0,109.0,R,United Artists | Netflix,"Crime,Drama,Mystery",8706.0,6.8,0
257,Dotonbori River,Teru Miyamoto,1981,Dotonbori River,1982,1980_1984,Drama_Literary,medium,"Dotonbori River (道頓堀川, Dotonborigawa) (1981), Teru Miyamoto",Dotonbori River (1982),https://en.wikipedia.org/wiki/List_of_fiction_works_made_into_feature_films_(D%E2%80%93J),,,,,,,,,0,,,,,,,,0
258,Eddie and the Cruisers,P. F. Kluge,1980,Eddie and the Cruisers,1983,1980_1984,Drama_Literary,medium,"Eddie and the Cruisers (1980), P. F. Kluge",Eddie and the Cruisers (1983),https://en.wikipedia.org/wiki/List_of_fiction_works_made_into_feature_films_(D%E2%80%93J),3.88,117.0,23.0,,0.0,"Overlook is proud to put P. F. Kluge's classic Eddie and the Cruisers--""the book that spawned the movies""--in paperback for the first time, so it can find a new generation of readers. Eddie and his Jersey-bred band, The Parkway Cruisers, were going places. With an album and a few minor hits to their credit the future seemed bright until Eddie died in a fiery car crash. Twenty years later a British rock band turns their old songs into monumental fresh hits. With this comes a surge of interest in the surviving Cruisers and in a rumored cache of tapes that Eddie made before he died. That's when the killing starts.",618.0,Eddie and the Cruisers,100,9.0,95.0,PG,Netflix | Embassy Pictures,"Drama,Music,Mystery",9379.0,7.0,0
259,Father Sky,Devery Freeman,1979,Taps,1981,1980_1984,Drama_Literary,medium,"Father Sky (1979), Devery Freeman",Taps (1981),https://en.wikipedia.org/wiki/List_of_fiction_works_made_into_feature_films_(D%E2%80%93J),,,,,,,,,0,12.0,126.0,PG,20th Century Studios | Netflix | Disney+,Drama,21873.0,6.8,0
260,Femmes de personnes,Christopher Frank,1983,Femmes de personne,1984,1980_1984,Drama_Literary,medium,"Femmes de personnes (1983), Christopher Frank",Femmes de personne (1984),https://en.wikipedia.org/wiki/List_of_fiction_works_made_into_feature_films_(D%E2%80%93J),,,,,,,,,0,3.0,106.0,,,"Drama,Romance",146.0,5.4,0
261,Firefox,Craig Thomas,1977,Firefox,1982,1980_1984,Drama_Literary,medium,"Firefox (1977), Craig Thomas",Firefox (1982),https://en.wikipedia.org/wiki/List_of_fiction_works_made_into_feature_films_(D%E2%80%93J),3.9,28.0,4.0,294.0,1.0,,0.0,Firefox,100,6.0,136.0,PG,Warner Bros. Entertainment,"Action,Adventure,Thriller",31272.0,5.9,0
262,Flashpoint,George LaFountaine,1976,Flashpoint,1984,1980_1984,Drama_Literary,medium,"Flashpoint (1976), George LaFountaine",Flashpoint (1984),https://en.wikipedia.org/wiki/List_of_fiction_works_made_into_feature_films_(D%E2%80%93J),3.45,83.0,2.0,,0.0,"It is 1991, the last weekend in September. A political decision to be announced this weekend in California will signal far-reaching ramifications for America's lesbian and gay community.
At a cabin in a Southern California mountain resort, three lesbians and a gay man wait in mutual antagonism for Donnelly, the woman who has summoned them here, the woman with whom they have all shared a part of their lives.
Publisher Bradley Jones was once married to her. Cabin owner Pat Decker, a teacher nearing retirement, took her away from Bradley.
Averill Calder Harmon, in the topmost rank of professional golfers on the LPGA tour, lured Donnelly away from Pat. Querida Quemada, a successful young Chicana professional, is Donnelly's current partner.
Donnelly, an activist connected at the highest levels of the national scene, knows about the forthcoming political decision. In the certainty of her connection to these four people, she is convinced that the time is now for each of them to take vital and profoundly personal action.
But even Donnelly cannot dream of the extent to which this weekend will be a watershed, with consequences reaching far beyond any of them.
Published on the eve of the twenty-fifth anniversary of the Stonewall Inn uprising and the birth of the modern gay rights movement, FLASHPOINT is the novel for our times.",1338.0,Flashpoint,100,4.0,93.0,R,TriStar Pictures | Netflix,"Action,Crime,Drama",3504.0,6.4,0
263,Gnomes,Wil Huygen and Rien Poortvliet,1977,Gnomes,1980,1980_1984,Drama_Literary,medium,"Gnomes (Dutch: Leven en werken van de Kabouter) (1977), Wil Huygen and Rien Poortvliet",Gnomes (1980),https://en.wikipedia.org/wiki/List_of_fiction_works_made_into_feature_films_(D%E2%80%93J),4.01,23403.0,270.0,,0.0,"""One of the most enchanting books. . . . The deadpan drollery here is delicious. An all-ages romp.""--Publishers Weekly ""Gnomes is the most original and sustained piece of whimsy since the productions of J.R.R. Tolkien. . . . Designed to be savored by the entire family.""--Time ""Only a villain could look through these pages without falling in love with the tiny folks.""--People Abrams launched Gnomes into the hearts of Americans in 1977 and quickly racked up astrognomic sales in bookstores across the country, ultimately achieving a 62-week run on the New York Times best-seller list. Come join in the 20th-anniversary fun as gnomania strikes again!Did you know that gnome couples always have twin children? Or that a gnome is seven times as strong as a human? Do you want to hear some gossip from the gnome who knew Rembrandt? Dutch artist Rien Poortvliet's charming illustrations and physician Wil Huygen's detailed observations of the gnomes' habits, anatomy, and lifestyle are a delight for readers of all ages. Children will adore the gnome family's underground home and the constant interaction with animals; adults will appreciate the tongue-in-cheek scientific data.Gnomebody is immune to the gnomes' tremendous appeal--and a whole new generation is waiting to love them for the first time! -- from the publisher, courtesy Strand.com",1343.0,Gnomes,100,11.0,,,,,,,0
264,Gorky Park,Martin Cruz Smith,1981,Gorky Park,1983,1980_1984,Drama_Literary,medium,"Gorky Park (1981), Martin Cruz Smith",Gorky Park (1983),https://en.wikipedia.org/wiki/List_of_fiction_works_made_into_feature_films_(D%E2%80%93J),4.04,169.0,5.0,,1.0,"In Soviet Russia, a triple murder in Moscow amusement centre, Gorky Park, leaves three corpses frozen in the snow. But when Senior Investigator in the Moscow Prosecutor's Office Arkady Renko arrives, he finds that the brutal murder leaves the victims unidentifiable with faces and fingers missing. Renko must battle political and corporate corruption internationally, from the USSR to the USA, to uncover the truth - and he must fight for his own life in doing so. Meanwhile, he is falling in love with a beautiful, headstrong dissident for whom he may risk everything.",569.0,Gorky Park,100,12.0,128.0,R,Orion Pictures | Netflix,"Crime,Drama,Mystery",18201.0,6.7,0
265,Grendel,John Gardner,1971,Grendel Grendel Grendel,1981,1980_1984,Drama_Literary,medium,"Grendel (1971), John Gardner",Grendel Grendel Grendel (1981),https://en.wikipedia.org/wiki/List_of_fiction_works_made_into_feature_films_(D%E2%80%93J),3.69,222.0,31.0,152.0,0.0,"The first and most terrifying monster in English literature, from the great early epic Beowulf, tells his own side of the story in this frequently banned book. This classic and much lauded retelling of Beowulffollows the monster Grendel as he learns about humans and fights the war at the center of the Anglo Saxon classic epic. This is the book William Gass called ""one of the finest of our contemporary fictions.""",415.0,Grendel,100,8.0,88.0,PG,,"Adventure,Animation,Comedy",234.0,6.7,0
266,Hear the Wind Sing,Haruki Murakami,1979,Hear the Wind Sing,1981,1980_1984,Drama_Literary,medium,"Hear the Wind Sing (風の歌を聴け, Kaze no uta o kike) (1979), Haruki Murakami",Hear the Wind Sing (1981),https://en.wikipedia.org/wiki/List_of_fiction_works_made_into_feature_films_(D%E2%80%93J),3.58,123.0,21.0,130.0,1.0,"Hear the Wind Sing is the first novel by Haruki Murakami; it first appeared in the June 1979 issue of Gunzo, one of the most influential literary magazines in Japan.
It is the first of the ""boku"" tetralogy; translated by Alfred Birnbaum.",237.0,Hear the Wind Sing,100,12.0,,,,,,,0
267,Incubus,Ray Russell,1976,The Incubus,1981,1980_1984,Drama_Literary,medium,"Incubus (1976), Ray Russell",The Incubus (1981),https://en.wikipedia.org/wiki/List_of_fiction_works_made_into_feature_films_(D%E2%80%93J),3.43,92.0,15.0,250.0,0.0,"""Galen is an ordinary, peaceful small town. Until horrendous terror strikes ... and strikes again and again, each time claiming a female victim in a fashion too hideous to contemplate. Julian Trask, student of the occult, is used to thinking the unthinkable. As he works towards the solution of the soul-searing mystery, Galen trembles in mortal dread. For no woman is safe from the lethal lust of THE INCUBUS.""",411.0,Incubus,100,,93.0,,,"Horror,Mystery,Thriller",3458.0,5.5,0
268,Josepha,Christopher Frank,1981,Josepha,1982,1980_1984,Drama_Literary,medium,"Josepha (1981), Christopher Frank",Josepha (1982),https://en.wikipedia.org/wiki/List_of_fiction_works_made_into_feature_films_(D%E2%80%93J),,,,,,,,,0,3.0,114.0,,,Drama,164.0,6.0,0
269,Miss Lonelyhearts,Nathanael West,1933,Miss Lonelyhearts,1983,1980_1984,Drama_Literary,medium,"Miss Lonelyhearts (1933), Nathanael West",Miss Lonelyhearts (1983),https://en.wikipedia.org/wiki/List_of_fiction_works_made_into_feature_films_(K%E2%80%93R),3.63,2104.0,156.0,,0.0,"As described by Atkinson in the NY Times: ""A scornful feature editor of a newspaper picks an ambitious young reporter to conduct the advice of the lovelorn column. Ambitious, opportunistic, 'Miss Lonelyhearts,' as the conductor of the column is inevitably dubbed, begins with contempt of the correspondents and confidence in his own cleverness. As time goes on, the genuineness of the agony in the letters that come in gets under the skin of the columnist. He is distressed to find himself presiding over a monstrous swindle. For he is an idealist in collision with humanity, as his diabolical managing editor expresses it.""",624.0,Miss Lonelyhearts,100,,,,,,,,0
270,Never Cry Wolf,Farley Mowat,1963,Never Cry Wolf,1983,1980_1984,Drama_Literary,medium,"Never Cry Wolf (1963), Farley Mowat",Never Cry Wolf (1983),https://en.wikipedia.org/wiki/List_of_fiction_works_made_into_feature_films_(K%E2%80%93R),4.19,129.0,10.0,,0.0,"More than a half-century ago the naturalist Farley Mowat was sent to investigate why wolves were killing arctic caribou. Mowat's account of the summer he lived in the frozen tundra alone -- studying the wolf population and developing a deep affection for the wolves (who were of no threat to caribou or man) -- is today celebrated as a classic of nature writing, at once a tale of remarkable adventures and indelible record of myths and magic of wolves.",453.0,Never Cry Wolf,100,10.0,105.0,PG,Walt Disney Studios Motion Pictures,"Adventure,Drama",9434.0,7.5,0
271,Old Yeller,Fred Gipson,1956,Little Arliss,1984,1980_1984,Drama_Literary,medium,"Old Yeller (1956), Fred Gipson",Little Arliss (1984),https://en.wikipedia.org/wiki/List_of_fiction_works_made_into_feature_films_(K%E2%80%93R),4.06,231.0,35.0,,1.0,,0.0,Old Yeller,100,,,,,,,,0
272,Ordinary People,Judith Guest,1976,Ordinary People,1980,1980_1984,Drama_Literary,medium,"Ordinary People (1976), Judith Guest",Ordinary People (1980),https://en.wikipedia.org/wiki/List_of_fiction_works_made_into_feature_films_(K%E2%80%93R),3.9,248.0,10.0,,0.0,"An extraordinary novel about an ""ordinary family"" divided by pain, yet bound by their struggle to heal
In Ordinary People, Judith Guest's remarkable first novel, the Jarrets are a typical American family. Calvin is a determined, successful provider and Beth an organized, efficient wife. They had two sons, Conrad and Buck, but now they have one. In this memorable, moving novel, Judith Guest takes the reader into their lives to share their misunderstandings, pain...and ultimate healing.",489.0,Ordinary People,100,9.0,124.0,R,Paramount Pictures | Netflix,Drama,61613.0,7.7,0
273,"Professor Unrat, oder Das Ende eines Tyrannen",Heinrich Mann,1905,Lola,1981,1980_1984,Drama_Literary,medium,"Professor Unrat, oder Das Ende eines Tyrannen (1905), Heinrich Mann",Lola (1981),https://en.wikipedia.org/wiki/List_of_fiction_works_made_into_feature_films_(K%E2%80%93R),,,,,,,,,0,8.0,115.0,,United Artists | Netflix,"Drama,Romance",7381.0,7.4,0
274,Ragtime,E. L. Doctorow,1975,Ragtime,1981,1980_1984,Drama_Literary,medium,"Ragtime (1975), E. L. Doctorow",Ragtime (1981),https://en.wikipedia.org/wiki/List_of_fiction_works_made_into_feature_films_(K%E2%80%93R),3.88,408.0,61.0,270.0,0.0,"Published in 1975, Ragtimechanged our very concept of what a novel could be. An extraordinary tapestry, Ragtime captures the spirit of America in the era between the turn of the century & the First World War. The story opens in 1906 in New Rochelle, NY, at the home of an affluent American family. One lazy Sunday afternoon, the famous escape artist Harry Houdini swerves his car into a telephone pole outside their house. Almost magically, the line between fantasy & historical fact, between real & imaginary characters, disappears. Henry Ford, Emma Goldman, J.P. Morgan, Evelyn Nesbit, Sigmund Freud & Emiliano Zapata slip in & out of the tale, crossing paths with Doctorow's imagined family & other fictional characters, including an immigrant peddler & a ragtime musician from Harlem whose insistence on a point of justice drives him to revolutionary violence.",864.0,Ragtime,100,11.0,155.0,PG,Paramount Pictures | Netflix,Drama,11497.0,7.3,0
275,Sanshiro Sugata,Tsuneo Tomita,1942,Sanshiro Sugata,1981,1980_1984,Drama_Literary,medium,"Sanshiro Sugata (姿三四郎, Sugata Sanshirō) (1942), Tsuneo Tomita",Sanshiro Sugata (1981),https://en.wikipedia.org/wiki/List_of_fiction_works_made_into_feature_films_(S%E2%80%93Z),3.81,60.0,5.0,,0.0,,0.0,Sanshiro,69,,,,,,,,0
276,Scarface,Armitage Trail,1930,Scarface,1983,1980_1984,Drama_Literary,medium,"Scarface (1930), Armitage Trail",Scarface (1983),https://en.wikipedia.org/wiki/List_of_fiction_works_made_into_feature_films_(S%E2%80%93Z),3.0,2.0,1.0,,0.0,,0.0,Son of Scarface,69,12.0,170.0,R,iTunes | Universal Pictures | Netflix,"Crime,Drama",1008624.0,8.3,0
277,The Witnesses,Anne Holden,1971,The Bedroom Window,1987,1985_1989,Comedy_Satire,medium,"The Witnesses (1971), Anne Holden",The Bedroom Window (1987),https://en.wikipedia.org/wiki/List_of_fiction_works_made_into_feature_films_(S%E2%80%93Z),3.86,3086.0,360.0,136.0,0.0,"The family next door has a very dark secret.
The Sanderson family has been forced into hiding after one of them stumbled upon a criminal plot. Or so they think. No one will answer their questions. And the terrifying truth may come too late....
BookShots
LIGHTNING-FAST STORIES BY JAMES PATTERSON
Novels you can devour in a few hours. Impossible to stop reading. All original content from James Patterson.",404.0,The Witnesses,100,1.0,112.0,R,Netflix | Dino De Laurentiis Company,"Crime,Drama,Mystery",7770.0,6.4,0
278,Union Street,Pat Barker,1982,Stanley & Iris,1989,1985_1989,Historical_Biography,medium,"Union Street (1982), Pat Barker",Stanley & Iris (1989),https://en.wikipedia.org/wiki/List_of_fiction_works_made_into_feature_films_(S%E2%80%93Z),3.87,717.0,61.0,265.0,0.0,"An alternate cover of this ISBN can be found .
Vivid, bawdy and bitter' (The Times), Pat Barker's first novel shows the women of Union Street, young and old, meeting the harsh challeges of poverty and survival in a precarious world. There's Kelly, at eleven, neglected and independent, dealing with a squalid rape; Dinah, knocking on sixty and still on the game; Joanne, not yet twenty, not yet married, and already pregnant; Old Alice, welcoming her impending death; Muriel helplessly watching the decline of her stoical husband. And linking them all, watching over them all, mother to half the street, is fiery, indomitable Iris.",632.0,Union Street,100,,104.0,,Metro-Goldwyn-Mayer | Netflix,"Drama,Romance",9398.0,6.4,0
279,Little Dorrit,Charles Dickens,1855,Little Dorrit,1987,1985_1989,Horror,medium,"Little Dorrit (serialised 1855–1857, published as a book 1857), Charles Dickens",Little Dorrit (1987),https://en.wikipedia.org/wiki/List_of_fiction_works_made_into_feature_films_(K%E2%80%93R),3.97,407.0,30.0,,0.0,This book was converted from its physical edition to the digital format by a community of volunteers. You may find it for free on the web. Purchase of the Kindle edition includes wireless delivery.,197.0,Little Dorrit,100,12.0,357.0,,Netflix | Curzon Artificial Eye,"Drama,Romance",1350.0,7.1,0
280,Sultana - La Nuit du Sérail,Prince Michael of Greece and Denmark,1982,The Favorite (a.k.a. Intimate Power),1989,1985_1989,Horror,medium,"Sultana - La Nuit du Sérail (1982), Prince Michael of Greece and Denmark",The Favorite (a.k.a. Intimate Power) (1989),https://en.wikipedia.org/wiki/List_of_fiction_works_made_into_feature_films_(S%E2%80%93Z),3.78,50.0,6.0,,0.0,"Aimee Dubuc de Riverie, cousine de la future imperatrice Josephine, naquit a la Martinique a la fin du XVIIIe siecle. Capturee par les pirates barbaresques a l'age de quinze ans, offerte par le Dey d'Alger au Sultan de Constantinople, elle verra des lors toute son existence se derouler dans le Serail. Favorite du vieux Sultan, amoureuse et aimee de son successeur, mere adoptive d'un troisieme Sultan, elle detiendra un pouvoir occulte de plus en plus important. Redigeant ses memoires alors que ses jours sont comptes, Aimee revit l'incroyable aventure de l'enfant qui croyait en son destin comment l'adolescente reduite en esclavage devint, a travers l'amour et les larmes, une jeune femme passionnee puis une Sultane au sommet de la puissance dans le monde clos, violent, fastueux et fascinant de la cour de Turquie.",821.0,La nuit du Sérail,80,,,,,,,,0
281,The Devil in the Flesh,Raymond Radiguet,1923,Devil in the Flesh,1986,1985_1989,Horror,medium,"The Devil in the Flesh (French: Le Diable au corps) (1923), Raymond Radiguet",Devil in the Flesh (1986),https://en.wikipedia.org/wiki/List_of_fiction_works_made_into_feature_films_(D%E2%80%93J),3.73,11.0,1.0,,0.0,"Hailed by Jean Cocteau as a ""masterpiece,"" and by the ""Guardian"" as ""Bret Easton Ellis's ""Less Than Zero, avant la lettre,"""" this taut tale written by a teenager in the form of a frank ""confession"" is a gem of early twentieth century romanticism. Long unavailable in the U.S., it is here presented in a sparkling new translation.
Set in Paris during the First World War, it tells the story of Francois, the 16-year-old narrator, who falls in love with Marthe, an older, married woman whose husband is off fighting at the front. What seems to begin as a charming tale of puppy love quickly darkens, and they launch into a steamy affair. In the tense environment of the wartime city, their love takes on a desperation transcending their youthfulness.
And as the badly-kept secret of their relationship unfolds, scandal descends, leading the story to a final, startling conclusion--and causing the book itself to become a scandal when it was first published in 1923, just before the author's death at the age of 20.",1012.0,The Devil in the Flesh,100,4.0,114.0,R,BAC Films,"Drama,Romance",2160.0,5.6,0
282,The Food of the Gods and How It Came to Earth,H. G. Wells,1904,Food of the Gods II,1989,1985_1989,Horror,medium,"The Food of the Gods and How It Came to Earth (1904), H. G. Wells",Food of the Gods II (1989),https://en.wikipedia.org/wiki/List_of_fiction_works_made_into_feature_films_(D%E2%80%93J),3.45,5.0,2.0,,0.0,"This is an electronic edition of the complete book complemented by author biography. This book features the table of contents linked to every book and chapter. The book was designed for optimal navigation on the Kindle, PDA, Smartphone, and other electronic readers. It is formatted to display on all electronic devices including the Kindle, Smartphones and other Mobile Devices with a small display.
******************
The Food of the Gods and How it Came to Earthis a novel written by H. G. Wells. Published in 1904, it is one of his lesser known scientific romances, aside from the various B-movie adaptations.
- Excerpted from Wikipedia, the free encyclopedia.
More e-Books from MobileReference - Best Books. Best Price. Best Search and Navigation (TM)
All fiction books are only $0.99. All collections are only $5.99
Designed for optimal navigation on Kindle and other electronic devices
Search for any title: enter mobi(shortened MobileReference) and a keyword; for example: mobi Shakespeare
To view all books, click on the MobileReference link next to a book title
Literary Classics:Over 10,000 complete works by Shakespeare, Jane Austen, Mark Twain, Conan Doyle, Jules Verne, Dickens, Tolstoy, and other authors. All books feature hyperlinked table of contents, footnotes, and author biography. Books are also available as collections, organized by an author. Collections simplify book access through categorical, alphabetical, and chronological indexes. They offer lower price, convenience of one-time download, and reduce clutter of titles in your digital library.
Religion:The Illustrated King James Bible, American Standard Bible, World English Bible (Modern Translation), Mormon Church's Sacred Texts
Philosophy:Rousseau, Spinoza, Plato, Aristotle, Marx, Engels
Travel Guides and Phrasebooks for All Major Cities:New York, Paris, London, Rome, Venice, Prague, Beijing, Greece
Medical Study Guides:Anatomy and Physiology, Pharmacology, Abbreviations and Terminology, Human Nervous System, Biochemistry
College Study Guides:FREE Weight and Measures, Physics, Math, Chemistry, Organic Chemistry, Statistics, Languages, Philosophy, Psychology, Mythology 
History:Art History, American Presidents, U.S. History, Encyclopedias of Roman Empire, Ancient Egypt
Health:Acupressure Guide, First Aid Guide, Art of Love, Cookbook, Cocktails, Astrology
Reference:The World's Biggest Mobile Encyclopedia; CIA World Factbook, Illustrated Encyclopedias of Birds, Mammal",2465.0,The Food of the Gods and How It Came to Earth,100,5.0,91.0,R,Carolco Pictures,"Horror,Sci-Fi",1527.0,4.2,0
283,The Running Man,Stephen King,1982,The Running Man,1987,1985_1989,Horror,medium,"The Running Man (1982), Stephen King",The Running Man (1987),https://en.wikipedia.org/wiki/List_of_fiction_works_made_into_feature_films_(K%E2%80%93R),3.81,756.0,39.0,317.0,0.0,"Die USA im Jahr 2025: Wer Arbeit hat, kann von Gluck reden. Fur das Heer der Arbeitslosen gibt's billiges Rauschgift und kostenloses Fernsehen - Free-Vee. Die Regierung und die offentlichen Fernsehanstalten arbeiten in grossen Allianzen zusammen, die Grossstadte sind infolge der jahrelangen Misswirtschaft vollkommen verseucht. Ben Richards, Vater einer totkranken Tochter, lebt mit seiner Familie in der verkommenen Wohnsiedlung Co-Op-City. Um Geld fur die Medizin seiner Tochter zu bekommen, bewirbt er sich bei Network Games und wird der beliebtesten Game-Show zugeteilt: Menschenjagd - ""Running Man"".
Die Regeln sind denkbar einfach. Sie gewinnen fur jede Stunde, die Sie in Freiheit verbringen, hundert Neudollar. Wir statten Sie zu Beginn der Jagd mit 4800 Dollar aus, da wir davon ausgehen, dass Sie es schaffen werden, die Jager 48 Stunden an der Nase herumzufuhren. Wenn Sie dreissig Tage durchhalten, gewinnen Sie den Grossen Preis. Eine Milliarde Neudollar. Ben Richards will diese Chance nutzen, um seine Tochter zu retten, doch er weiss genau: Diese Show lauft seit sechs Jahren. Bisher hat kein Mensch sie uberlebt. Ben Richards will der erste sein...
Dieses Buch entstand 1982 als Roman, den Stephen King zunachst unter dem Pseudonym Richard Bachmann veroffentlichte.",1283.0,The Running Man,100,11.0,101.0,R,TriStar Pictures | Netflix,"Action,Sci-Fi,Thriller",189841.0,6.6,0
284,Who Censored Roger Rabbit?,Gary K. Wolf,1981,Who Framed Roger Rabbit,1988,1985_1989,Horror,medium,"Who Censored Roger Rabbit? (1981), Gary K. Wolf",Who Framed Roger Rabbit (1988),https://en.wikipedia.org/wiki/List_of_fiction_works_made_into_feature_films_(S%E2%80%93Z),,,,,,,,,0,6.0,104.0,PG,Walt Disney Studios Motion Pictures | Disney+,"Adventure,Animation,Comedy",232419.0,7.7,1
285,Mother Night,Kurt Vonnegut,1961,Mother Night,1996,1995_1999,Comedy_Satire,medium,"Mother Night (1961), Kurt Vonnegut",Mother Night (1996),https://en.wikipedia.org/wiki/List_of_fiction_works_made_into_feature_films_(K%E2%80%93R),4.21,53698.0,1878.0,282.0,0.0,"Mother Nightis a daring challenge to our moral sense. American Howard W. Campbell, Jr., a spy during World War II, is now on trial in Israel as a Nazi war criminal. But is he really guilty? In this brilliant book rife with true gallows humor, Vonnegut turns black and white into a chilling shade of gray with a verdict that will haunt us all.",342.0,Mother Night,100,11.0,114.0,,Netflix | Fine Line Features,"Drama,Romance,War",5888.0,7.1,0
286,Strip Tease,Carl Hiaasen,1993,Striptease,1996,1995_1999,Comedy_Satire,medium,"Strip Tease (1993), Carl Hiaasen",Striptease (1996),https://en.wikipedia.org/wiki/List_of_fiction_works_made_into_feature_films_(S%E2%80%93Z),3.83,341.0,7.0,,0.0,,0.0,Strip Tease,100,6.0,115.0,R,Columbia Pictures | Netflix,"Comedy,Crime,Drama",51304.0,4.6,0
287,"To Sir, With Love",E. R. Braithwaite,1959,"To Sir, with Love II",1996,1995_1999,Comedy_Satire,medium,"To Sir, With Love (1959), E. R. Braithwaite","To Sir, with Love II (1996)",https://en.wikipedia.org/wiki/List_of_fiction_works_made_into_feature_films_(S%E2%80%93Z),4.15,258.0,16.0,,0.0,"This classic schoolroom drama of a black teacher in London's tough East End who triumphs over bigotry and ignorance to change the lives of his students forever was hailed by the ""New York Times"" as ""a book that the reader devours quickly, ponders slowly, and forgets not at all""
With opportunities for black men limited in post-World War II London, Rick Braithwaite, a former Royal Air Force pilot and Cambridge-educated engineer, accepts a teaching position that puts him in charge of a class of angry, unmotivated, bigoted white teenagers whom the system has mostly abandoned. When his efforts to reach these troubled students are met with threats, suspicion, and derision, Braithwaite takes a radical new approach. He will treat his students as people poised to enter the adult world. He will teach them to respect themselves and to call him ""Sir."" He will open up vistas before them that they never knew existed. And over the course of a remarkable year, he will touch the lives of his students in extraordinary ways, even as they in turn, unexpectedly and profoundly, touch his.
Based on actual events in the author's life, ""To Sir, With Love ""is a powerfully moving story that celebrates courage, commitment, and vision, and is the inspiration for the classic film starring Sidney Poitier.",1295.0,"To Sir, With Love",100,4.0,,NR,,,,,0
288,The Pianist,Manuel Vázquez Montalbán,1985,The Pianist,1998,1995_1999,Historical_Biography,medium,"The Pianist (Spanish: El pianista) (1985), Manuel Vázquez Montalbán",The Pianist (1998),https://en.wikipedia.org/wiki/List_of_fiction_works_made_into_feature_films_(K%E2%80%93R),4.24,96.0,4.0,,0.0,"We are drawn in to share his surprise and then disbelief at the horrifying progress of events, all conveyed with an understated intimacy and dailiness that render them painfully close... riveting' OBSERVER
On September 23, 1939, Wladyslaw Szpilman played Chopin's Nocturne in C-sharp minor live on the radio as shells exploded outside - so loudly that he couldn't hear his piano. It was the last live music broadcast from Warsaw: That day, a German bomb hit the station, and Polish Radio went off the air.
Though he lost his entire family, Szpilman survived in hiding. In the end, his life was saved by a German officer who heard him play the same Chopin Nocturne on a piano found among the rubble. Written immediately after the war and suppressed for decades, THE PIANIST is a stunning testament to human endurance and the redemptive power of fellow feeling.
'The images drawn are unusually sharp and clear... but its moral tone is even more striking: Szpilman refuses to make a hero or a demon out of anyone' LITERARY REVIEW",1026.0,The Pianist,100,9.0,,,,,,,0
289,The Devil's Advocate,Andrew Neiderman,1990,The Devil's Advocate,1997,1995_1999,Horror,medium,"The Devil's Advocate (1990), Andrew Neiderman",The Devil's Advocate (1997),https://en.wikipedia.org/wiki/List_of_fiction_works_made_into_feature_films_(D%E2%80%93J),3.34,72.0,14.0,,0.0,"The past stood between them
Ten years ago marriage to Julius Morrell would have promised Luisa a golden, sunlit future, she loved him so much, Now it only guaranteed her sister's freedom and a future filled with uncertainty for Luisa.
For she was overwhelmed by memories too long denied... of Scotland on an eternal afternoon, of first love--the strongest and the best--and of things too painful to remember even now.
And Julius was blinded by thoughts of revenge that seemed to overshadow the silent promise they'd once shared.",528.0,The Devil's Advocate,100,10.0,144.0,R,Warner Bros. Entertainment | HBO Max,"Drama,Fantasy,Mystery",441331.0,7.5,0
290,The Green Mile,Stephen King,1996,The Green Mile,1999,1995_1999,Horror,medium,"The Green Mile (1996), Stephen King",The Green Mile (1999),https://en.wikipedia.org/wiki/List_of_fiction_works_made_into_feature_films_(D%E2%80%93J),4.42,177376.0,3540.0,592.0,1.0,"At Cold Mountain Penitentiary, along the lonely stretch of cells known as the Green Mile, killers are depraved as the psychopathic ""Billy the Kid"" Wharton and the possessed Eduard Delacroix await death strapped in ""Old Sparky."" Here guards as decent as Paul Edgecombe and as sadistic as Percy Wetmore watch over them. But good or evil, innocent or guilty, none have ever seen the brutal likes of the new prisoner, John Coffey, sentenced to death for raping and murdering two young girls. Is Coffey a devil in human form? Or is he a far, far different kind of being?
The complete Green Mile serial, this set includes The Green Mile #1: The Two Dead Girls, The Green Mile #2: The Mouse on the Mile, The Green Mile #3: Coffey's Hands, The Green Mile #4: The Bad Death of Eduard Delacroix, The Green Mile #5: Night Journey and The Green Mile #6.",841.0,The Green Mile,100,12.0,189.0,R,Warner Bros. Entertainment | Universal Pictures,"Crime,Drama,Fantasy",1550984.0,8.6,0
291,The Haunting of Hill House,Shirley Jackson,1959,The Haunting,1999,1995_1999,Horror,medium,"The Haunting of Hill House (1959), Shirley Jackson",The Haunting (1999),https://en.wikipedia.org/wiki/List_of_fiction_works_made_into_feature_films_(D%E2%80%93J),3.89,1564.0,300.0,246.0,0.0,"The classic supernatural thriller by an author who helped define the genre.
It is the story of four seekers who arrive at a notoriously unfriendly pile called Hill House: Dr. Montague, an occult scholar looking for solid evidence of a ""haunting""; Theodora, his lighthearted assistant; Eleanor, a friendless, fragile young woman well acquainted with poltergeists; and Luke, the future heir of Hill House. At first, their stay seems destined to be merely a spooky encounter with inexplicable phenomena. But Hill House is gathering its powers - and soon it will choose one of them to make its own.",594.0,The Haunting of Hill House,100,7.0,113.0,PG-13,Netflix | UIP-Dunafilm,"Fantasy,Horror,Mystery",84433.0,5.0,0
292,White Shark,Peter Benchley,1994,Creature,1998,1995_1999,Horror,medium,"White Shark (1994), Peter Benchley",Creature (1998),https://en.wikipedia.org/wiki/List_of_fiction_works_made_into_feature_films_(S%E2%80%93Z),3.5,2474.0,110.0,340.0,0.0,"At a small marine institute off the coast of Connecticut, only marine biologist Simon Chase realizes that a sixteen-foot pregnant Great White is feeding in the area. But even Simon doesn't know that a far deadlier creature is about to come out of the deep and threaten everything he cares for. A creature whose malevolence is unthinkable. Whose need to feed is insatiable. And whose relentless hunt for prey is unstoppable.
Twenty years after his huge bestseller Jaws, the master of the deep has done it again, letting loose a chilling new predator that only he could create. Drawing on his singular knowledge of the sea, science, and history, Peter Benchley masterfully spins a suspense-filled novel that hits you on a primal level, makes your heart pound, and leaves your blood running cold.
White Shark is Peter Benchley at his best. Read it at your own risk.",862.0,White Shark,100,,76.0,,,Documentary,116.0,6.5,0
293,Woe to Live On,Daniel Woodrell,1987,Ride with the Devil,1999,1995_1999,Horror,medium,"Woe to Live On (1987), Daniel Woodrell",Ride with the Devil (1999),https://en.wikipedia.org/wiki/List_of_fiction_works_made_into_feature_films_(S%E2%80%93Z),4.2,7.0,2.0,,0.0,"Set in the border states of Kansas and Missouri, Woe to Live Onexplores the nature of lawlessness and violence, friendship and loyalty, through the eyes of young recruit Jake Roedel. Where he and his fellow First Kansas Irregulars go, no one is safe, no one can be neutral. Roedel grows up fast, experiencing a brutal parody of war without standards or mercy. But as friends fall and families flee, he questions his loyalties and becomes an outsider even to those who have become outlaws.",488.0,Woe to Live On,100,11.0,138.0,R,Universal Pictures | Netflix,"Drama,Romance,War",15249.0,6.7,0
294,Fear and Loathing in Las Vegas,Hunter S. Thompson,1971,Fear and Loathing in Las Vegas,1998,1995_1999,Action_Adventure,medium,"Fear and Loathing in Las Vegas (1971), Hunter S. Thompson",Fear and Loathing in Las Vegas (1998),https://en.wikipedia.org/wiki/List_of_fiction_works_made_into_feature_films_(D%E2%80%93J),4.08,448.0,8.0,,0.0,"'We were somewhere around Barstow on the edge of the desert when the drugs began to take hold. I remember saying something like, ""I feel a bit lightheaded; maybe you should drive ...""'
Hunter S. Thompson is roaring down the desert highway to Las Vegas with his attorney, the Samoan, to find the dark side of the American Dream. Armed with a drug arsenal of stupendous proportions, the duo engage in a surreal succession of chemically enhanced confrontations with casino operators, police officers and assorted Middle Americans.
This ebook edition of Hunter S. Thompson's iconic masterpiece, a controversial bestseller when it appeared in 1971, features the brilliant Ralph Steadman illustrations of the original. It brings to a new generation the hallucinatory humour and nightmare terror of Hunter S. Thompson's musings on the collapse of the American Dream.",859.0,Fear and Loathing in Las Vegas,100,5.0,118.0,R,Universal Pictures | Netflix,"Adventure,Comedy,Drama",318261.0,7.4,0
295,The Hunter,Donald E. Westlake,1962,Payback,1999,1995_1999,Action_Adventure,medium,"The Hunter (1962), Donald E. Westlake",Payback (1999),https://en.wikipedia.org/wiki/List_of_fiction_works_made_into_feature_films_(D%E2%80%93J),4.08,295.0,12.0,,1.0,"M'rtvo tialo
Zakliuchena vrata
Zagad'chen sluchai
Zapoznaite se s Rob'rt Kh'nt'r - nai-mladiiat detektiv, naznachavan niakoga v otdel <>na politsiiata v Los Andzhelis. P'rvoto razsledvane, koeto mu poveriavat, e lesen za razreshavane sluchai na samoubiistvo. Kogato pristiga na mestoprest'plenieto, obache, Kh'nt'r b'rzo zapochva da podozira, che tuk ima neshcho neredno.
Toi e uveren, che zhertvata ne se e samoubila, no dokazatelstvata siakash sa protiv nego...",463.0,The Hunter,100,2.0,100.0,R,Paramount Pictures | Netflix,"Action,Crime,Drama",153159.0,7.0,0
296,The Jewel of Seven Stars,Bram Stoker,1903,Bram Stoker's Legend of the Mummy,1997,1995_1999,Action_Adventure,medium,"The Jewel of Seven Stars (1903), Bram Stoker",Bram Stoker's Legend of the Mummy (1997),https://en.wikipedia.org/wiki/List_of_fiction_works_made_into_feature_films_(D%E2%80%93J),3.4,2.0,1.0,,0.0,"An Egyptologist, attempting to raise from the dead the mummy of Tera, an ancient Egyptian queen, finds a fabulous gem and is stricken senseless by an unknown force. Amid bloody and eerie scenes, his daughter is possessed by Tera's soul, and her fate depends upon bringing Tera's mummified body to life.",302.0,The Jewel of Seven Stars,100,,,,,,,,0
297,The King's Damosel,Vera Chapman,1976,Quest for Camelot,1998,1995_1999,Action_Adventure,medium,"The King's Damosel (1976), Vera Chapman",Quest for Camelot (1998),https://en.wikipedia.org/wiki/List_of_fiction_works_made_into_feature_films_(K%E2%80%93R),3.54,144.0,21.0,,1.0,,0.0,The King's Damosel,100,5.0,86.0,G,,"Adventure,Animation,Comedy",19537.0,6.3,0
298,White Fang,Jack London,1906,White Fang,1997,1995_1999,Action_Adventure,medium,"White Fang (1906), Jack London",White Fang (1997),https://en.wikipedia.org/wiki/List_of_fiction_works_made_into_feature_films_(S%E2%80%93Z),3.94,35.0,8.0,203.0,0.0,,0.0,White Fang,100,1.0,50.0,,,"Adventure,Animation,Family",90.0,6.0,0
299,The Chamber,John Grisham,1994,The Chamber,1996,1995_1999,Thriller_Mystery_Crime,medium,"The Chamber (1994), John Grisham",The Chamber (1996),"https://en.wikipedia.org/wiki/List_of_fiction_works_made_into_feature_films_(0%E2%80%939,_A%E2%80%93C)",3.77,721.0,47.0,486.0,0.0,"In 1967 in Greenville, Mississippi, known Klan member Sam Cayhall is accused of bombing the law offices of Jewish civil rights activist Marvin Kramer, killing Kramer's two sons. Cayhall's first trial, with an all-white jury and a Klan rally outside the courthouse, ends in a hung jury; the retrial six months later has the same outcome.Twelve years later an ambitions district attorney in Greenville reopens the case. Much has changed since 1967, and this time, with a jury of eight whites and four blacks, Cayhall is convicted. He is transferred to the state penitentiary at Parchman to await execution on death row.
In 1990, in the huge Chicago law firm of Kravitz & Bane, a young laywer named Adam Hall asked to work on the Cayhall case, which the firm has handled on a pro bono basis for years. But the case is all but lost and time is running out: within weeks Sam Cayhall will finally go to the gas chamber. Why in the world would Adam want to get involved?",963.0,The Chamber,100,10.0,113.0,R,Universal Pictures | Netflix,"Crime,Drama,Thriller",17115.0,6.0,0
300,The Rainmaker,John Grisham,1995,The Rainmaker,1997,1995_1999,Thriller_Mystery_Crime,medium,"The Rainmaker (1995), John Grisham",The Rainmaker (1997),https://en.wikipedia.org/wiki/List_of_fiction_works_made_into_feature_films_(K%E2%80%93R),3.91,1243.0,54.0,568.0,0.0,"Rudy Baylor is a newly qualified lawyer: he has one case, and one case alone, to save himself from his mounting debts. His case is against a giant insurance company which could have saved a young man's life, but instead refused to pay the claim until it was too late.
The settlement could be worth millions of dollars, but there is one problem: Rudy has never argued a case in court before, and he's up against the most expensive lawyers that money can buy.",457.0,The Rainmaker,100,11.0,135.0,PG-13,Netflix | UIP-Dunafilm,"Crime,Drama,Thriller",90418.0,7.2,0
301,The Man Without a Face,Isabelle Holland,1972,The Man Without a Face,1993,1990_1994,Comedy_Satire,medium,"The Man Without a Face (1972), Isabelle Holland",The Man Without a Face (1993),https://en.wikipedia.org/wiki/List_of_fiction_works_made_into_feature_films_(K%E2%80%93R),3.78,5.0,2.0,,0.0,"Charles didn't know much about life ... until he met The Man Without a Face I'd never had a friend, and he was my friend; I'd never really, except for a shadowy memory, had a father, and he was my father. I'd never known an adult I could communicate with or trust, and I communicated with him all the time, whether I was actually talking to him or not. And I trusted him
Fourteen-year-old Charles desperately wants two things: a father and a way out. Little love has come his way until the summer he befriends a mysterious scarred man named Justin McLeod, nicknamed """"The Man Without a Face."" Charles enlists McLeod's help as tutor for the St. Matthew's school entrance exams, his ticket away from the unpleasant restrictions of his home life. But more important than anything he could get out of a book, that summer Charles learns from McLeod a stirring life lesson about the many faces of love.
Not much affection had come Charles's way until the summer he was fourteen, when he met McLeod [a man whose face was deeply scarred] and learned that love has many facets.' BL. `A highly moral book, powerfully and sensitively written; a book that never loses sight of the human."" H.",1179.0,The Man Without a Face,100,8.0,115.0,PG-13,Warner Bros. Entertainment | Netflix,Drama,32824.0,6.7,0
302,Girl with a Pearl Earring,Tracy Chevalier,1999,Girl with a Pearl Earring,2003,2000_2004,Comedy_Satire,medium,"Girl with a Pearl Earring (1999), Tracy Chevalier",Girl with a Pearl Earring (2003),https://en.wikipedia.org/wiki/List_of_fiction_works_made_into_feature_films_(D%E2%80%93J),3.85,8245.0,682.0,233.0,0.0,"History and fiction merge seamlessly in Tracy Chevalier's luminous novel about artistic vision and sensual awakening. Through the eyes of sixteen-year-old Griet, the world of 1660s Holland comes dazzlingly alive in this richly imagined portrait of the young woman who inspired one of Vermeer's most celebrated paintings.",320.0,Girl With a Pearl Earring,100,12.0,100.0,PG-13,UIP-Dunafilm,"Biography,Drama,Romance",85437.0,6.9,0
303,High Fidelity,Nick Hornby,1995,High Fidelity,2000,2000_2004,Comedy_Satire,medium,"High Fidelity (1995), Nick Hornby",High Fidelity (2000),https://en.wikipedia.org/wiki/List_of_fiction_works_made_into_feature_films_(D%E2%80%93J),3.94,1840.0,132.0,245.0,0.0,"Alternate Cover Edition can be found . 
It has been said often enough that baby boomers are a television generation, but the very funny novel High Fidelityreminds that in a way they are the record-album generation as well. This funny novel is obsessed with music; Hornby's narrator is an early-thirty-something English guy who runs a London record store. He sells albums recorded the old-fashioned way-on vinyl-and is having a tough time making other transitions as well, specifically adulthood. The book is in one sense a love story, both sweet and interesting; most entertaining, though, are the hilarious arguments over arcane matters of pop music.",652.0,High Fidelity,100,3.0,113.0,R,Netflix | Walt Disney Studios Motion Pictures | Disney+,"Comedy,Drama,Music",198623.0,7.4,0
304,The Hitchhiker's Guide to the Galaxy,Douglas Adams,1979,The Hitchhiker's Guide to the Galaxy,2004,2000_2004,Comedy_Satire,medium,"The Hitchhiker's Guide to the Galaxy (1979), Douglas Adams",The Hitchhiker's Guide to the Galaxy (2004),https://en.wikipedia.org/wiki/List_of_fiction_works_made_into_feature_films_(D%E2%80%93J),4.2,9.0,1.0,159.0,1.0,"Seconds before the Earth is demolished to make way for a galactic freeway, Arthur Dent is plucked off the planet by his friend Ford Prefect, a researcher for the revised edition of The Hitchhiker's Guide to the Galaxy who, for the last fifteen years, has been posing as an out-of-work actor.
Together this dynamic pair begin a journey through space aided by quotes from The Hitchhiker's Guide (""A towel is about the most massively useful thing an interstellar hitchhiker can have"") and a galaxy-full of fellow travelers: Zaphod Beeblebrox--the two-headed, three-armed ex-hippie and totally out-to-lunch president of the galaxy; Trillian, Zaphod's girlfriend (formally Tricia McMillan), whom Arthur tried to pick up at a cocktail party once upon a time zone; Marvin, a paranoid, brilliant, and chronically depressed robot; Veet Voojagig, a former graduate student who is obsessed with the disappearance of all the ballpoint pens he bought over the years.",953.0,The Hitchhiker's Guide to the Galaxy,100,,109.0,,Netflix | InterCom,"Adventure,Comedy,Sci-Fi",216506.0,6.7,0
305,Memoirs of an Invisible Man,H.F. Saint,1987,Memoirs of an Invisible Man,1992,1990_1994,Historical_Biography,medium,"Memoirs of an Invisible Man (1987), H.F. Saint",Memoirs of an Invisible Man (1992),https://en.wikipedia.org/wiki/List_of_fiction_works_made_into_feature_films_(K%E2%80%93R),4.1,1225.0,107.0,396.0,0.0,"A freak accident renders an ordinary stock analyst invisible, and though invisibility has its pitfalls, he is able to eavesdrop his way into amassing a fortune in this side-splitting, tear-jerking mixture of fantasy and nightmare.",230.0,Memoirs of an Invisible Man,100,2.0,99.0,PG-13,Warner Bros. Entertainment,"Comedy,Romance,Sci-Fi",29281.0,6.0,0
306,Schindler's Ark,Thomas Keneally,1982,Schindler's List,1993,1990_1994,Historical_Biography,medium,"Schindler's Ark (1982), Thomas Keneally",Schindler's List (1993),https://en.wikipedia.org/wiki/List_of_fiction_works_made_into_feature_films_(S%E2%80%93Z),4.34,82.0,8.0,401.0,0.0,"In the shadow of Auschwitz, a flamboyant German industrialist grew into a living legend to the Jews of Cracow. He was a womaniser, a heavy drinker and a bon viveur, but to them he became a saviour. This is the extraordinary story of Oskar Schindler, who risked his life to protect Jews in Nazi-occupied Poland and who was transformed by the war into a man with a mission, a compassionate angel of mercy.",403.0,Schindler's Ark,100,12.0,195.0,R,Universal Pictures | Netflix | Fandango at Home,"Biography,Drama,History",1577140.0,9.0,0
307,War of the Buttons,Louis Pergaud,1912,War of the Buttons,1994,1990_1994,Historical_Biography,medium,"War of the Buttons (French: La Guerre des boutons) (1912), Louis Pergaud",War of the Buttons (1994),https://en.wikipedia.org/wiki/List_of_fiction_works_made_into_feature_films_(S%E2%80%93Z),,,,,,,,,0,8.0,94.0,PG,,"Adventure,Drama,Family",4931.0,7.3,0
308,Jitter Joint,Howard Swindle,1999,D-Tox,2002,2000_2004,Historical_Biography,medium,"Jitter Joint (1999), Howard Swindle",D-Tox (2002),https://en.wikipedia.org/wiki/List_of_fiction_works_made_into_feature_films_(D%E2%80%93J),,,,,,,,,0,1.0,96.0,R,Netflix,"Crime,Thriller",30960.0,5.3,0
309,She: A History of Adventure,H. Rider Haggard,1886,She,2001,2000_2004,Historical_Biography,medium,"She: A History of Adventure (serialised 1886–87, published as a book, 1887), H. Rider Haggard",She (2001),https://en.wikipedia.org/wiki/List_of_fiction_works_made_into_feature_films_(S%E2%80%93Z),3.59,19.0,5.0,,1.0,"Sheis the story of Cambridge professor Horace Holly and his ward Leo Vincey, and their journey to a lost kingdom in the African interior. The journey is triggered by a mysterious package left to Leo by his father, to be opened on his 25th birthday; the package contains an ancient shard of pottery and several documents, suggesting an ancient mystery about the Vincey family. Holly and Leo eventually arrive in eastern Africa where they encounter a primitive race of natives and a mysterious white queen, Ayesha, who reigns as the all-powerful ""She"" or ""She-who-must-be-obeyed"" and who has a mysterious connection to young Leo.
The story expresses numerous racial and evolutionary conceptions of the late Victorians, especially notions of degeneration and racial decline prominent during the fin de siecle. In the figure of She, the novel notably explored themes of female authority and feminine behaviour. It has received praise and criticism alike for its representation of womanhood. (From Wikipedia)",1003.0,She: A History of Adventure,100,,94.0,,,"Action,Adventure,Fantasy",188.0,3.5,0
310,Exit to Eden,Anne Rice (as Anne Rampling),1984,Exit To Eden,1994,1990_1994,Horror,medium,"Exit to Eden (1984), Anne Rice (as Anne Rampling)",Exit To Eden (1994),https://en.wikipedia.org/wiki/List_of_fiction_works_made_into_feature_films_(D%E2%80%93J),3.55,353.0,32.0,308.0,0.0,"WE ALL DREAM OF THE FORBIDDEN BUT SOME OF US MAKE THOSE DREAMS COME TRUE.
In her best-selling ""Vampire"" books, Anne Rice daringly exposes the erotic link between fear and desire while Lestat and-Rice's other charismatic ""blood drinkers"" draw us, irresistibly, to the dark side of ourselves.
With the same mystery, menace, and intensity, Exit to Edencontinues to explore the forbidden by taking us to The Club, a vacation paradise where no aspect of sexual pleasure is taboo. And just as The Story of Oshocked the sixties by speaking aloud what had only been whispered, Exit to Edengives voice to the sexual secrets of this decade ... looking boldly at those who enslave themselves for love and those who love only to be enslaved.",729.0,Exit to Eden,100,10.0,113.0,R,,"Comedy,Crime,Romance",7702.0,4.3,0
311,Interview with the Vampire,Anne Rice,1976,Interview with the Vampire,1994,1990_1994,Horror,medium,"Interview with the Vampire (1976), Anne Rice",Interview with the Vampire (1994),https://en.wikipedia.org/wiki/List_of_fiction_works_made_into_feature_films_(D%E2%80%93J),3.98,302.0,19.0,,1.0,"In a darkened room a young man sits telling the macabre and eerie story of his life - the story of a vampire, gifted with eternal life, cursed with an exquisite craving for human blood. Anne Rice's compulsively readable novel is arguably the most celebrated work of vampire fiction since Bram Stoker's Dracula was published in 1897. As the Washington Post said on its first publication, it is a 'thrilling, strikingly original work of the imagination . . . sometimes horrible, sometimes beautiful, always unforgettable'.",520.0,Interview with the vampire,100,11.0,123.0,R,InterCom,"Drama,Fantasy,Horror",374856.0,7.5,0
312,Wild Justice,Wilbur Smith,1979,Wild Justice (a. k. a. Covert Assassin),1993,1990_1994,Action_Adventure,medium,"Wild Justice (1979), Wilbur Smith",Wild Justice (a. k. a. Covert Assassin) (1993),https://en.wikipedia.org/wiki/List_of_fiction_works_made_into_feature_films_(S%E2%80%93Z),3.83,1541.0,42.0,487.0,0.0,"The hijacking of a jumbo jet off the Seychelles galvanises anti-terrorist chief Peter Stride into the action for which he has spent a lifetime training. But even in the hail of bullets which follows, he knows this is the beginning of a nightmare.",246.0,Wild Justice,100,,,,,,,,0
313,The Bridge of San Luis Rey,Thornton Wilder,1927,The Bridge of San Luis Rey,2004,2000_2004,Action_Adventure,medium,"The Bridge of San Luis Rey (1927), Thornton Wilder",The Bridge of San Luis Rey (2004),"https://en.wikipedia.org/wiki/List_of_fiction_works_made_into_feature_films_(0%E2%80%939,_A%E2%80%93C)",3.8,22429.0,1263.0,138.0,0.0,"Featuring a beautiful new cover and author biography, this novel, which brought Wilder his first Pulitzer Prize, tells the story of a monk's quest to find meaning behind the deaths of five people killed in the collapse of a Peruvian bridge.",240.0,The Bridge of San Luis Rey,100,12.0,120.0,PG,Netflix | Fine Line Features,"Drama,History,Romance",3887.0,5.0,0
314,The Island of Doctor Moreau,H. G. Wells,1896,Dr. Moreau's House of Pain,2004,2000_2004,Action_Adventure,medium,"The Island of Doctor Moreau (1896), H. G. Wells",Dr. Moreau's House of Pain (2004),https://en.wikipedia.org/wiki/List_of_fiction_works_made_into_feature_films_(D%E2%80%93J),3.72,70.0,5.0,,0.0,"Filmed numerous times, The Island of Doctor Moreauremains one of H. G. Wells' best-known novels. The story tells of Edward Prendick, a shipwrecked man rescued by a passing boat who is left on the island home of Doctor Moreau, a reclusive genius who creates human-like hybrid beings from animals via vivisection.
The novel deals with a number of philosophical themes, including pain and cruelty, moral responsibility, human identity, and human interference with nature.",468.0,The Island of Doctor Moreau,100,1.0,,,Full Moon Features,,,,0
315,The Rules of Attraction,Bret Easton Ellis,1987,The Rules of Attraction,2002,2000_2004,Action_Adventure,medium,"The Rules of Attraction (1987), Bret Easton Ellis",The Rules of Attraction (2002),https://en.wikipedia.org/wiki/List_of_fiction_works_made_into_feature_films_(K%E2%80%93R),3.71,229.0,7.0,283.0,0.0,This novel offers a satirical yet bleak vision of the modern world - a world devoted to conspicuous consumption and consumer-as-king culture - and highlights the feelings of futility and superficiality that mark an entire generation.,233.0,Rules Of Attraction,100,10.0,110.0,R,Starz Entertainment | Netflix,"Comedy,Drama,Romance",55519.0,6.6,0
316,The Shipping News,Annie Proulx,1993,The Shipping News,2001,2000_2004,Action_Adventure,medium,"The Shipping News (1993), Annie Proulx",The Shipping News (2001),https://en.wikipedia.org/wiki/List_of_fiction_works_made_into_feature_films_(S%E2%80%93Z),3.83,595.0,67.0,355.0,0.0,"When Quoyle's two-timing wife meets her just desserts, he retreats with his two daughters to his ancestral home on the starkly beautiful Newfoundland coast, where a rich cast of local characters and family members all play a part in Quoyle's struggle to reclaim his life. As Quoyle confronts his private demons--and the unpredictable forces of nature and society--he begins to see the possibility of love without pain or misery. A vigorous, darkly comic, and at times magical portrait of the contemporary North American family, The Shipping Newsshows why Annie Proulx is recognized as one of the most gifted and original writers in America today.",646.0,The Shipping News,100,12.0,111.0,R,Miramax | Netflix,Drama,34709.0,6.7,0
317,The Mysterious Island,Jules Verne,1874,Journey 2: The Mysterious Island,2012,2010_2014,Action_Adventure,medium,"The Mysterious Island (French: L'Île mystérieuse) (1874), Jules Verne",Journey 2: The Mysterious Island (2012),https://en.wikipedia.org/wiki/List_of_fiction_works_made_into_feature_films_(K%E2%80%93R),4.08,114.0,3.0,,1.0,"Five Union prisoners escape from the seige of Richmond in a balloon, are blown off course and crash on an uncharted island. They must learn to rebuild a society for themselves while awaiting rescue.",198.0,The Mysterious Island,100,1.0,94.0,PG,Netflix | InterCom,"Action,Adventure,Comedy",120306.0,5.7,0
318,The Pirates! in an Adventure with Scientists,Gideon Defoe,2004,The Pirates! In an Adventure with Scientists,2012,2010_2014,Action_Adventure,medium,"The Pirates! in an Adventure with Scientists (2004), Gideon Defoe",The Pirates! In an Adventure with Scientists (2012),https://en.wikipedia.org/wiki/List_of_fiction_works_made_into_feature_films_(K%E2%80%93R),3.88,2940.0,381.0,144.0,1.0,"Not since Moby-Dick... No, not since Treasure Island... Actually, not since Jonah and the Whale has there been a sea saga to rival The Pirates! In an Adventure with Scientists, featuring the greatest sea-faring hero of all time, the immortal Pirate Captain, who, although he lives for months at a time at sea, somehow manages to keep his beard silky and in good condition.
Worried that his pirates are growing bored with a life of winking at pretty native ladies and trying to stick enough jellyfish together to make a bouncy castle, the Pirate Captain decides it's high time to spearhead an adventure.
While searching for some major pirate booty, he mistakenly attacks the young Charles Darwin's Beagle and then leads his ragtag crew from the exotic Galapagos Islands to the fog-filled streets of Victorian London. There they encounter grisly murder, vanishing ladies, radioactive elephants, and the Holy Ghost himself. And that's not even the half of it.",956.0,The Pirates! In an Adventure with Scientists,100,3.0,,PG,,,,,0
319,The Siege of Trencher's Farm,Gordon Williams,1969,Straw Dogs,2011,2010_2014,Action_Adventure,medium,"The Siege of Trencher's Farm (1969), Gordon Williams",Straw Dogs (2011),https://en.wikipedia.org/wiki/List_of_fiction_works_made_into_feature_films_(S%E2%80%93Z),3.38,5.0,1.0,159.0,0.0,"Izvorni roman na kojem je baziran kontroverzni film Sama Peckinpaha - Straw Dogs.
Film strave i uzasa -- knjiga nasilja i smrti, PSI OD SLAME govore o dogadajima u malom engleskom selu, gde se posle jednog slucajnog ubistva nezadrzivo zaosijava ludacko kolo ubijanja, pokrivajuci lesevima tlo dotle mirne kornvolske farme...
Film snimljen po ovom romanu nazvan je remek-delom, a njegova poruka je da moramo spoznati pravu prirodu nasilja da bismo mu se mogli suprotstaviti!",473.0,The Siege Of Trencher's Farm,100,9.0,110.0,R,Netflix | Screen Gems,"Action,Drama,Thriller",37619.0,5.8,0
320,The Killer Angels,Michael Shaara,1974,Gettysburg,1993,1990_1994,Thriller_Mystery_Crime,medium,"The Killer Angels (1974), Michael Shaara",Gettysburg (1993),https://en.wikipedia.org/wiki/List_of_fiction_works_made_into_feature_films_(K%E2%80%93R),4.3,3.0,2.0,,1.0,"In the four most bloody and courageous days of our nation's history, two armies fought for two dreams. One dreamed of freedom, the other of a way of life. Far more than rifles and bullets were carried into battle. There were memories. There were promises. There was love. And far more than men fell on those Pennsylvania fields. Shattered futures, forgotten innocence, and crippled beauty were also the casualties of war. The Killer Angelsis unique, sweeping, unforgettable--a dramatic re-creation of the battleground for America's destiny.",540.0,The Killer Angels,100,10.0,254.0,PG,New Line Cinema,"Drama,History,War",33268.0,7.6,0
321,The Mystery of Edwin Drood,Charles Dickens,1870,The Mystery of Edwin Drood,1993,1990_1994,Thriller_Mystery_Crime,medium,"The Mystery of Edwin Drood (1870), Charles Dickens",The Mystery of Edwin Drood (1993),https://en.wikipedia.org/wiki/List_of_fiction_works_made_into_feature_films_(K%E2%80%93R),3.66,238.0,12.0,232.0,0.0,"The Mystery of Edwin Drood is the final novel by Charles Dickens. The novel was unfinished at the time of Dickens's death (9 June 1870) and his ending for it is unknown.
Though the novel is named after the character Edwin Drood, the story focuses on Drood's uncle, precentor, choirmaster and opium addict, John Jasper, who is in love with his pupil, Rosa Bud. Miss Bud, Drood's fiancee, has also caught the eye of the high-spirited and hot-tempered Neville Landless, who comes from Ceylon with his twin sister, Helena. Landless and Drood take an instant dislike to one another. Drood later disappears under mysterious circumstances.
BONUS :
* The Mystery of Edwin Drood Audiobook.
* 12 Illustrations about Charles Dickens
* The 49 Best Charles Dickens Quotes",758.0,The Mystery of Edwin Drood,100,4.0,112.0,,A+E Global Media,"Crime,Drama,Mystery",78.0,6.6,0
322,The Pelican Brief,John Grisham,1992,The Pelican Brief,1993,1990_1994,Thriller_Mystery_Crime,medium,"The Pelican Brief (1992), John Grisham",The Pelican Brief (1993),https://en.wikipedia.org/wiki/List_of_fiction_works_made_into_feature_films_(K%E2%80%93R),3.95,2377.0,75.0,400.0,0.0,"In suburban Georgetown a killer's Reeboks whisper on the front floor of a posh home... In a seedy D.C. porno house a patron is swiftly garroted to death... The next day America learns that two of its Supreme Court justices have been assassinated. And in New Orleans, a young law student prepares a legal brief... To Darby Shaw it was no more than a legal shot in the dark, a brilliant guess. To the Washington establishment it was political dynamite. Suddenly Darby is witness to a murder -- a murder intended for her. Going underground, she finds there is only one person she can trust -- an ambitious reporter after a news break hotter than Watergate -- to help her piece together the deadly puzzle. Somewhere between the bayous of Louisiana and the White House's inner sanctums, a violent cover-up is being engineered. For someone has read Darby's brief. Someone who will stop at nothing to destroy the evidence of an unthinkable crime.",939.0,The Pelican Brief,100,9.0,141.0,PG-13,Warner Bros. Entertainment | Netflix,"Crime,Drama,Mystery",103260.0,6.6,0
323,The Russia House,John le Carré,1989,The Russia House,1990,1990_1994,Thriller_Mystery_Crime,medium,"The Russia House (1989), John le Carré",The Russia House (1990),https://en.wikipedia.org/wiki/List_of_fiction_works_made_into_feature_films_(K%E2%80%93R),3.9,208.0,19.0,353.0,0.0,"From premier spy novelist John le Carre, a magnificent thriller, a love story and an ethical puzzle for our time.
We are in the third year of perestroika and glasnost. The place is Moscow. The man is Barley; a derelict, English publisher with a passion for jazz and a penchant for booze, who visits the Moscow Book Fair.
The woman is Katya: a beautiful Russian with a mission to mankind and access to some of the hottest defense intelligence to come out of the Soviet Union in years. It source: a disillusioned and desperate Russian physicist who wants Barley to publish the secrets . . but the British Secret Service and the CIA have other ideas.",647.0,The Russia House,100,12.0,123.0,R,Metro-Goldwyn-Mayer | Netflix,"Drama,Romance,Thriller",19589.0,6.1,0
324,The Silence of the Lambs,Thomas Harris,1988,The Silence of the Lambs,1991,1990_1994,Thriller_Mystery_Crime,medium,"The Silence of the Lambs (1988), Thomas Harris",The Silence of the Lambs (1991),https://en.wikipedia.org/wiki/List_of_fiction_works_made_into_feature_films_(S%E2%80%93Z),4.15,2642.0,203.0,367.0,1.0,"Hannibal Lecter. The ultimate villain of modern fiction. Read the five-million-copy bestseller that scared the world silent... A young FBI trainee. An evil genius locked away for unspeakable crimes. A plunge into the darkest chambers of a psychopath's mind-- in the deadly search for a serial killer... Thomas Harris is the author of Hannibal , Red Dragon , and Black Sunday . As part of the search for a serial murderer nicknamed ""Buffalo Bill,"" FBI trainee Clarice Starling is given an assignment. She must visit a man confined to a high-security facility for the criminally insane and interview him.",602.0,The Silence of the Lambs,100,2.0,118.0,R,Orion Pictures | Netflix,"Crime,Drama,Horror",1710484.0,8.6,0
325,Blood Work,Michael Connelly,1998,Blood Work,2002,2000_2004,Thriller_Mystery_Crime,medium,"Blood Work (1998), Michael Connelly",Blood Work (2002),"https://en.wikipedia.org/wiki/List_of_fiction_works_made_into_feature_films_(0%E2%80%939,_A%E2%80%93C)",4.11,133.0,21.0,456.0,1.0,"New York Times bestselling author Michael Connelly presents his most ambitious, most gripping achievement to date--a novel of masterly suspense and righteous obsession that will never let you go.When Graciella Rivers steps onto his boat, ex-FBI agent Terrell McCaleb has no idea he's about to come out of retirement. He's recuperating from a heart transplant and avoiding anything stressful. But when Graciella tells him the way her sister Gloria was murdered, it leaves Terry no choice. Now the man with the new heart vows to take down a predator without a soul. For Gloria's killer shatters every rule that McCaleb ever learned in his years with the Bureau--as McCaleb gets no more second chances at life...and just one shot at the truth.",740.0,Blood Work,100,8.0,110.0,R,Warner Bros. Entertainment,"Action,Crime,Drama",50615.0,6.4,0
326,Emil and the Detectives,Erich Kästner,1929,Emil and the Detectives,2001,2000_2004,Thriller_Mystery_Crime,medium,"Emil and the Detectives (German: Emil und die Detektive) (1929), Erich Kästner",Emil and the Detectives (2001),https://en.wikipedia.org/wiki/List_of_fiction_works_made_into_feature_films_(D%E2%80%93J),4.1,28.0,1.0,,0.0,"Growing up is the most exciting adventure of all
Join young Emil as he says goodbye to his mother, leaves his small town and sets off on a journey that will change his life. When his money is stolen on the train by a mysterious stranger, Emil thinks he's lost everything. But as he starts tracking down the thief, he soon discovers that he's not alone in the big city after all. For this classic tale of a boy learning to rely on himself - and on his new friends - the Olivier stage transforms into 1920s Berlin: a place full of surprises and danger, where everything moves at the speed of your imagination.",607.0,Emil and the Detectives,100,2.0,107.0,,Netflix,"Adventure,Comedy,Crime",1395.0,6.0,0
327,Hannibal,Thomas Harris,1999,Hannibal,2001,2000_2004,Thriller_Mystery_Crime,medium,"Hannibal (1999), Thomas Harris",Hannibal (2001),https://en.wikipedia.org/wiki/List_of_fiction_works_made_into_feature_films_(D%E2%80%93J),3.72,1378.0,91.0,546.0,1.0,"You remember Hannibal Lecter: gentleman. genius. cannibal.
Seven years have passed since Dr. Lecter escaped from custody. And for seven years he's been at large, free to savor the scents, the essences, of an unguarded world. But intruders have entered Dr. Lecter's sanctuary, piercing his new identity, sensing the evil that surrounds him. For the multimillionaire Hannibal left maimed, for a corrupt Italian policeman. and for FBI agent Clarice Starling, who once stood before Lecter and who has never been the same, the hunt for Hannibal Lecter has begun. All of them, in their separate ways, want to find Dr. Lecter. And all three will get their wish. But only one will live long enough to savor the reward...",712.0,Hannibal,100,2.0,131.0,R,InterCom,"Crime,Drama,Thriller",312504.0,6.8,1
328,Red Dragon,Thomas Harris,1981,Red Dragon,2002,2000_2004,Thriller_Mystery_Crime,medium,"Red Dragon (1981), Thomas Harris",Red Dragon (2002),https://en.wikipedia.org/wiki/List_of_fiction_works_made_into_feature_films_(K%E2%80%93R),4.02,41.0,6.0,354.0,1.0,"Will Graham stands in a silent, empty house communing with a killer. An FBI instructor with a gift for hunting madmen, Graham knows what his murderer looks like, how he thinks, and what he did to his victims after they died. Now Graham must try to catch him. But to do it, he must feel the heat of a killer's brain, draw on the macabre advice of a dangerous mental patient, Dr. Hannibal Lecter, and follow a trail of microscopic clues to the place where another family has already been chosen to die--and where an innocent woman has found the Dragon first.",556.0,Red Dragon,100,10.0,124.0,R,Universal Pictures | Netflix,"Crime,Drama,Thriller",310570.0,7.2,0
329,Skipping Christmas,John Grisham,2001,Christmas with the Kranks,2004,2000_2004,Thriller_Mystery_Crime,medium,"Skipping Christmas (2001), John Grisham",Christmas with the Kranks (2004),https://en.wikipedia.org/wiki/List_of_fiction_works_made_into_feature_films_(S%E2%80%93Z),3.47,39965.0,2727.0,198.0,0.0,"Imagine a year without Christmas. No crowded shops, no corny office parties, no fruitcakes, no unwanted presents. That's just what Luther and Nora Krank have in mind when they decide that, just this once, they'll skip the holiday altogether. Theirs will be the only house on the street without a rooftop Frosty the snowman; they won't be hosting their annual Christmas Eve bash; they aren't even going to have a tree. They won't need one, because come December 25 they're setting sail on a Caribbean cruise. But, as this weary couple is about to discover, skipping Christmas brings enormous consequences - and isn't half as easy as they'd imagined.
A classic tale for modern times, Skipping Christmasoffers a hilarious look at the chaos and frenzy that has become part of our holiday tradition.",794.0,Skipping Christmas,100,11.0,99.0,PG,Netflix | InterCom,"Comedy,Family",65250.0,5.5,0
330,The Last Ride,Thomas Eidson,1996,The Missing,2003,2000_2004,Thriller_Mystery_Crime,medium,"The Last Ride (1996), Thomas Eidson",The Missing (2003),https://en.wikipedia.org/wiki/List_of_fiction_works_made_into_feature_films_(K%E2%80%93R),3.16,18.0,9.0,,0.0,"Dave Morrison has been driving round London all day, picking up passengers in his black cab, praying they can distract him from the terrible thing he has to confront tomorrow morning.
When he finally parks up for the night and is approached by two men in a dark backstreet, his prayers are answered. Unfortunately for Dave, their brand of distraction could prove fatal.",369.0,The Last Ride,100,11.0,137.0,R,Columbia Pictures | Netflix,"Adventure,Drama,Thriller",41486.0,6.5,0
331,The Name of the Game is Kidnapping,Keigo Higashino,2002,G@me,2003,2000_2004,Thriller_Mystery_Crime,medium,"The Name of the Game is Kidnapping (ゲームの名は誘拐, Gēmu no Na wa Yūkai) (2002), Keigo Higashino",G@me (2003),https://en.wikipedia.org/wiki/List_of_fiction_works_made_into_feature_films_(K%E2%80%93R),,,,,,,,,0,11.0,,,,,,,0
332,The Runaway Jury,John Grisham,1996,Runaway Jury,2003,2000_2004,Thriller_Mystery_Crime,medium,"The Runaway Jury (1996), John Grisham",Runaway Jury (2003),https://en.wikipedia.org/wiki/List_of_fiction_works_made_into_feature_films_(K%E2%80%93R),3.96,774.0,61.0,550.0,0.0,"He has waited for this moment.
He has planned his every move.
He has made it onto the jury in the most explosive trial of the century.
Now the verdict belongs to him. . . .
They are at the center of a multimillion dollar legal hurricane: twelve men and women who have been investigated, watched, manipulated, and harassed by high-priced lawyers and consultants who will stop at nothing to secure a verdict. Now that the jury must make a decision in the most explosive trial of the century, a precedent-setting lawsuit against a giant tobacco company. But only a handful of people know the truth: that this jury has a leader, and the verdict belongs to him...
He is known only as Juror #2. But he has a name, a past, and he has planned his every move with the help of a beautiful woman on the outside. Now, while a corporate empire hands in the balance, while a grieving family waits, and while lawyers are plunged into a battle for their careers, the truth about Juror #2 is about to explode, in a cross fire of greed and corruption--and with justice fighting for its life...",1075.0,The Runaway Jury,100,1.0,127.0,PG-13,20th Century Studios | Netflix,"Crime,Drama,Thriller",121026.0,7.1,0
333,The Sum of All Fears,Tom Clancy,1991,The Sum of All Fears,2002,2000_2004,Thriller_Mystery_Crime,medium,"The Sum of All Fears (1991), Tom Clancy",The Sum of All Fears (2002),https://en.wikipedia.org/wiki/List_of_fiction_works_made_into_feature_films_(S%E2%80%93Z),3.99,959.0,48.0,912.0,1.0,"A new world order... on the brink of destruction...
Peace may finally be at hand in the Middle East---as Jack Ryan lays the groundwork for a plan that could end centuries of conflict. But ruthless terrorists have a final, desperate card to play; with one terrible act, distrust mounts, forces collide, and the floundering U.S. president seems unable to cope with the crisis.
With the world on the verge of nuclear disaster, Ryan must frantically seek a solution---before the chiefs of state lose control of themselves and the world.
The author of five consecutive #1 bestsellers, Tom Clancy now offers his timeliest, most explosive novel yet, presented here in a special, expanded four-cassette program---six hours of the exceptional realism, authenticity and unrelenting suspense that make him the undisputed master of the contemporary thriller.",846.0,"The Sum of All Fears (Jack Ryan, #6)",72,5.0,124.0,PG-13,Paramount Pictures | Netflix,"Action,Drama,Thriller",133753.0,6.5,0
334,"Tinker, Tailor, Soldier, Spy",John le Carré,1974,"Tinker, Tailor, Soldier, Spy",2011,2010_2014,Thriller_Mystery_Crime,medium,"Tinker, Tailor, Soldier, Spy (1974), John le Carré","Tinker, Tailor, Soldier, Spy (2011)",https://en.wikipedia.org/wiki/List_of_fiction_works_made_into_feature_films_(S%E2%80%93Z),4.04,1412.0,26.0,,1.0,"It is now beyond a doubt that a mole, implanted decades ago by Moscow Centre, has burrowed his way into the highest echelons of British Intelligence. His treachery has already blown some of its most vital operations and its best networks. It is clear that the double agent is one of its own kind. But which one? George Smiley is assigned to identify him. And once identified, the traitor must be destroyed",405.0,"Tinker, Tailor, Soldier, Spy",100,9.0,127.0,R,,"Drama,Mystery,Thriller",225487.0,7.0,0
335,Detective in the Bar,Naomi Azuma,1981,"Detective in the Bar (探偵はBARにいる, Tantei wa bar ni iru)",2011,2010_2014,Thriller_Mystery_Crime,medium,"Detective in the Bar (探偵はバーにいる, Bar ni Kakatte Kita Denwa) (1981), Naomi Azuma","Detective in the Bar (探偵はBARにいる, Tantei wa bar ni iru) (2011)",https://en.wikipedia.org/wiki/List_of_fiction_works_made_into_feature_films_(D%E2%80%93J),,,,,,,,,0,,,,,,,,0
336,Breakfast with Scot,Michael Downing,1999,Breakfast with Scot,2007,2005_2009,Comedy_Satire,medium,"Breakfast with Scot (1999), Michael Downing",Breakfast with Scot (2007),"https://en.wikipedia.org/wiki/List_of_fiction_works_made_into_feature_films_(0%E2%80%939,_A%E2%80%93C)",3.61,260.0,41.0,208.0,0.0,,0.0,Breakfast with Scot,100,11.0,95.0,,Netflix,"Comedy,Drama,Music",3359.0,6.8,0
337,"Brideshead Revisited, The Sacred & Profane Memories of Captain Charles Ryder",Evelyn Waugh,1945,Brideshead Revisited,2008,2005_2009,Comedy_Satire,medium,"Brideshead Revisited, The Sacred & Profane Memories of Captain Charles Ryder (1945), Evelyn Waugh",Brideshead Revisited (2008),"https://en.wikipedia.org/wiki/List_of_fiction_works_made_into_feature_films_(0%E2%80%939,_A%E2%80%93C)",3.99,511.0,74.0,351.0,0.0,"Evelyn Waugh's most celebrated work is a memory drama about the intense entanglement of the narrator, Charles Ryder, with a great Anglo-Catholic family. Written during World War II, the story mourns the passing of the aristocratic world Waugh knew in his youth and vividly recalls the sensuous pleasures denied him by wartime austerities; in so doing it also provides a profound study of the conflict between the demands of religion and the desires of the flesh. At once romantic, sensuous, comic, and somber, Brideshead Revisited transcends Waugh's familiar satiric exploration of his cast of lords and ladies, Catholics and eccentrics, artists and misfits, revealing him to be an elegiac, lyrical novelist of the utmost feeling and lucidity.",743.0,Brideshead Revisited: The Sacred and Profane Memories of Captain Charles Ryder,97,7.0,133.0,PG-13,Walt Disney Pictures | Netflix | Budapest Film,"Drama,Romance",14217.0,6.6,0
338,Dinner with a Perfect Stranger: An Invitation Worth Considering,David Gregory,2005,The Perfect Gift,2009,2005_2009,Comedy_Satire,medium,"Dinner with a Perfect Stranger: An Invitation Worth Considering (2005), David Gregory",The Perfect Gift (2009),https://en.wikipedia.org/wiki/List_of_fiction_works_made_into_feature_films_(D%E2%80%93J),3.97,2634.0,400.0,100.0,0.0,"You are Invited to a Dinner with Jesus of Nazareth: The mysterious envelope arrives on Nick Cominsky's desk amid a stack of credit card applications and business-related junk mail. Although his seventy-hour workweek has already eaten into his limited family time, Nick can't pass up the opportunity to see what kind of plot his colleagues have hatched...
The normally confident, cynical Nick soon finds himself thrown off-balance, drawn into an intriguing conversation with a baffling man who comfortably discusses everything from world religions to the existence of heaven and hell. And this man who calls himself Jesus also seems to know a disturbing amount about Nick's personal life.",687.0,Dinner with a Perfect Stranger: An Invitation Worth Considering,100,11.0,89.0,,,Drama,537.0,7.0,0
339,Fever Pitch,Nick Hornby,1992,Fever Pitch,2005,2005_2009,Comedy_Satire,medium,"Fever Pitch (1992), Nick Hornby",Fever Pitch (2005),https://en.wikipedia.org/wiki/List_of_fiction_works_made_into_feature_films_(D%E2%80%93J),3.72,370.0,41.0,247.0,0.0,"In America, it is soccer. But in Great Britain, it is the real football. No pads, no prayers, no prisoners. And that's before the players even take the field.
Nick Hornby has been a football fan since the moment he was conceived. Call it predestiny. Or call it preschool. Fever Pitchis his tribute to a lifelong obsession. Part autobiography, part comedy, part incisive analysis of insanity, Hornby's award-winning memoir captures the fever pitch of fandom -- its agony and ecstasy, its community, its defining role in thousands of young mens' coming-of-age stories. Fever Pitchis one for the home team. But above all, it is one for everyone who knows what it really means to have a losing season.",697.0,Fever Pitch,100,4.0,104.0,PG-13,20th Century Studios | Netflix | Disney+,"Comedy,Drama,Romance",49763.0,6.2,0
340,Eye of the Needle,Ken Follett,1978,Fanaa,2006,2005_2009,Historical_Biography,medium,"Eye of the Needle (1978), Ken Follett",Fanaa (2006),https://en.wikipedia.org/wiki/List_of_fiction_works_made_into_feature_films_(D%E2%80%93J),4.17,94753.0,1698.0,,0.0,"One enemy spy knows the secret to the Allies' greatest deception, a brilliant aristocrat and ruthless assassin -- code name: ""The Needle"" -- who holds the key to ultimate Nazi victory.
Only one person stands in his way: a lonely Englishwoman on an isolated island, who is beginning to love the killer who has mysteriously entered her life.
All will come to a terrifying conclusion in Ken Follett's unsurpassed and unforgettable masterwork of suspense, intrigue, and the dangerous machinations of the human heart.",512.0,Eye of the Needle,100,5.0,168.0,,Netflix | Yash Raj Films,"Action,Drama,Romance",36910.0,7.1,0
341,Header,Edward Lee,1995,Header,2006,2005_2009,Historical_Biography,medium,"Header (1995), Edward Lee",Header (2006),https://en.wikipedia.org/wiki/List_of_fiction_works_made_into_feature_films_(D%E2%80%93J),3.85,280.0,33.0,100.0,1.0,"Grandpappy, what's a header?
Header is a tale of consummate grotesquerie from the master of graphic horror -- the author of such books as: Succubi, Incubi and Creekers. It is a chapbook of the most extreme fiction you'll ever read! A horrific splatter mystery in the Joe R. Lansdale tradition... bathed in blood!
An old man with no feet, a bumpkin rapist fresh out of prison, a federal cop who will do anything for money... They all have one thing in common...
The ultimate revenge, the ultimate perversion. What kind of a mind could devise such a thing? What kind of evil?
Deep in the hills, something hideous is going on. From the squalid shack you can hear it: the demented revel, the shrill, nerve-racking whine, and screams sailing away into an endless night. But don't look in the window unless you really want to know!
Made Preliminary Stoker Award Ballot for Best Long Fiction of 1996. The classic Lee hardcore horror novella involves a most demented sex act as backwoods vengeance. Originally written for an aborted short story collection called TERRA DEMENTATA, Lee sold this outrageous piece to Necro Publications. He didn't expect it to sell well. Instead it SOLD OUT and remains a highly sought-after collector's item to this day. HEADER's success, in fact, polarized Lee's hardcore fan-base and is also credited by many of igniting the marketability of small-press novellas as single-project releases. ""Necro had balls publishing this,"" Lee says. ""And I'm damn glad they did 'cos it made me much more actively aware of the size of the small-press horror market."" This is also the first project to stamp Lee as the master of ""redneck"" horror, even after the large mass-market release of ""Mr. Torso,"" in Pocket's HOT BLOOD: DEADLY AFTER DARK. HEADER has also been optioned for film (see www.whatsaheader.com). Lee's novella collection, SEX, DRUGS, & POWER TOOLS contains a reprint of HEADER and THE PIG, plus the never-before-published but just as outrageous THE HORN-CRANKER.",1988.0,Header,100,8.0,89.0,,Synapse films,"Crime,Horror",516.0,4.6,0
342,Snow Angels,Stewart O'Nan,1994,Snow Angels,2007,2005_2009,Historical_Biography,medium,"Snow Angels (1994), Stewart O'Nan",Snow Angels (2007),https://en.wikipedia.org/wiki/List_of_fiction_works_made_into_feature_films_(S%E2%80%93Z),3.5,1425.0,199.0,305.0,0.0,"Arthur Parkinson is fourteen during the dreary winter of 1974, experiencing the confusing pangs of adolescence and the pain of his parents' divorce. His world is shattered further by the sudden and violent death of Annie Marchand, his beloved former baby-sitter. Narrated by the adult Arthur, who continues to be haunted by memories, the story of a young man's unraveling family and the circumstances leading up to Annie's death forms the backdrop for an intimate tale of the price of love and belonging, told in a spare, translucent, and unexpectedly tender voice.",565.0,Snow Angels,100,3.0,107.0,R,Netflix | Warner Independent Pictures,"Crime,Drama,Romance",13456.0,6.8,0
343,The Other Boleyn Girl,Philippa Gregory,2001,The Other Boleyn Girl,2008,2005_2009,Historical_Biography,medium,"The Other Boleyn Girl (2001), Philippa Gregory",The Other Boleyn Girl (2008),https://en.wikipedia.org/wiki/List_of_fiction_works_made_into_feature_films_(K%E2%80%93R),4.04,3711.0,200.0,672.0,1.0,"Everyone knows the fate of Anne Boleyn, but not many know the story of her rise to majesty and the part played by her rival and sister, Mary, who was Henry's mistress and mother to two of his bastard children before the dazzling older Boleyn girl even caught his eye. Philippa Gregory, whose own role as the Queen of historical romance grows more secure with each new novel, has surpassed her self with this epic tale of lust, jealousy and betrayal.
The Other Boleyn Girlcharts the lives of both Boleyns--each in their turn ""the other Boleyn Girl"" - and their fiercely ambitious, conniving family who used the girls as pawns to advance their own positions at the court of Henry VIII. At 13, Mary is little more than a child when she is presented to Henry, ordered by her scheming family to serve her King and country by opening her legs whenever commanded. And while his loins are satisfied, life at court is sweet for the unofficial Queen and her pushy coterie. Inevitably though, the King's eyes soon begin to wander and Mary is overlooked, helpless to do anything but aid her family's plot to advance their fortunes, replace her with Anne and give Henry the greatest gift of all: a son and heir.",1198.0,The Other Boleyn Girl,100,2.0,115.0,PG-13,Netflix | Fórum Hungary,"Biography,Drama,History",126316.0,6.7,0
344,The Girls' Guide to Hunting and Fishing,Melissa Bank,2000,Suburban Girl,2008,2005_2009,Action_Adventure,medium,"The Girls' Guide to Hunting and Fishing (2000), Melissa Bank",Suburban Girl (2008),https://en.wikipedia.org/wiki/List_of_fiction_works_made_into_feature_films_(D%E2%80%93J),3.29,115807.0,2469.0,288.0,0.0,"Hailed by critics as the debut of a major literary voice, The Girls' Guide to Hunting and Fishingdazzled and delighted readers and topped bestseller lists nationwide. Now, in anticipation of her upcoming new work of fiction, The Wonder Spot, Penguin is publishing Melissa Bank's bestseller in a mass-market format to reach an even wider audience.
Generous-hearted and wickedly insightful, The Girls' Guide to Hunting and Fishingmaps the progress of Jane Rosenal as she sets out on a personal and spirited expedition through the perilous terrain of sex, love, and relationships as well as the treacherous waters of the workplace. With an unforgettable comic touch, Bank skillfully teases out issues of the heart, puts a new spin on the mating dance, and captures in perfect pitch what it's like to be a young woman coming of age in America today.",845.0,The Girls' Guide to Hunting and Fishing,100,4.0,97.0,PG-13,Netflix | Image Entertainment,"Comedy,Drama,Romance",7926.0,5.4,0
345,The Lost World,Arthur Conan Doyle,1912,King of the Lost World,2005,2005_2009,Action_Adventure,medium,"The Lost World (1912), Arthur Conan Doyle",King of the Lost World (2005),https://en.wikipedia.org/wiki/List_of_fiction_works_made_into_feature_films_(K%E2%80%93R),3.98,47.0,7.0,,0.0,,0.0,The Lost World,100,12.0,80.0,,Netflix,"Action,Adventure,Fantasy",2076.0,2.5,0
346,The Picture of Dorian Gray,Oscar Wilde,1890,The Picture (of Dorian Gray),2009,2005_2009,Action_Adventure,medium,"The Picture of Dorian Gray (1890), Oscar Wilde",The Picture (of Dorian Gray) (2009),https://en.wikipedia.org/wiki/List_of_fiction_works_made_into_feature_films_(K%E2%80%93R),4.06,8362.0,255.0,224.0,0.0,"Written in his distinctively dazzling manner, Oscar Wilde's story of a fashionable young man who sells his soul for eternal youth and beauty is the author's most popular work. The tale of Dorian Gray's moral disintegration caused a scandal when it first appeared in 1890, but though Wilde was attacked for the novel's corrupting influence, he responded that there is, in fact, ""a terrible moral in Dorian Gray."" Just a few years later, the book and the aesthetic/moral dilemma it presented became issues in the trials occasioned by Wilde's homosexual liaisons, which resulted in his imprisonment. Of Dorian Gray's relationship to autobiography, Wilde noted in a letter, ""Basil Hallward is what I think I am: Lord Henry what the world thinks me: Dorian what I would like to be--in other ages, perhaps.""
This book was converted from its physical edition to the digital format by a community of volunteers. You may find it for free on the web. Purchase of the Kindle edition includes wireless delivery.",999.0,The Picture of Dorian Gray,100,,,,,,,,0
347,The Poseidon Adventure,Paul Gallico,1972,Poseidon,2006,2005_2009,Action_Adventure,medium,"The Poseidon Adventure (1972), Paul Gallico",Poseidon (2006),https://en.wikipedia.org/wiki/List_of_fiction_works_made_into_feature_films_(K%E2%80%93R),3.91,6843.0,79.0,480.0,0.0,"Paul Gallico's classic novel, The Poseidon Adventure, is the exciting story of a luxury ocean liner that capsizes after it is struck by a colossal tidal wave, leaving its survivors to fend for themselves and find a way out. The blockbuster movie remake of this story is sure to make a huge splash and lure readers into this compelling and dramatic novel.",354.0,The Poseidon Adventure,100,5.0,98.0,PG-13,Warner Bros. Entertainment | Netflix,"Action,Adventure,Thriller",115272.0,5.7,0
348,Treasure Island,Robert Louis Stevenson,1883,Pirates of Treasure Island,2006,2005_2009,Action_Adventure,medium,"Treasure Island (1883), Robert Louis Stevenson",Pirates of Treasure Island (2006),https://en.wikipedia.org/wiki/List_of_fiction_works_made_into_feature_films_(S%E2%80%93Z),3.82,581.0,48.0,224.0,0.0,"'I was going to sea myself; in a schooner with pigtailed singing seamen...to seek for buried treasures!'
When a rum-soaked old buccaneer expires at the Admiral Benbow Inn, young Jim Hawkins finds on him the key to Captains Flint's chest. Concealed in the chest is a treasure-map sought by Flint's confederates, including the sinister blind Pew, but Jim manages to outwit them all and secure the map for himself. So begins his seafaring adventure, but mutiny, piracy and bloodshed are to beset Jim and his fellow travellers before the treasure can be found...
Stevenson's tale of high adventure and suspense has captured the imagination of the public since its first publication. With its unforgettable characters and its compelling narrative it continues to enthral generations of readers of all ages.",801.0,Treasure Island,100,6.0,85.0,,Netflix | The Asylum,"Action,Adventure",1207.0,2.3,0
349,The Crime of Father Amaro,José Maria de Eça de Queiroz,1875,O Crime do Padre Amaro,2005,2005_2009,Thriller_Mystery_Crime,medium,"The Crime of Father Amaro (Portuguese: O Crime do Padre Amaro) (1875), José Maria de Eça de Queiroz",O Crime do Padre Amaro (2005),"https://en.wikipedia.org/wiki/List_of_fiction_works_made_into_feature_films_(0%E2%80%939,_A%E2%80%93C)",,,,,,,,,0,,,,Cinemas NOS,,,,0
350,The Da Vinci Code,Dan Brown,2003,The Da Vinci Code,2006,2005_2009,Thriller_Mystery_Crime,medium,"The Da Vinci Code (2003), Dan Brown",The Da Vinci Code (2006),https://en.wikipedia.org/wiki/List_of_fiction_works_made_into_feature_films_(D%E2%80%93J),3.79,695.0,135.0,632.0,1.0,"Saat di Paris, pakar simbologi Harvard, Robert Langdon, menerima telepon tengah malam yang penting. Seorang kurator senior di Museum Louvre terbunuh, dan pesan-pesan rahasia yang mengherankan ditemukan dekat tubuhnya. Ketika Langdon dan seorang kryptolog (pemecah kode) berbakat Prancis, Sophie Neveu, mengupas lapis demi lapis teka-teki aneh itu, mereka terpana menemukan serangkaian petunjuk tersembunyi di balik karya-karya terkenal Leonardo Da Vinci?petunjuk-petunjuk yang tampak agar dilihat semua orang tapi sengaja disamarkan dengan jenius oleh sang pelukis.
Situasi menjadi semakin menegangkan ketika Langdon menemukan sebuah kaitan mengejutkan: mendiang kurator itu terlibat dalam Priory of Sion--sebuah masyarakat rahasia yang nyata, yang beranggotakan antara lain Sir Isaac Newton, Botticelli, Victor Hugo, dan Da Vinci. Langdon dan Sophie menjadi buruan internasional, secara tak terduga harus berhadapan dengan seseorang yang tak tampak tapi amat berkuasa. Mereka harus memecahkan labirin teka-teki itu. Jika gagal, rahasia Priory--sebuah kebenaran kuno yang dapat mengguncang dunia--akan hilang selamanya.",1119.0,The Da Vinci Code,100,5.0,149.0,PG-13,InterCom,"Mystery,Thriller",484126.0,6.7,1
